14:12:14.912 [34mINFO [0;39m [main] [33mWURCSParser[0;39m - Start process for WURCS: WURCS=2.0/2,7,8/[a2112h-1x_1-5][a211h-1x_1-4]/1-1-1-2-1-1-1/a3-b1_b6-c1_c3-d1_c6-e1_e6-f1_f6-g1_a1-b3~n_c1-c6~n
14:12:14.912 [34mINFO [0;39m [main] [33mWURCSParser[0;39m - Start process for WURCS: WURCS=2.0/1,1,1/[a2112A-1a_1-5_6*OC]/1/a1-a4~n
14:12:14.931 [31mWARN [0;39m [main] [33mWURCSParser[0;39m - This WURCS cannot be converted to molecule: WURCS=2.0/2,7,8/[a2112h-1x_1-5][a211h-1x_1-4]/1-1-1-2-1-1-1/a3-b1_b6-c1_c3-d1_c6-e1_e6-f1_f6-g1_a1-b3~n_c1-c6~n
14:12:14.931 [31mWARN [0;39m [main] [33mWURCSParser[0;39m - Because of:
14:12:14.931 [31mWARN [0;39m [main] [33mWURCSParser[0;39m - Incompatible:
The repeating unit cannot be converted to molecule.

14:12:14.931 [31mWARN [0;39m [main] [33mWURCSParser[0;39m - This WURCS cannot be converted to molecule: WURCS=2.0/1,1,1/[a2112A-1a_1-5_6*OC]/1/a1-a4~n
14:12:14.931 [31mWARN [0;39m [main] [33mWURCSParser[0;39m - Because of:
14:12:14.931 [31mWARN [0;39m [main] [33mWURCSParser[0;39m - Incompatible:
The repeating unit cannot be converted to molecule.

14:12:14.936 [34mINFO [0;39m [main] [33mWURCSParser[0;39m - Start process for WURCS: WURCS=2.0/6,9,8/[a2122h-1b_1-5_2*NCC/3=O][a1122h-1b_1-5][a1122h-1a_1-5][a2112h-1b_1-5][Aad21122h-2a_2-6][a1221m-1a_1-5]/1-1-2-3-1-4-5-3-6/a4-b1_a6-i1_b4-c1_c3-d1_c6-h1_d2-e1_e4-f1_f6-g2
14:12:14.936 [34mINFO [0;39m [main] [33mWURCSParser[0;39m - Start process for WURCS: WURCS=2.0/2,2,1/[a2112h-1b_1-5][a2112h-1a_1-5]/1-2/a6-b1
14:12:15.035 [34mINFO [0;39m [main] [33mWURCSParser[0;39m - Start process for WURCS: WURCS=2.0/7,15,14/[a2122h-1x_1-5_2*NCC/3=O][a2122h-1b_1-5_2*NCC/3=O][a1122h-1b_1-5][a1122h-1a_1-5][a2112h-1b_1-5][Aad21122h-2a_2-6_5*NCC/3=O][a1221m-1a_1-5]/1-2-3-4-2-5-6-4-2-5-6-2-5-6-7/a4-b1_a6-o1_b4-c1_c3-d1_c6-h1_d2-e1_e4-f1_f3-g2_h2-i1_h4-l1_i4-j1_j6-k2_l4-m1_m6-n2
14:12:15.062 [34mINFO [0;39m [main] [33mWURCSParser[0;39m - Start process for WURCS: WURCS=2.0/8,8,7/[Aad1122h-2a_2-6][a11221h-1a_1-5][a11221h-1a_1-5_3*OP^XOCCN/3O/3=O][a2122h-1a_1-5_2*NCC/3=O][a2122h-1b_1-5][a2112h-1b_1-?][a2122h-1b_1-5_2*NCC/3=O][a2112h-1b_1-5]/1-2-3-4-5-6-7-8/a5-b1_b3-c1_b4-e1_c2-d1_e4-f1_f3-g1_g4-h1
14:12:15.068 [31mWARN [0;39m [main] [33mWURCSParser[0;39m - This WURCS cannot be converted to molecule: WURCS=2.0/8,8,7/[Aad1122h-2a_2-6][a11221h-1a_1-5][a11221h-1a_1-5_3*OP^XOCCN/3O/3=O][a2122h-1a_1-5_2*NCC/3=O][a2122h-1b_1-5][a2112h-1b_1-?][a2122h-1b_1-5_2*NCC/3=O][a2112h-1b_1-5]/1-2-3-4-5-6-7-8/a5-b1_b3-c1_b4-e1_c2-d1_e4-f1_f3-g1_g4-h1
14:12:15.068 [31mWARN [0;39m [main] [33mWURCSParser[0;39m - Because of:
14:12:15.069 [31mWARN [0;39m [main] [33mWURCSParser[0;39m - Incompatible:
The unknown linkage positions cannot be converted to molecule.
Warning:
The MAP could be normalized.
The validation for the linkages on the MAP can not be checked, because the StarIndices on the MAP may also be changed.

14:12:15.069 [34mINFO [0;39m [main] [33mWURCSParser[0;39m - Start process for WURCS: WURCS=2.0/4,9,8/[a2112h-1a_1-5_2*NCC/3=O][a2112h-1b_1-5][a2112h-1b_1-5_2*NCC/3=O][Aad21122h-2a_2-6_5*NCCO/3=O]/1-2-2-3-4-3-4-4-4/a3-b1_a6-g2_b4-c1_c3-d1_d3-e2_d4-f1_g8-h2_h8-i2
14:12:15.115 [34mINFO [0;39m [main] [33mWURCSParser[0;39m - Start process for WURCS: WURCS=2.0/7,12,15/[a2122h-1x_1-5_2*NCC/3=O][a2122h-1b_1-5_2*NCC/3=O][a1122h-1b_1-5][a1122h-1a_1-5][axxxxh-1x_1-?_2*NCC/3=O][a2112h-1b_1-5][Aad21122h-2a_2-6_5*NCC/3=O]/1-2-3-4-5-6-7-7-4-5-6-7/a4-b1_b4-c1_e4-f1_f3-g2_g8-h2_j4-k1_k3-l2_c?-d1_c?-i1_d?-e1_i?-j1_a?|b?|c?|d?|e?|f?|g?|h?|i?|j?|k?|l?}*OCC/3=O_a?|b?|c?|d?|e?|f?|g?|h?|i?|j?|k?|l?}*OCC/3=O_a?|b?|c?|d?|e?|f?|g?|h?|i?|j?|k?|l?}*OCC/3=O_a?|b?|c?|d?|e?|f?|g?|h?|i?|j?|k?|l?}*OCC/3=O
14:12:15.124 [31mWARN [0;39m [main] [33mWURCSParser[0;39m - This WURCS cannot be converted to molecule: WURCS=2.0/7,12,15/[a2122h-1x_1-5_2*NCC/3=O][a2122h-1b_1-5_2*NCC/3=O][a1122h-1b_1-5][a1122h-1a_1-5][axxxxh-1x_1-?_2*NCC/3=O][a2112h-1b_1-5][Aad21122h-2a_2-6_5*NCC/3=O]/1-2-3-4-5-6-7-7-4-5-6-7/a4-b1_b4-c1_e4-f1_f3-g2_g8-h2_j4-k1_k3-l2_c?-d1_c?-i1_d?-e1_i?-j1_a?|b?|c?|d?|e?|f?|g?|h?|i?|j?|k?|l?}*OCC/3=O_a?|b?|c?|d?|e?|f?|g?|h?|i?|j?|k?|l?}*OCC/3=O_a?|b?|c?|d?|e?|f?|g?|h?|i?|j?|k?|l?}*OCC/3=O_a?|b?|c?|d?|e?|f?|g?|h?|i?|j?|k?|l?}*OCC/3=O
14:12:15.124 [31mWARN [0;39m [main] [33mWURCSParser[0;39m - Because of:
14:12:15.124 [31mWARN [0;39m [main] [33mWURCSParser[0;39m - Incompatible:
The unknown linkage positions cannot be converted to molecule.
The alternative modification cannot be converted to molecule.
Warning:
Too many linkages on the backbone.

14:12:15.125 [34mINFO [0;39m [main] [33mWURCSParser[0;39m - Start process for WURCS: WURCS=2.0/7,18,17/[a2122h-1x_1-5_2*NCC/3=O][a2122h-1b_1-5_2*NCC/3=O][a1122h-1b_1-5][a1122h-1a_1-5][a2112h-1b_1-5][a2112h-1a_1-5][Aad21122h-2a_2-6_5*NCC/3=O]/1-2-3-4-2-5-2-5-4-2-5-6-2-5-6-2-5-7/a4-b1_b4-c1_c3-d1_c6-i1_d2-e1_d4-g1_e4-f1_g4-h1_i2-j1_i4-m1_i6-p1_j4-k1_k4-l1_m4-n1_n4-o1_p4-q1_q6-r2
14:12:15.158 [34mINFO [0;39m [main] [33mWURCSParser[0;39m - Start process for WURCS: WURCS=2.0/2,2,2/[h222h][a2122h-1b_1-5]/1-2/b1-a4%?%_a1-a5*OPO*/3O/3=O~n
14:12:15.161 [31mWARN [0;39m [main] [33mWURCSParser[0;39m - This WURCS cannot be converted to molecule: WURCS=2.0/2,2,2/[h222h][a2122h-1b_1-5]/1-2/b1-a4%?%_a1-a5*OPO*/3O/3=O~n
14:12:15.161 [31mWARN [0;39m [main] [33mWURCSParser[0;39m - Because of:
14:12:15.161 [31mWARN [0;39m [main] [33mWURCSParser[0;39m - Incompatible:
The linkage with probability cannot be converted to molecule.
The repeating unit cannot be converted to molecule.

14:12:15.161 [34mINFO [0;39m [main] [33mWURCSParser[0;39m - Start process for WURCS: WURCS=2.0/2,3,2/[a222h-1b_1-4][Aad1122h-2a_2-6]/1-1-2/a2-b1_b2-c2
14:12:15.166 [34mINFO [0;39m [main] [33mWURCSParser[0;39m - Start process for WURCS: WURCS=2.0/3,9,8/[a212h-1x_1-5][a212h-1b_1-5][a211h-1a_1-4]/1-2-2-3-3-2-3-3-2/a4-b1_b4-c1_c2-d1_c3-e1_c4-f1_f2-g1_f3-h1_f4-i1
14:12:15.179 [34mINFO [0;39m [main] [33mWURCSParser[0;39m - Start process for WURCS: WURCS=2.0/3,14,13/[a2122h-1b_1-5_2*NCC/3=O][a1122h-1b_1-5][a1122h-1a_1-5]/1-2-3-3-3-3-3-3-3-3-3-3-3-3/a4-b1_b3-c1_b6-j1_c2-d1_c6-g1_d2-e1_e3-f1_g2-h1_h3-i1_j3-k1_j6-l1_l2-m1_m3-n1
14:12:15.194 [34mINFO [0;39m [main] [33mWURCSParser[0;39m - Start process for WURCS: WURCS=2.0/2,3,2/[h1122h][ha122h-2b_2-5]/1-2-2/a1-b2_a6-c2
14:12:15.198 [34mINFO [0;39m [main] [33mWURCSParser[0;39m - Start process for WURCS: WURCS=2.0/2,3,2/[u11221h][a11221h-1x_1-5]/1-2-2/a3-b1_b2-c1
14:12:15.199 [31mWARN [0;39m [main] [33mWURCSParser[0;39m - This WURCS cannot be converted to molecule: WURCS=2.0/2,3,2/[u11221h][a11221h-1x_1-5]/1-2-2/a3-b1_b2-c1
14:12:15.199 [31mWARN [0;39m [main] [33mWURCSParser[0;39m - Because of:
14:12:15.199 [31mWARN [0;39m [main] [33mWURCSParser[0;39m - Incompatible:
The carbon with unknown chemical state cannot be converted to molecule.

14:12:15.199 [34mINFO [0;39m [main] [33mWURCSParser[0;39m - Start process for WURCS: WURCS=2.0/2,2,1/[a2112h-1a_1-5][a1221m-1b_1-5]/1-2/a4-b1
14:12:15.202 [34mINFO [0;39m [main] [33mWURCSParser[0;39m - Start process for WURCS: WURCS=2.0/6,13,12/[a2122h-1x_1-5_2*NCC/3=O][a2122h-1b_1-5_2*NCC/3=O][a1122h-1b_1-5][a1122h-1a_1-5][a2112h-1b_1-5][a1221m-1a_1-5]/1-2-3-4-2-5-2-6-5-4-2-5-6/a4-b1_a6-m1_b4-c1_c3-d1_c6-j1_d2-e1_d4-g1_e4-f1_g3-h1_g4-i1_j2-k1_k4-l1
14:12:15.203 [34mINFO [0;39m [main] [33mWURCSParser[0;39m - Start process for WURCS: WURCS=2.0/7,8,7/[a2122h-1a_1-5][a1122h-1b_1-5][a2122h-1b_1-5_2*NCC/3=O][a2112h-1b_1-5_2*NCC/3=O][a2112h-1a_1-5][a2112h-1b_1-5][a2112m-1a_1-5]/1-2-3-4-5-6-7-6/a4-b1_b3-c1_c4-d1_d3-e1_e3-f1_e6-h1_f2-g1
14:12:15.215 [34mINFO [0;39m [main] [33mWURCSParser[0;39m - Start process for WURCS: WURCS=2.0/7,11,10/[a2122h-1x_1-5_2*NCC/3=O][a2122h-1b_1-5_2*NCC/3=O][a1122h-1b_1-5][a1122h-1a_1-5][a1221m-1a_1-5][a2112h-1b_1-5][Aad21122h-2a_2-6_5*NCC/3=O]/1-2-3-4-2-5-6-7-2-4-4/a4-b1_b4-c1_c3-d1_c4-i1_c6-j1_d2-e1_e3-f1_e4-g1_j3-k1_h2-g3|g6
14:12:15.218 [31mWARN [0;39m [main] [33mWURCSParser[0;39m - This WURCS cannot be converted to molecule: WURCS=2.0/7,11,10/[a2122h-1x_1-5_2*NCC/3=O][a2122h-1b_1-5_2*NCC/3=O][a1122h-1b_1-5][a1122h-1a_1-5][a1221m-1a_1-5][a2112h-1b_1-5][Aad21122h-2a_2-6_5*NCC/3=O]/1-2-3-4-2-5-6-7-2-4-4/a4-b1_b4-c1_c3-d1_c4-i1_c6-j1_d2-e1_e3-f1_e4-g1_j3-k1_h2-g3|g6
14:12:15.218 [31mWARN [0;39m [main] [33mWURCSParser[0;39m - Because of:
14:12:15.218 [31mWARN [0;39m [main] [33mWURCSParser[0;39m - Incompatible:
The alternative linkage positions cannot be converted to molecule.

14:12:15.219 [34mINFO [0;39m [main] [33mWURCSParser[0;39m - Start process for WURCS: WURCS=2.0/5,13,12/[h2112h_2*NCC/3=O][a2112h-1b_1-5][a2122h-1b_1-5_2*NCC/3=O][a1221m-1a_1-5][a2112h-1a_1-5_2*NCC/3=O]/1-2-3-2-3-2-4-5-3-2-4-4-2/a3-b1_a6-m1_b3-c1_f2-g1_f3-h1_j2-k1_d1-c3|c4_e1-d3|d6_f1-e3|e4_i1-d3|d6_j1-i3|i4_l1-i3|i4
14:12:15.222 [31mWARN [0;39m [main] [33mWURCSParser[0;39m - This WURCS cannot be converted to molecule: WURCS=2.0/5,13,12/[h2112h_2*NCC/3=O][a2112h-1b_1-5][a2122h-1b_1-5_2*NCC/3=O][a1221m-1a_1-5][a2112h-1a_1-5_2*NCC/3=O]/1-2-3-2-3-2-4-5-3-2-4-4-2/a3-b1_a6-m1_b3-c1_f2-g1_f3-h1_j2-k1_d1-c3|c4_e1-d3|d6_f1-e3|e4_i1-d3|d6_j1-i3|i4_l1-i3|i4
14:12:15.222 [31mWARN [0;39m [main] [33mWURCSParser[0;39m - Because of:
14:12:15.222 [31mWARN [0;39m [main] [33mWURCSParser[0;39m - Incompatible:
The alternative linkage positions cannot be converted to molecule.

14:12:15.223 [34mINFO [0;39m [main] [33mWURCSParser[0;39m - Start process for WURCS: WURCS=2.0/4,6,5/[h2112h_2*NCC/3=O][a2112h-1b_1-5_6*OSO/3=O/3=O][a2122h-1b_1-5_2*NCC/3=O][a2112h-1b_1-5]/1-2-3-4-3-4/a3-b1_a6-c1_c4-d1_d3-e1_e4-f1
14:12:15.224 [34mINFO [0;39m [main] [33mWURCSParser[0;39m - Start process for WURCS: WURCS=2.0/1,11,11/[a2122h-1a_1-5]/1-1-1-1-1-1-1-1-1-1-1/a1-g4_a4-b1_b4-c1_c4-d1_d4-e1_e4-f1_f4-g1_g6-h1_h4-i1_i6-j1_j4-k1
14:12:15.231 [34mINFO [0;39m [main] [33mWURCSParser[0;39m - Start process for WURCS: WURCS=2.0/3,5,4/[a2122h-1x_1-5][a2122h-1a_1-5][a2122h-1a_1-5_4*OC]/1-2-2-2-3/a4-b1_b4-c1_c4-d1_d4-e1
14:12:15.237 [34mINFO [0;39m [main] [33mWURCSParser[0;39m - Start process for WURCS: WURCS=2.0/8,19,18/[a2122h-1x_1-5_2*NCC/3=O][a2122h-1b_1-5_2*NCC/3=O][a1122h-1b_1-5][a1122h-1a_1-5][a2112h-1b_1-5][Aad21122h-2a_2-6_5*NCCO/3=O][Aad21122h-2a_2-6_5*NCC/3=O][a1221m-1a_1-5]/1-2-3-4-2-5-6-2-5-2-4-2-5-2-5-7-2-5-8/a4-b1_a6-s1_b4-c1_c3-d1_c4-j1_c6-k1_d2-e1_d4-h1_e4-f1_h4-i1_k2-l1_k6-q1_l4-m1_m3-n1_n4-o1_q4-r1_g2-f3|f6_p2-o3|o6
14:12:15.246 [34mINFO [0;39m [main] [33mWURCSParser[0;39m - Start process for WURCS: WURCS=2.0/9,20,19/[a2122h-1x_1-5_2*NCC/3=O][a2122h-1b_1-5_2*NCC/3=O][a1122h-1b_1-5][a1122h-1a_1-5][a1221m-1a_1-5][a2112h-1b_1-5][a2112h-1a_1-5][Aad21122h-2a_2-6_5*NCCO/3=O][Aad21122h-2a_2-6_5*NCC/3=O]/1-2-3-4-2-5-6-7-2-6-8-4-2-6-8-9-2-5-6-9/a4-b1_b4-c1_c3-d1_c6-l1_d2-e1_d4-i1_e3-f1_e4-g1_g3-h1_i4-j1_l2-m1_l6-q1_m4-n1_o8-p2_q3-r1_q4-s1_k2-j3|j6_o2-n3|n6_t2-s3|s6
14:12:15.246 [31mWARN [0;39m [main] [33mWURCSParser[0;39m - This WURCS cannot be converted to molecule: WURCS=2.0/8,19,18/[a2122h-1x_1-5_2*NCC/3=O][a2122h-1b_1-5_2*NCC/3=O][a1122h-1b_1-5][a1122h-1a_1-5][a2112h-1b_1-5][Aad21122h-2a_2-6_5*NCCO/3=O][Aad21122h-2a_2-6_5*NCC/3=O][a1221m-1a_1-5]/1-2-3-4-2-5-6-2-5-2-4-2-5-2-5-7-2-5-8/a4-b1_a6-s1_b4-c1_c3-d1_c4-j1_c6-k1_d2-e1_d4-h1_e4-f1_h4-i1_k2-l1_k6-q1_l4-m1_m3-n1_n4-o1_q4-r1_g2-f3|f6_p2-o3|o6
14:12:15.246 [31mWARN [0;39m [main] [33mWURCSParser[0;39m - Because of:
14:12:15.246 [31mWARN [0;39m [main] [33mWURCSParser[0;39m - Incompatible:
The alternative linkage positions cannot be converted to molecule.

14:12:15.246 [34mINFO [0;39m [main] [33mWURCSParser[0;39m - Start process for WURCS: WURCS=2.0/4,9,8/[h2112h_2*NCC/3=O][a2112h-1b_1-5][Aad21122h-2a_2-6_5*NCC/3=O][a2122h-1b_1-5_2*NCC/3=O]/1-2-3-4-2-4-2-4-2/a3-b1_a6-d1_b3-c2_d4-e1_e3-f1_e6-h1_f3-g1_h4-i1
14:12:15.250 [31mWARN [0;39m [main] [33mWURCSParser[0;39m - This WURCS cannot be converted to molecule: WURCS=2.0/9,20,19/[a2122h-1x_1-5_2*NCC/3=O][a2122h-1b_1-5_2*NCC/3=O][a1122h-1b_1-5][a1122h-1a_1-5][a1221m-1a_1-5][a2112h-1b_1-5][a2112h-1a_1-5][Aad21122h-2a_2-6_5*NCCO/3=O][Aad21122h-2a_2-6_5*NCC/3=O]/1-2-3-4-2-5-6-7-2-6-8-4-2-6-8-9-2-5-6-9/a4-b1_b4-c1_c3-d1_c6-l1_d2-e1_d4-i1_e3-f1_e4-g1_g3-h1_i4-j1_l2-m1_l6-q1_m4-n1_o8-p2_q3-r1_q4-s1_k2-j3|j6_o2-n3|n6_t2-s3|s6
14:12:15.251 [31mWARN [0;39m [main] [33mWURCSParser[0;39m - Because of:
14:12:15.251 [31mWARN [0;39m [main] [33mWURCSParser[0;39m - Incompatible:
The alternative linkage positions cannot be converted to molecule.

14:12:15.251 [34mINFO [0;39m [main] [33mWURCSParser[0;39m - Start process for WURCS: WURCS=2.0/2,3,3/[a2211m-1a_1-5][a2112h-1b_1-5]/1-2-2/a4-b1_b4-c1_a1-a2~n
14:12:15.251 [31mWARN [0;39m [main] [33mWURCSParser[0;39m - This WURCS cannot be converted to molecule: WURCS=2.0/2,3,3/[a2211m-1a_1-5][a2112h-1b_1-5]/1-2-2/a4-b1_b4-c1_a1-a2~n
14:12:15.251 [31mWARN [0;39m [main] [33mWURCSParser[0;39m - Because of:
14:12:15.251 [31mWARN [0;39m [main] [33mWURCSParser[0;39m - Incompatible:
The repeating unit cannot be converted to molecule.

14:12:15.251 [34mINFO [0;39m [main] [33mWURCSParser[0;39m - Start process for WURCS: WURCS=2.0/7,14,13/[a2122h-1x_1-5_2*NCC/3=O][a2122h-1b_1-5_2*NCC/3=O][a1122h-1b_1-5][a1122h-1a_1-5][a1221m-1a_1-5][a2112h-1b_1-5][Aad21122h-2a_2-6_5*NCC/3=O]/1-2-3-4-2-5-6-7-2-4-2-5-2-6/a4-b1_a6-l1_b4-c1_c3-d1_c4-i1_c6-j1_d2-e1_e3-f1_e4-g1_j2-k1_m4-n1_h2-g3|g6_m1-d4|d6|j4|j6}
14:12:15.255 [31mWARN [0;39m [main] [33mWURCSParser[0;39m - This WURCS cannot be converted to molecule: WURCS=2.0/7,14,13/[a2122h-1x_1-5_2*NCC/3=O][a2122h-1b_1-5_2*NCC/3=O][a1122h-1b_1-5][a1122h-1a_1-5][a1221m-1a_1-5][a2112h-1b_1-5][Aad21122h-2a_2-6_5*NCC/3=O]/1-2-3-4-2-5-6-7-2-4-2-5-2-6/a4-b1_a6-l1_b4-c1_c3-d1_c4-i1_c6-j1_d2-e1_e3-f1_e4-g1_j2-k1_m4-n1_h2-g3|g6_m1-d4|d6|j4|j6}
14:12:15.255 [31mWARN [0;39m [main] [33mWURCSParser[0;39m - Because of:
14:12:15.255 [31mWARN [0;39m [main] [33mWURCSParser[0;39m - Incompatible:
The alternative linkage positions cannot be converted to molecule.
The alternative modification cannot be converted to molecule.

14:12:15.255 [34mINFO [0;39m [main] [33mWURCSParser[0;39m - Start process for WURCS: WURCS=2.0/5,13,12/[a2122h-1b_1-5_2*NCC/3=O][a1122h-1b_1-5][a1122h-1a_1-5][a2112h-1b_1-5][Aad21122h-2a_2-6_5*NCC/3=O_9*OCC/3=O]/1-1-2-3-1-4-5-1-4-3-1-4-5/a4-b1_b4-c1_c3-d1_c6-j1_d2-e1_d4-h1_e4-f1_f6-g2_h4-i1_j2-k1_k4-l1_l6-m2
14:12:15.258 [34mINFO [0;39m [main] [33mWURCSParser[0;39m - Start process for WURCS: WURCS=2.0/3,4,3/[a1122h-1b_1-5][a1122m-1a_1-5][a222h-1a_1-4]/1-1-2-3/a4-b1_b3-c1_b4-d1
14:12:15.262 [34mINFO [0;39m [main] [33mWURCSParser[0;39m - Start process for WURCS: WURCS=2.0/4,5,4/[a2122h-1b_1-5_2*NCC/3=O][a1221m-1a_1-5][a2122A-1a_1-5][a2122h-1a_1-5_2*NCC/3=O]/1-2-3-4-2/a3-b1_b3-c1_c4-d1_d3-e1
14:12:15.268 [34mINFO [0;39m [main] [33mWURCSParser[0;39m - Start process for WURCS: WURCS=2.0/4,7,6/[a2112h-1x_1-5_2*NCC/3=O][a2122h-1b_1-5_2*NCC/3=O][a2112h-1b_1-5][a1221m-1a_1-5]/1-2-3-4-2-3-4/a3-b1_a6-e1_b3-c1_c2-d1_e4-f1_f2-g1
14:12:15.275 [34mINFO [0;39m [main] [33mWURCSParser[0;39m - Start process for WURCS: WURCS=2.0/5,7,6/[a2122h-1x_1-5_2*NCC/3=O][a2122h-1b_1-5_2*NCC/3=O][a1122h-1b_1-5][a212h-1b_1-5][a1122h-1a_1-5]/1-2-3-4-5-5-5/a4-b1_b4-c1_c3-e1_c6-f1_c?-d1_g1-e?|f?}
14:12:15.277 [31mWARN [0;39m [main] [33mWURCSParser[0;39m - This WURCS cannot be converted to molecule: WURCS=2.0/5,7,6/[a2122h-1x_1-5_2*NCC/3=O][a2122h-1b_1-5_2*NCC/3=O][a1122h-1b_1-5][a212h-1b_1-5][a1122h-1a_1-5]/1-2-3-4-5-5-5/a4-b1_b4-c1_c3-e1_c6-f1_c?-d1_g1-e?|f?}
14:12:15.277 [31mWARN [0;39m [main] [33mWURCSParser[0;39m - Because of:
14:12:15.277 [31mWARN [0;39m [main] [33mWURCSParser[0;39m - Incompatible:
The unknown linkage positions cannot be converted to molecule.
The alternative modification cannot be converted to molecule.

14:12:15.277 [34mINFO [0;39m [main] [33mWURCSParser[0;39m - Start process for WURCS: WURCS=2.0/2,7,6/[u2122h_2*N][a2122h-1b_1-5_2*N]/1-2-2-2-2-2-2/a4-b1_b4-c1_c4-d1_d4-e1_e4-f1_f4-g1
14:12:15.278 [31mWARN [0;39m [main] [33mWURCSParser[0;39m - This WURCS cannot be converted to molecule: WURCS=2.0/2,7,6/[u2122h_2*N][a2122h-1b_1-5_2*N]/1-2-2-2-2-2-2/a4-b1_b4-c1_c4-d1_d4-e1_e4-f1_f4-g1
14:12:15.279 [31mWARN [0;39m [main] [33mWURCSParser[0;39m - Because of:
14:12:15.279 [31mWARN [0;39m [main] [33mWURCSParser[0;39m - Incompatible:
The carbon with unknown chemical state cannot be converted to molecule.

14:12:15.279 [34mINFO [0;39m [main] [33mWURCSParser[0;39m - Start process for WURCS: WURCS=2.0/2,2,1/[a1122h-1b_1-5_2*Cl_6*Cl][ha122h-2b_2-5_1*Cl_6*Cl]/1-2/a1-b2
14:12:15.280 [34mINFO [0;39m [main] [33mWURCSParser[0;39m - Start process for WURCS: WURCS=2.0/2,9,8/[a2122h-1x_1-5][a2122h-1a_1-5]/1-2-2-2-2-2-2-2-2/a6-b1_b6-c1_c6-d1_d6-e1_e6-f1_f6-g1_g6-h1_h6-i1
14:12:15.281 [34mINFO [0;39m [main] [33mWURCSParser[0;39m - Start process for WURCS: WURCS=2.0/4,9,8/[a2112h-1b_1-5][a2122h-1b_1-5_2*NCC/3=O][a1221m-1a_1-5][Aad21122h-2a_2-6_5*NCC/3=O]/1-2-1-2-1-2-3-1-4/a3-b1_b4-c1_c3-d1_d4-e1_e3-f1_f3-g1_f4-h1_h3-i2
14:12:15.288 [34mINFO [0;39m [main] [33mWURCSParser[0;39m - Start process for WURCS: WURCS=2.0/7,13,12/[a2122h-1x_1-5_2*NCC/3=O][a2122h-1b_1-5_2*NCC/3=O][a1122h-1b_1-5][a1122h-1a_1-5][a2112h-1b_1-5][a1221m-1a_1-5][Aad21122h-2a_2-6_5*NCC/3=O]/1-2-3-4-2-5-2-5-4-2-5-6-7/a4-b1_a6-l1_b4-c1_d2-e1_d4-g1_e4-f1_g4-h1_i2-j1_j4-k1_d1-c3|c6_i1-c3|c6_m1-f6|h6|k6}
14:12:15.291 [31mWARN [0;39m [main] [33mWURCSParser[0;39m - This WURCS cannot be converted to molecule: WURCS=2.0/7,13,12/[a2122h-1x_1-5_2*NCC/3=O][a2122h-1b_1-5_2*NCC/3=O][a1122h-1b_1-5][a1122h-1a_1-5][a2112h-1b_1-5][a1221m-1a_1-5][Aad21122h-2a_2-6_5*NCC/3=O]/1-2-3-4-2-5-2-5-4-2-5-6-7/a4-b1_a6-l1_b4-c1_d2-e1_d4-g1_e4-f1_g4-h1_i2-j1_j4-k1_d1-c3|c6_i1-c3|c6_m1-f6|h6|k6}
14:12:15.291 [31mWARN [0;39m [main] [33mWURCSParser[0;39m - Because of:
14:12:15.291 [31mWARN [0;39m [main] [33mWURCSParser[0;39m - Incompatible:
The alternative linkage positions cannot be converted to molecule.
The alternative modification cannot be converted to molecule.

14:12:15.291 [34mINFO [0;39m [main] [33mWURCSParser[0;39m - Start process for WURCS: WURCS=2.0/3,12,16/[a212h-1b_1-5][a2112h-1b_1-5][a211h-1a_1-4]/1-2-2-2-2-2-3-3-2-2-2-2/a4-b1_b3-c1_b6-l1_c3-d1_c6-i1_d3-e1_d6-f1_f6-g1_g3-h1_i3-j1_j3-k1_a1-a4~n_a1-e3~n_b1-b3~n_c1-c3~n_d1-d3~n
14:12:15.292 [34mINFO [0;39m [main] [33mWURCSParser[0;39m - Start process for WURCS: WURCS=2.0/4,12,11/[a2122h-1x_1-5_2*NCC/3=O][a1122h-1x_1-5][axxxxh-1x_1-5_2*NCC/3=O][a1221m-1x_1-5]/1-1-2-2-3-3-3-3-2-3-3-4/a?-b1_a?-l1_b?-c1_c?-d1_c?-i1_d?-e1_e?-f1_f?-g1_g?-h1_i?-j1_j?-k1
14:12:15.293 [31mWARN [0;39m [main] [33mWURCSParser[0;39m - This WURCS cannot be converted to molecule: WURCS=2.0/3,12,16/[a212h-1b_1-5][a2112h-1b_1-5][a211h-1a_1-4]/1-2-2-2-2-2-3-3-2-2-2-2/a4-b1_b3-c1_b6-l1_c3-d1_c6-i1_d3-e1_d6-f1_f6-g1_g3-h1_i3-j1_j3-k1_a1-a4~n_a1-e3~n_b1-b3~n_c1-c3~n_d1-d3~n
14:12:15.293 [31mWARN [0;39m [main] [33mWURCSParser[0;39m - Because of:
14:12:15.293 [31mWARN [0;39m [main] [33mWURCSParser[0;39m - Incompatible:
The repeating unit cannot be converted to molecule.

14:12:15.293 [34mINFO [0;39m [main] [33mWURCSParser[0;39m - Start process for WURCS: WURCS=2.0/3,3,2/[u2112h_2*NCC/3=O][a2112h-1b_1-5][Aad21122h-2b_2-6_5*NCC/3=O]/1-2-3/a3-b1_b3-c2
14:12:15.294 [31mWARN [0;39m [main] [33mWURCSParser[0;39m - This WURCS cannot be converted to molecule: WURCS=2.0/3,3,2/[u2112h_2*NCC/3=O][a2112h-1b_1-5][Aad21122h-2b_2-6_5*NCC/3=O]/1-2-3/a3-b1_b3-c2
14:12:15.294 [31mWARN [0;39m [main] [33mWURCSParser[0;39m - Because of:
14:12:15.294 [31mWARN [0;39m [main] [33mWURCSParser[0;39m - Incompatible:
The carbon with unknown chemical state cannot be converted to molecule.

14:12:15.294 [34mINFO [0;39m [main] [33mWURCSParser[0;39m - Start process for WURCS: WURCS=2.0/5,5,4/[a2112h-1x_1-5_2*NCC/3=O][a2112h-1b_1-5][a1221m-1a_1-5][a2112h-1a_1-5_2*NCC/3=O][Aad21122h-2a_2-6_5*NCC/3=O]/1-2-3-4-5/a3-b1_a6-e2_b2-c1_b3-d1
14:12:15.294 [31mWARN [0;39m [main] [33mWURCSParser[0;39m - This WURCS cannot be converted to molecule: WURCS=2.0/4,12,11/[a2122h-1x_1-5_2*NCC/3=O][a1122h-1x_1-5][axxxxh-1x_1-5_2*NCC/3=O][a1221m-1x_1-5]/1-1-2-2-3-3-3-3-2-3-3-4/a?-b1_a?-l1_b?-c1_c?-d1_c?-i1_d?-e1_e?-f1_f?-g1_g?-h1_i?-j1_j?-k1
14:12:15.294 [31mWARN [0;39m [main] [33mWURCSParser[0;39m - Because of:
14:12:15.294 [31mWARN [0;39m [main] [33mWURCSParser[0;39m - Incompatible:
The unknown linkage positions cannot be converted to molecule.

14:12:15.295 [34mINFO [0;39m [main] [33mWURCSParser[0;39m - Start process for WURCS: WURCS=2.0/2,3,2/[u3344h][a2112A-1x_1-5]/1-2-2/a6-b1_b4-c1
14:12:15.295 [31mWARN [0;39m [main] [33mWURCSParser[0;39m - This WURCS cannot be converted to molecule: WURCS=2.0/2,3,2/[u3344h][a2112A-1x_1-5]/1-2-2/a6-b1_b4-c1
14:12:15.295 [31mWARN [0;39m [main] [33mWURCSParser[0;39m - Because of:
14:12:15.295 [31mWARN [0;39m [main] [33mWURCSParser[0;39m - Incompatible:
The carbon with unknown chemical state cannot be converted to molecule.
The carbon(s) with relative stereochemistry cannot be converted to molecule.

14:12:15.295 [34mINFO [0;39m [main] [33mWURCSParser[0;39m - Start process for WURCS: WURCS=2.0/5,9,8/[a2112h-1x_1-5_2*NCC/3=O][a2122h-1x_1-5_2*NCC/3=O][a2112h-1x_1-5][a1221m-1x_1-5][Aad21122h-2x_2-6_5*NCC/3=O]/1-2-3-2-3-4-3-5-4/a?-b1_a?-g1_b?-c1_b?-f1_c?-d1_d?-e1_g?-h2_i?-a?|b?|c?|d?|e?|f?|g?|h?}
14:12:15.297 [31mWARN [0;39m [main] [33mWURCSParser[0;39m - This WURCS cannot be converted to molecule: WURCS=2.0/5,9,8/[a2112h-1x_1-5_2*NCC/3=O][a2122h-1x_1-5_2*NCC/3=O][a2112h-1x_1-5][a1221m-1x_1-5][Aad21122h-2x_2-6_5*NCC/3=O]/1-2-3-2-3-4-3-5-4/a?-b1_a?-g1_b?-c1_b?-f1_c?-d1_d?-e1_g?-h2_i?-a?|b?|c?|d?|e?|f?|g?|h?}
14:12:15.297 [31mWARN [0;39m [main] [33mWURCSParser[0;39m - Because of:
14:12:15.297 [31mWARN [0;39m [main] [33mWURCSParser[0;39m - Incompatible:
The unknown linkage positions cannot be converted to molecule.
The alternative modification cannot be converted to molecule.

14:12:15.298 [34mINFO [0;39m [main] [33mWURCSParser[0;39m - Start process for WURCS: WURCS=2.0/3,3,2/[ha122h-2b_2-5][a2122h-1a_1-5][a2112h-1b_1-5]/1-2-3/a2-b1_b6-c1
14:12:15.299 [34mINFO [0;39m [main] [33mWURCSParser[0;39m - Start process for WURCS: WURCS=2.0/3,4,3/[a2211m-1a_1-5][a2122h-1b_1-5_2*NCC/3=O][a2122h-1a_1-5]/1-2-1-3/a2-b1_a3-d1_b3-c1
14:12:15.300 [34mINFO [0;39m [main] [33mWURCSParser[0;39m - Start process for WURCS: WURCS=2.0/3,3,3/[a2122A-1b_1-5_2*NCC/3=O_3*N][a2122m-1a_1-5_2*NCC/3=O][a1221A-1a_1-5_2*NCC/3=O]/1-2-3/a4-b1_b3-c1_a1-c4~n
14:12:15.301 [31mWARN [0;39m [main] [33mWURCSParser[0;39m - This WURCS cannot be converted to molecule: WURCS=2.0/3,3,3/[a2122A-1b_1-5_2*NCC/3=O_3*N][a2122m-1a_1-5_2*NCC/3=O][a1221A-1a_1-5_2*NCC/3=O]/1-2-3/a4-b1_b3-c1_a1-c4~n
14:12:15.301 [31mWARN [0;39m [main] [33mWURCSParser[0;39m - Because of:
14:12:15.301 [31mWARN [0;39m [main] [33mWURCSParser[0;39m - Incompatible:
The repeating unit cannot be converted to molecule.

14:12:15.301 [34mINFO [0;39m [main] [33mWURCSParser[0;39m - Start process for WURCS: WURCS=2.0/2,2,1/[h1122h_2*N][a2122A-1a_1-5]/1-2/a6-b1
14:12:15.302 [34mINFO [0;39m [main] [33mWURCSParser[0;39m - Start process for WURCS: WURCS=2.0/9,21,20/[a2122h-1x_1-5_2*NCC/3=O][a2122h-1b_1-5_2*NCC/3=O][a1122h-1b_1-5][a1122h-1a_1-5][a1221m-1a_1-5][a2112h-1b_1-5][a2112h-1a_1-5][Aad21122h-2a_2-6_5*NCCO/3=O][Aad21122h-2a_2-6_5*NCC/3=O]/1-2-3-4-2-5-6-7-2-6-8-4-2-6-8-8-2-5-6-9-5/a4-b1_a6-u1_b4-c1_c3-d1_c6-l1_d2-e1_d4-i1_e3-f1_e4-g1_g3-h1_i4-j1_l2-m1_l6-q1_m4-n1_o8-p2_q3-r1_q4-s1_k2-j3|j6_o2-n3|n6_t2-s3|s6
14:12:15.303 [34mINFO [0;39m [main] [33mWURCSParser[0;39m - Start process for WURCS: WURCS=2.0/1,3,2/[a1122h-1a_1-5]/1-1-1/a2-b1_a4-c1
14:12:15.305 [34mINFO [0;39m [main] [33mWURCSParser[0;39m - Start process for WURCS: WURCS=2.0/6,20,19/[u2122h_2*NCC/3=O][a1122h-1b_1-5][a1122h-1a_1-5][a2122h-1b_1-5_2*NCC/3=O][a2112h-1b_1-5][a2112h-1a_1-5]/1-2-3-4-5-4-5-6-4-5-6-3-4-5-4-5-6-4-5-6/a4-b1_b3-c1_b6-l1_c2-d1_d4-e1_e3-f1_e6-i1_f4-g1_g3-h1_i4-j1_j3-k1_l2-m1_m4-n1_n3-o1_n6-r1_o4-p1_p3-q1_r4-s1_s3-t1
14:12:15.307 [31mWARN [0;39m [main] [33mWURCSParser[0;39m - This WURCS cannot be converted to molecule: WURCS=2.0/9,21,20/[a2122h-1x_1-5_2*NCC/3=O][a2122h-1b_1-5_2*NCC/3=O][a1122h-1b_1-5][a1122h-1a_1-5][a1221m-1a_1-5][a2112h-1b_1-5][a2112h-1a_1-5][Aad21122h-2a_2-6_5*NCCO/3=O][Aad21122h-2a_2-6_5*NCC/3=O]/1-2-3-4-2-5-6-7-2-6-8-4-2-6-8-8-2-5-6-9-5/a4-b1_a6-u1_b4-c1_c3-d1_c6-l1_d2-e1_d4-i1_e3-f1_e4-g1_g3-h1_i4-j1_l2-m1_l6-q1_m4-n1_o8-p2_q3-r1_q4-s1_k2-j3|j6_o2-n3|n6_t2-s3|s6
14:12:15.307 [31mWARN [0;39m [main] [33mWURCSParser[0;39m - Because of:
14:12:15.307 [31mWARN [0;39m [main] [33mWURCSParser[0;39m - Incompatible:
The alternative linkage positions cannot be converted to molecule.

14:12:15.307 [34mINFO [0;39m [main] [33mWURCSParser[0;39m - Start process for WURCS: WURCS=2.0/4,4,3/[ad222m-1x_1-5][ad122m-1b_1-5][ad222m-1b_1-5][ad222m-1b_1-5_3*OC]/1-2-3-4/a4-b1_b4-c1_c4-d1
14:12:15.309 [31mWARN [0;39m [main] [33mWURCSParser[0;39m - This WURCS cannot be converted to molecule: WURCS=2.0/6,20,19/[u2122h_2*NCC/3=O][a1122h-1b_1-5][a1122h-1a_1-5][a2122h-1b_1-5_2*NCC/3=O][a2112h-1b_1-5][a2112h-1a_1-5]/1-2-3-4-5-4-5-6-4-5-6-3-4-5-4-5-6-4-5-6/a4-b1_b3-c1_b6-l1_c2-d1_d4-e1_e3-f1_e6-i1_f4-g1_g3-h1_i4-j1_j3-k1_l2-m1_m4-n1_n3-o1_n6-r1_o4-p1_p3-q1_r4-s1_s3-t1
14:12:15.309 [31mWARN [0;39m [main] [33mWURCSParser[0;39m - Because of:
14:12:15.309 [31mWARN [0;39m [main] [33mWURCSParser[0;39m - Incompatible:
The carbon with unknown chemical state cannot be converted to molecule.

14:12:15.309 [34mINFO [0;39m [main] [33mWURCSParser[0;39m - Start process for WURCS: WURCS=2.0/2,3,2/[u1122h][a2122h-1b_1-5_2*NCC/3=O]/1-2-2/a2-b1_a3-c1
14:12:15.309 [34mINFO [0;39m [main] [33mWURCSParser[0;39m - Start process for WURCS: WURCS=2.0/7,21,20/[a2122h-1x_1-5_2*NCC/3=O][a2122h-1b_1-5_2*NCC/3=O][a1122h-1b_1-5][a1122h-1a_1-5][a1221m-1a_1-5][a2112h-1b_1-5][Aad21122h-2a_2-6_5*NCC/3=O]/1-2-3-4-2-5-6-2-5-6-7-2-6-2-5-6-7-2-4-4-4/a4-b1_b4-c1_c3-d1_c4-r1_c6-s1_d2-e1_d4-l1_e3-f1_e4-g1_g3-h1_h3-i1_h4-j1_l4-m1_m3-n1_n3-o1_n4-p1_s3-t1_s6-u1_k2-j3|j6_q2-p3|p6
14:12:15.310 [31mWARN [0;39m [main] [33mWURCSParser[0;39m - This WURCS cannot be converted to molecule: WURCS=2.0/2,3,2/[u1122h][a2122h-1b_1-5_2*NCC/3=O]/1-2-2/a2-b1_a3-c1
14:12:15.310 [31mWARN [0;39m [main] [33mWURCSParser[0;39m - Because of:
14:12:15.310 [31mWARN [0;39m [main] [33mWURCSParser[0;39m - Incompatible:
The carbon with unknown chemical state cannot be converted to molecule.

14:12:15.310 [34mINFO [0;39m [main] [33mWURCSParser[0;39m - Start process for WURCS: WURCS=2.0/2,5,4/[a2122h-1x_1-5_2*NCC/3=O][a1122h-1x_1-5]/1-1-2-2-2/a?-b1_b?-c1_c?-d1_c?-e1
14:12:15.311 [31mWARN [0;39m [main] [33mWURCSParser[0;39m - This WURCS cannot be converted to molecule: WURCS=2.0/2,5,4/[a2122h-1x_1-5_2*NCC/3=O][a1122h-1x_1-5]/1-1-2-2-2/a?-b1_b?-c1_c?-d1_c?-e1
14:12:15.311 [31mWARN [0;39m [main] [33mWURCSParser[0;39m - Because of:
14:12:15.311 [31mWARN [0;39m [main] [33mWURCSParser[0;39m - Incompatible:
The unknown linkage positions cannot be converted to molecule.

14:12:15.311 [34mINFO [0;39m [main] [33mWURCSParser[0;39m - Start process for WURCS: WURCS=2.0/5,18,17/[a2122h-1x_1-5_2*NCC/3=O][a1122h-1x_1-5][a2112h-1x_1-5][Aad21122h-2x_2-6_5*NCC/3=O][a1221m-1x_1-5]/1-1-2-2-1-3-3-1-3-3-2-1-3-4-1-3-4-5/a?-b1_a?-r1_b?-c1_c?-d1_c?-k1_d?-e1_d?-h1_e?-f1_f?-g1_h?-i1_i?-j1_k?-l1_k?-o1_l?-m1_m?-n2_o?-p1_p?-q2
14:12:15.314 [31mWARN [0;39m [main] [33mWURCSParser[0;39m - This WURCS cannot be converted to molecule: WURCS=2.0/7,21,20/[a2122h-1x_1-5_2*NCC/3=O][a2122h-1b_1-5_2*NCC/3=O][a1122h-1b_1-5][a1122h-1a_1-5][a1221m-1a_1-5][a2112h-1b_1-5][Aad21122h-2a_2-6_5*NCC/3=O]/1-2-3-4-2-5-6-2-5-6-7-2-6-2-5-6-7-2-4-4-4/a4-b1_b4-c1_c3-d1_c4-r1_c6-s1_d2-e1_d4-l1_e3-f1_e4-g1_g3-h1_h3-i1_h4-j1_l4-m1_m3-n1_n3-o1_n4-p1_s3-t1_s6-u1_k2-j3|j6_q2-p3|p6
14:12:15.314 [31mWARN [0;39m [main] [33mWURCSParser[0;39m - Because of:
14:12:15.314 [31mWARN [0;39m [main] [33mWURCSParser[0;39m - Incompatible:
The alternative linkage positions cannot be converted to molecule.

14:12:15.314 [34mINFO [0;39m [main] [33mWURCSParser[0;39m - Start process for WURCS: WURCS=2.0/8,17,16/[a2122h-1x_1-5_2*NCC/3=O][a2122h-1b_1-5_2*NCC/3=O][a1122h-1b_1-5][a1122h-1a_1-5][a1221m-1a_1-5][a2112h-1b_1-5][Aad21122h-2a_2-6_5*NCC/3=O][a2112h-1b_1-5_2*NCC/3=O]/1-2-3-4-2-5-6-7-2-4-2-5-8-2-5-6-7/a4-b1_b4-c1_c3-d1_c4-i1_c6-j1_d2-e1_e3-f1_e4-g1_j2-k1_k3-l1_k4-m1_n3-o1_n4-p1_h2-g3|g6_q2-p3|p6_n1-d4|d6|j4|j6}
14:12:15.316 [31mWARN [0;39m [main] [33mWURCSParser[0;39m - This WURCS cannot be converted to molecule: WURCS=2.0/5,18,17/[a2122h-1x_1-5_2*NCC/3=O][a1122h-1x_1-5][a2112h-1x_1-5][Aad21122h-2x_2-6_5*NCC/3=O][a1221m-1x_1-5]/1-1-2-2-1-3-3-1-3-3-2-1-3-4-1-3-4-5/a?-b1_a?-r1_b?-c1_c?-d1_c?-k1_d?-e1_d?-h1_e?-f1_f?-g1_h?-i1_i?-j1_k?-l1_k?-o1_l?-m1_m?-n2_o?-p1_p?-q2
14:12:15.316 [31mWARN [0;39m [main] [33mWURCSParser[0;39m - Because of:
14:12:15.316 [31mWARN [0;39m [main] [33mWURCSParser[0;39m - Incompatible:
The unknown linkage positions cannot be converted to molecule.

14:12:15.316 [34mINFO [0;39m [main] [33mWURCSParser[0;39m - Start process for WURCS: WURCS=2.0/4,5,5/[a2122h-1a_1-5][a2211m-1a_1-5][a2122h-1b_1-5_2*NCC/3=O][a1221m-1a_1-5_2*OCC/3=O]/1-2-2-3-4/a2-b1_b2-c1_c2-d1_c3-e1_a1-d3~n
14:12:15.317 [31mWARN [0;39m [main] [33mWURCSParser[0;39m - This WURCS cannot be converted to molecule: WURCS=2.0/4,5,5/[a2122h-1a_1-5][a2211m-1a_1-5][a2122h-1b_1-5_2*NCC/3=O][a1221m-1a_1-5_2*OCC/3=O]/1-2-2-3-4/a2-b1_b2-c1_c2-d1_c3-e1_a1-d3~n
14:12:15.317 [31mWARN [0;39m [main] [33mWURCSParser[0;39m - Because of:
14:12:15.317 [31mWARN [0;39m [main] [33mWURCSParser[0;39m - Incompatible:
The repeating unit cannot be converted to molecule.

14:12:15.317 [34mINFO [0;39m [main] [33mWURCSParser[0;39m - Start process for WURCS: WURCS=2.0/6,11,10/[a2122h-1b_1-5_2*NCC/3=O][a1122h-1b_1-5][a1122h-1a_1-5][a2112h-1b_1-5][Aad21122h-2a_2-6_5*NCC/3=O][a2112m-1a_1-5]/1-1-2-3-1-4-5-1-3-1-6/a4-b1_a6-k1_b4-c1_c3-d1_c4-h1_c6-i1_d2-e1_e4-f1_f3-g2_i2-j1
14:12:15.318 [31mWARN [0;39m [main] [33mWURCSParser[0;39m - This WURCS cannot be converted to molecule: WURCS=2.0/8,17,16/[a2122h-1x_1-5_2*NCC/3=O][a2122h-1b_1-5_2*NCC/3=O][a1122h-1b_1-5][a1122h-1a_1-5][a1221m-1a_1-5][a2112h-1b_1-5][Aad21122h-2a_2-6_5*NCC/3=O][a2112h-1b_1-5_2*NCC/3=O]/1-2-3-4-2-5-6-7-2-4-2-5-8-2-5-6-7/a4-b1_b4-c1_c3-d1_c4-i1_c6-j1_d2-e1_e3-f1_e4-g1_j2-k1_k3-l1_k4-m1_n3-o1_n4-p1_h2-g3|g6_q2-p3|p6_n1-d4|d6|j4|j6}
14:12:15.318 [31mWARN [0;39m [main] [33mWURCSParser[0;39m - Because of:
14:12:15.318 [31mWARN [0;39m [main] [33mWURCSParser[0;39m - Incompatible:
The alternative linkage positions cannot be converted to molecule.
The alternative modification cannot be converted to molecule.

14:12:15.318 [34mINFO [0;39m [main] [33mWURCSParser[0;39m - Start process for WURCS: WURCS=2.0/3,3,2/[a212h-1x_1-5][a212h-1b_1-5][a1122m-1a_1-5]/1-2-3/a4-b1_b4-c1
14:12:15.320 [34mINFO [0;39m [main] [33mWURCSParser[0;39m - Start process for WURCS: WURCS=2.0/7,16,15/[a2122h-1x_1-5_2*NCC/3=O][a2122h-1b_1-5_2*NCC/3=O][a1122h-1b_1-5][a1122h-1a_1-5][a2112h-1b_1-5][Aad21122h-2a_2-6_5*NCC/3=O][a2112h-1b_1-5_2*NCC/3=O]/1-2-3-4-2-5-2-5-6-2-2-4-2-7-2-5/a4-b1_b4-c1_c3-d1_c4-k1_c6-l1_d2-e1_d4-j1_e4-f1_f3-g1_g4-h1_l2-m1_l6-o1_m4-n1_o4-p1_i2-h3|h6
14:12:15.324 [31mWARN [0;39m [main] [33mWURCSParser[0;39m - This WURCS cannot be converted to molecule: WURCS=2.0/7,16,15/[a2122h-1x_1-5_2*NCC/3=O][a2122h-1b_1-5_2*NCC/3=O][a1122h-1b_1-5][a1122h-1a_1-5][a2112h-1b_1-5][Aad21122h-2a_2-6_5*NCC/3=O][a2112h-1b_1-5_2*NCC/3=O]/1-2-3-4-2-5-2-5-6-2-2-4-2-7-2-5/a4-b1_b4-c1_c3-d1_c4-k1_c6-l1_d2-e1_d4-j1_e4-f1_f3-g1_g4-h1_l2-m1_l6-o1_m4-n1_o4-p1_i2-h3|h6
14:12:15.324 [31mWARN [0;39m [main] [33mWURCSParser[0;39m - Because of:
14:12:15.324 [31mWARN [0;39m [main] [33mWURCSParser[0;39m - Incompatible:
The alternative linkage positions cannot be converted to molecule.

14:12:15.324 [34mINFO [0;39m [main] [33mWURCSParser[0;39m - Start process for WURCS: WURCS=2.0/7,20,19/[a2122h-1x_1-5_2*NCC/3=O][a2122h-1b_1-5_2*NCC/3=O][a1122h-1b_1-5][a1122h-1a_1-5][a2112h-1b_1-5][Aad21122h-2a_2-6_5*NCC/3=O][a1221m-1a_1-5]/1-2-3-4-2-5-6-2-5-2-4-2-5-2-5-6-2-5-6-7/a4-b1_a6-t1_b4-c1_c3-d1_c4-j1_c6-k1_d2-e1_d4-h1_e4-f1_h4-i1_k2-l1_k6-q1_l4-m1_m3-n1_n4-o1_q4-r1_g2-f3|f6_p2-o3|o6_s2-r3|r6
14:12:15.329 [31mWARN [0;39m [main] [33mWURCSParser[0;39m - This WURCS cannot be converted to molecule: WURCS=2.0/7,20,19/[a2122h-1x_1-5_2*NCC/3=O][a2122h-1b_1-5_2*NCC/3=O][a1122h-1b_1-5][a1122h-1a_1-5][a2112h-1b_1-5][Aad21122h-2a_2-6_5*NCC/3=O][a1221m-1a_1-5]/1-2-3-4-2-5-6-2-5-2-4-2-5-2-5-6-2-5-6-7/a4-b1_a6-t1_b4-c1_c3-d1_c4-j1_c6-k1_d2-e1_d4-h1_e4-f1_h4-i1_k2-l1_k6-q1_l4-m1_m3-n1_n4-o1_q4-r1_g2-f3|f6_p2-o3|o6_s2-r3|r6
14:12:15.329 [31mWARN [0;39m [main] [33mWURCSParser[0;39m - Because of:
14:12:15.330 [31mWARN [0;39m [main] [33mWURCSParser[0;39m - Incompatible:
The alternative linkage positions cannot be converted to molecule.

14:12:15.330 [34mINFO [0;39m [main] [33mWURCSParser[0;39m - Start process for WURCS: WURCS=2.0/4,6,5/[a2122h-1b_1-5][a2112h-1b_1-5][Aad21122h-2a_2-6_5*N_9*OCC/3=O][a2112h-1b_1-5_2*NCC/3=O]/1-2-3-4-2-3/a4-b1_b3-c2_b4-d1_d3-e1_e3-f2
14:12:15.337 [34mINFO [0;39m [main] [33mWURCSParser[0;39m - Start process for WURCS: WURCS=2.0/4,5,4/[Aad1122h-2a_2-6][a11221h-1a_1-5_2*OP^XOP^XOCCN/5O/5=O/3O/3=O_4*OPO/3O/3=O][a11221h-1a_1-5_4*OPO/3O/3=O_6*OPO/3O/3=O][a2112h-1a_1-5_2*N]/1-1-2-3-4/a4-b2_a5-c1_c3-d1_d3-e1
14:12:15.338 [34mINFO [0;39m [main] [33mWURCSParser[0;39m - Start process for WURCS: WURCS=2.0/2,2,1/[a2122h-1b_1-5_2*NCC/3=O][a2112h-1b_1-5_2*OC]/1-2/a4-b1
14:12:15.341 [34mINFO [0;39m [main] [33mWURCSParser[0;39m - Start process for WURCS: WURCS=2.0/2,10,9/[a2122h-1b_1-5_2*NCC/3=O][a1122h-1a_1-5]/1-1-2-2-2-2-2-2-2-2/a4-b1_b4-c1_c3-d1_c6-g1_d2-e1_e2-f1_g3-h1_g6-j1_h2-i1
14:12:15.345 [34mINFO [0;39m [main] [33mWURCSParser[0;39m - Start process for WURCS: WURCS=2.0/3,3,3/[u2122h_2*NCC/3=O_6*OSO/3=O/3=O][a2122h-1b_1-5_2*NCC/3=O][a2122h-1b_1-5_2*N]/1-2-3/a4-b1_b4-c1_b1-b4~n
14:12:15.346 [31mWARN [0;39m [main] [33mWURCSParser[0;39m - This WURCS cannot be converted to molecule: WURCS=2.0/3,3,3/[u2122h_2*NCC/3=O_6*OSO/3=O/3=O][a2122h-1b_1-5_2*NCC/3=O][a2122h-1b_1-5_2*N]/1-2-3/a4-b1_b4-c1_b1-b4~n
14:12:15.346 [31mWARN [0;39m [main] [33mWURCSParser[0;39m - Because of:
14:12:15.346 [31mWARN [0;39m [main] [33mWURCSParser[0;39m - Incompatible:
The carbon with unknown chemical state cannot be converted to molecule.
The repeating unit cannot be converted to molecule.

14:12:15.346 [34mINFO [0;39m [main] [33mWURCSParser[0;39m - Start process for WURCS: WURCS=2.0/4,4,4/[a2112h-1a_1-5][a2122h-1b_1-5_2*NCC/3=O][a1122dh-1b_1-5][a2d22m-1a_1-5]/1-2-3-4/a3-b1_a4-c1_c3-d1_a1-b3~n
14:12:15.347 [31mWARN [0;39m [main] [33mWURCSParser[0;39m - This WURCS cannot be converted to molecule: WURCS=2.0/4,4,4/[a2112h-1a_1-5][a2122h-1b_1-5_2*NCC/3=O][a1122dh-1b_1-5][a2d22m-1a_1-5]/1-2-3-4/a3-b1_a4-c1_c3-d1_a1-b3~n
14:12:15.347 [31mWARN [0;39m [main] [33mWURCSParser[0;39m - Because of:
14:12:15.347 [31mWARN [0;39m [main] [33mWURCSParser[0;39m - Incompatible:
The repeating unit cannot be converted to molecule.

14:12:15.347 [34mINFO [0;39m [main] [33mWURCSParser[0;39m - Start process for WURCS: WURCS=2.0/6,9,8/[h2122h_2*NCC/3=O][a2122h-1b_1-5_2*NCC/3=O][a1122h-1b_1-5][a1122h-1a_1-5][a2112h-1b_1-5][a1221m-1a_1-5]/1-2-3-4-2-4-2-5-6/a4-b1_a6-i1_b4-c1_c3-d1_c6-f1_d2-e1_f2-g1_g4-h1
14:12:15.350 [34mINFO [0;39m [main] [33mWURCSParser[0;39m - Start process for WURCS: WURCS=2.0/1,5,4/[a2122h-1b_1-5_2*N]/1-1-1-1-1/a6-b1_b6-c1_c6-d1_d6-e1
14:12:15.355 [34mINFO [0;39m [main] [33mWURCSParser[0;39m - Start process for WURCS: WURCS=2.0/2,3,2/[u2122h_2*NCC/3=O][a2122h-1b_1-5_2*N]/1-2-2/a4-b1_b4-c1
14:12:15.355 [31mWARN [0;39m [main] [33mWURCSParser[0;39m - This WURCS cannot be converted to molecule: WURCS=2.0/2,3,2/[u2122h_2*NCC/3=O][a2122h-1b_1-5_2*N]/1-2-2/a4-b1_b4-c1
14:12:15.355 [31mWARN [0;39m [main] [33mWURCSParser[0;39m - Because of:
14:12:15.355 [31mWARN [0;39m [main] [33mWURCSParser[0;39m - Incompatible:
The carbon with unknown chemical state cannot be converted to molecule.

14:12:15.355 [34mINFO [0;39m [main] [33mWURCSParser[0;39m - Start process for WURCS: WURCS=2.0/6,11,10/[a2122h-1b_1-5_2*NCC/3=O][a1122h-1b_1-5][a1122h-1a_1-5][a1221m-1a_1-5][a2122h-1x_1-5_2*NCC/3=O][a2112h-1b_1-5]/1-1-2-3-1-3-4-5-4-6-5/a4-b1_a6-g1_b4-c1_c3-d1_c4-e1_c6-f1_h3-i1_h4-j1_h1-a?|b?|c?|d?|e?|f?|g?}_k1-a?|b?|c?|d?|e?|f?|g?}
14:12:15.357 [34mINFO [0;39m [main] [33mWURCSParser[0;39m - Start process for WURCS: WURCS=2.0/2,6,5/[a2112A-1a_1-5][a2112A-1a_1-5_6*OC]/1-2-2-2-1-1/a4-b1_b4-c1_c4-d1_d4-e1_e4-f1
14:12:15.358 [31mWARN [0;39m [main] [33mWURCSParser[0;39m - This WURCS cannot be converted to molecule: WURCS=2.0/6,11,10/[a2122h-1b_1-5_2*NCC/3=O][a1122h-1b_1-5][a1122h-1a_1-5][a1221m-1a_1-5][a2122h-1x_1-5_2*NCC/3=O][a2112h-1b_1-5]/1-1-2-3-1-3-4-5-4-6-5/a4-b1_a6-g1_b4-c1_c3-d1_c4-e1_c6-f1_h3-i1_h4-j1_h1-a?|b?|c?|d?|e?|f?|g?}_k1-a?|b?|c?|d?|e?|f?|g?}
14:12:15.358 [31mWARN [0;39m [main] [33mWURCSParser[0;39m - Because of:
14:12:15.358 [31mWARN [0;39m [main] [33mWURCSParser[0;39m - Incompatible:
The unknown linkage positions cannot be converted to molecule.
The alternative modification cannot be converted to molecule.
Warning:
Too many linkages on the backbone.

14:12:15.358 [34mINFO [0;39m [main] [33mWURCSParser[0;39m - Start process for WURCS: WURCS=2.0/5,6,5/[u2122h][a2112h-1b_1-5][a2122h-1b_1-5_2*NCC/3=O][a1221m-1a_1-5][a2112h-1a_1-5]/1-2-3-2-4-5/a4-b1_b3-c1_c3-d1_d2-e1_d3-f1
14:12:15.359 [31mWARN [0;39m [main] [33mWURCSParser[0;39m - This WURCS cannot be converted to molecule: WURCS=2.0/5,6,5/[u2122h][a2112h-1b_1-5][a2122h-1b_1-5_2*NCC/3=O][a1221m-1a_1-5][a2112h-1a_1-5]/1-2-3-2-4-5/a4-b1_b3-c1_c3-d1_d2-e1_d3-f1
14:12:15.359 [31mWARN [0;39m [main] [33mWURCSParser[0;39m - Because of:
14:12:15.359 [31mWARN [0;39m [main] [33mWURCSParser[0;39m - Incompatible:
The carbon with unknown chemical state cannot be converted to molecule.

14:12:15.359 [34mINFO [0;39m [main] [33mWURCSParser[0;39m - Start process for WURCS: WURCS=2.0/5,8,7/[a2122h-1x_1-5_2*NCC/3=O][a2122h-1b_1-5_2*NCC/3=O][a1122h-1b_1-5][a1122h-1a_1-5][a2112h-1b_1-4]/1-2-3-4-4-5-4-4/a4-b1_b4-c1_c3-d1_c6-e1_e2-f1_e3-g1_e6-h1
14:12:15.361 [34mINFO [0;39m [main] [33mWURCSParser[0;39m - Start process for WURCS: WURCS=2.0/4,4,3/[AUd21122h][Aad1122h-2a_2-6][a1122h-1a_1-5][a2112h-1a_1-5]/1-2-3-4/a4-b2_a5-c1_c6-d1
14:12:15.362 [31mWARN [0;39m [main] [33mWURCSParser[0;39m - This WURCS cannot be converted to molecule: WURCS=2.0/4,4,3/[AUd21122h][Aad1122h-2a_2-6][a1122h-1a_1-5][a2112h-1a_1-5]/1-2-3-4/a4-b2_a5-c1_c6-d1
14:12:15.362 [31mWARN [0;39m [main] [33mWURCSParser[0;39m - Because of:
14:12:15.362 [31mWARN [0;39m [main] [33mWURCSParser[0;39m - Incompatible:
The carbon with unknown chemical state cannot be converted to molecule.

14:12:15.362 [34mINFO [0;39m [main] [33mWURCSParser[0;39m - Start process for WURCS: WURCS=2.0/5,9,8/[u2122h_2*NCC/3=O][a2122h-1b_1-5_2*NCC/3=O][a1122h-1b_1-5][a1122h-1a_1-5][a2112h-1b_1-5]/1-2-3-4-2-5-4-2-5/a4-b1_b4-c1_c3-d1_c6-g1_d2-e1_e4-f1_g6-h1_h4-i1
14:12:15.363 [31mWARN [0;39m [main] [33mWURCSParser[0;39m - This WURCS cannot be converted to molecule: WURCS=2.0/5,9,8/[u2122h_2*NCC/3=O][a2122h-1b_1-5_2*NCC/3=O][a1122h-1b_1-5][a1122h-1a_1-5][a2112h-1b_1-5]/1-2-3-4-2-5-4-2-5/a4-b1_b4-c1_c3-d1_c6-g1_d2-e1_e4-f1_g6-h1_h4-i1
14:12:15.363 [31mWARN [0;39m [main] [33mWURCSParser[0;39m - Because of:
14:12:15.363 [31mWARN [0;39m [main] [33mWURCSParser[0;39m - Incompatible:
The carbon with unknown chemical state cannot be converted to molecule.

14:12:15.364 [34mINFO [0;39m [main] [33mWURCSParser[0;39m - Start process for WURCS: WURCS=2.0/3,6,5/[u1122h][a1122h-1a_1-5][a1122h-1b_1-5]/1-2-2-2-3-2/a2-b1_b2-c1_c3-d1_c6-f1_d2-e1
14:12:15.364 [31mWARN [0;39m [main] [33mWURCSParser[0;39m - This WURCS cannot be converted to molecule: WURCS=2.0/3,6,5/[u1122h][a1122h-1a_1-5][a1122h-1b_1-5]/1-2-2-2-3-2/a2-b1_b2-c1_c3-d1_c6-f1_d2-e1
14:12:15.364 [31mWARN [0;39m [main] [33mWURCSParser[0;39m - Because of:
14:12:15.364 [31mWARN [0;39m [main] [33mWURCSParser[0;39m - Incompatible:
The carbon with unknown chemical state cannot be converted to molecule.

14:12:15.365 [34mINFO [0;39m [main] [33mWURCSParser[0;39m - Start process for WURCS: WURCS=2.0/5,8,7/[a2112h-1a_1-5_2*NCC/3=O][a2112h-1b_1-5][a2122h-1b_1-5_2*NCC/3=O][Aad21122h-2a_2-6_5*NCC/3=O][a1221m-1a_1-5]/1-2-3-2-3-2-4-5/a3-b1_b3-c1_c3-d1_d3-e1_e3-f1_e4-h1_f3-g2
14:12:15.366 [34mINFO [0;39m [main] [33mWURCSParser[0;39m - Start process for WURCS: WURCS=2.0/4,8,7/[a2122h-1x_1-5][a2112h-1b_1-5][a2122h-1b_1-5_2*NCC/3=O][Aad21122h-2a_2-6_5*NCC/3=O]/1-2-3-2-4-3-2-4/a4-b1_b3-c1_b6-f1_c3-d1_d3-e2_f4-g1_g6-h2
14:12:15.372 [34mINFO [0;39m [main] [33mWURCSParser[0;39m - Start process for WURCS: WURCS=2.0/3,6,5/[a2122h-1x_1-5][a2122h-1b_1-5][a212h-1a_1-5]/1-2-2-2-3-3/a4-b1_b4-c1_c4-d1_c6-f1_d6-e1
14:12:15.372 [34mINFO [0;39m [main] [33mWURCSParser[0;39m - Start process for WURCS: WURCS=2.0/5,9,8/[Aad1122h-2a_2-?][Aad1122h-2a_2-6][a11221h-1a_1-5][a2122h-1a_1-5][a2112h-1a_1-5]/1-2-2-3-3-4-5-5-3/a4-b2_a5-d1_b4-c2_d3-e1_e3-f1_e7-i1_f3-g1_f6-h1
14:12:15.374 [31mWARN [0;39m [main] [33mWURCSParser[0;39m - This WURCS cannot be converted to molecule: WURCS=2.0/5,9,8/[Aad1122h-2a_2-?][Aad1122h-2a_2-6][a11221h-1a_1-5][a2122h-1a_1-5][a2112h-1a_1-5]/1-2-2-3-3-4-5-5-3/a4-b2_a5-d1_b4-c2_d3-e1_e3-f1_e7-i1_f3-g1_f6-h1
14:12:15.374 [31mWARN [0;39m [main] [33mWURCSParser[0;39m - Because of:
14:12:15.374 [31mWARN [0;39m [main] [33mWURCSParser[0;39m - Incompatible:
The unknown linkage positions cannot be converted to molecule.

14:12:15.374 [34mINFO [0;39m [main] [33mWURCSParser[0;39m - Start process for WURCS: WURCS=2.0/2,2,1/[a2112h-1x_1-5][a2112h-1a_1-5_3*C]/1-2/a4-b1
14:12:15.375 [34mINFO [0;39m [main] [33mWURCSParser[0;39m - Start process for WURCS: WURCS=2.0/4,5,5/[a2122h-1a_1-5_2*NCC/3=O][a1221m-1a_1-5_2*NCC/3=O][a2122h-1a_1-5][a2122h-1a_1-5_6*OCC/3=O]/1-2-3-4-2/a3-b1_b3-c1_c4-d1*OPO*/3O/3=O_d4-e1_a1-e3~n
14:12:15.376 [34mINFO [0;39m [main] [33mWURCSParser[0;39m - Start process for WURCS: WURCS=2.0/2,2,1/[a2121A-1x_1-5_2*OSO/3=O/3=O][a2122h-1a_1-5_2*NSO/3=O/3=O]/1-2/a4-b1
14:12:15.377 [31mWARN [0;39m [main] [33mWURCSParser[0;39m - This WURCS cannot be converted to molecule: WURCS=2.0/4,5,5/[a2122h-1a_1-5_2*NCC/3=O][a1221m-1a_1-5_2*NCC/3=O][a2122h-1a_1-5][a2122h-1a_1-5_6*OCC/3=O]/1-2-3-4-2/a3-b1_b3-c1_c4-d1*OPO*/3O/3=O_d4-e1_a1-e3~n
14:12:15.377 [31mWARN [0;39m [main] [33mWURCSParser[0;39m - Because of:
14:12:15.377 [31mWARN [0;39m [main] [33mWURCSParser[0;39m - Incompatible:
The repeating unit cannot be converted to molecule.

14:12:15.377 [34mINFO [0;39m [main] [33mWURCSParser[0;39m - Start process for WURCS: WURCS=2.0/6,6,5/[h2h][a2122h-1b_1-5_2*NCC/3=O][a1221m-1a_1-5_2*NCC/3=O][a2112h-1a_1-5_2*NCC/3=O][a2122h-1a_1-5][a2122h-1b_1-5]/1-2-3-4-5-6/a3-b1_b3-c1_c3-d1_c4-f1_d6-e1
14:12:15.377 [34mINFO [0;39m [main] [33mWURCSParser[0;39m - Start process for WURCS: WURCS=2.0/2,4,3/[a2122h-1x_1-5_2*NCC/3=O][a2122h-1b_1-5_2*NCC/3=O]/1-2-2-2/a3-b1_a4-c1_a6-d1
14:12:15.382 [34mINFO [0;39m [main] [33mWURCSParser[0;39m - Start process for WURCS: WURCS=2.0/7,13,12/[a2122h-1x_1-5_2*NCC/3=O][a2122h-1b_1-5_2*NCC/3=O][a1122h-1b_1-5][a1122h-1a_1-5][a2112h-1b_1-5][Aad21122h-2a_2-6_5*NCC/3=O][a1221m-1a_1-5]/1-2-3-4-2-5-6-2-4-2-5-6-7/a4-b1_a6-m1_b4-c1_c3-d1_c4-h1_c6-i1_d2-e1_e4-f1_f3-g2_i2-j1_j4-k1_k3-l2
14:12:15.384 [34mINFO [0;39m [main] [33mWURCSParser[0;39m - Start process for WURCS: WURCS=2.0/4,5,4/[a211h-1a_1-5][a2211m-1a_1-5][a222h-1b_1-5][a2122h-1b_1-5]/1-2-3-4-4/a2-b1_b3-c1_c4-d1_d4-e1
14:12:15.386 [34mINFO [0;39m [main] [33mWURCSParser[0;39m - Start process for WURCS: WURCS=2.0/5,5,5/[a2112h-1b_1-5_2*NCC/3=O][a2112h-1a_1-5_2*NCC/3=O][a2122h-1b_1-5_2*N][a2122h-1a_1-5_2*NCC/3=O][a2122h-1a_1-5]/1-2-3-4-5/a3-b1_b3-c1_b4-d1_b6-e1_a1-c6~n
14:12:15.388 [31mWARN [0;39m [main] [33mWURCSParser[0;39m - This WURCS cannot be converted to molecule: WURCS=2.0/5,5,5/[a2112h-1b_1-5_2*NCC/3=O][a2112h-1a_1-5_2*NCC/3=O][a2122h-1b_1-5_2*N][a2122h-1a_1-5_2*NCC/3=O][a2122h-1a_1-5]/1-2-3-4-5/a3-b1_b3-c1_b4-d1_b6-e1_a1-c6~n
14:12:15.388 [31mWARN [0;39m [main] [33mWURCSParser[0;39m - Because of:
14:12:15.388 [31mWARN [0;39m [main] [33mWURCSParser[0;39m - Incompatible:
The repeating unit cannot be converted to molecule.

14:12:15.388 [34mINFO [0;39m [main] [33mWURCSParser[0;39m - Start process for WURCS: WURCS=2.0/6,12,11/[h2122h_2*NCC/3=O][a2122h-1b_1-5_2*NCC/3=O][a1122h-1b_1-5][a1122h-1a_1-5][a2112h-1b_1-5][a1221m-1a_1-5]/1-2-3-4-2-5-4-2-5-2-5-6/a4-b1_a6-l1_b4-c1_c3-d1_c6-g1_d2-e1_e4-f1_g2-h1_g4-j1_h4-i1_j4-k1
14:12:15.399 [34mINFO [0;39m [main] [33mWURCSParser[0;39m - Start process for WURCS: WURCS=2.0/1,3,2/[a2112h-1b_1-4]/1-1-1/a2-b1_b2-c1
14:12:15.401 [34mINFO [0;39m [main] [33mWURCSParser[0;39m - Start process for WURCS: WURCS=2.0/4,5,4/[a2122h-1b_1-5][a2112h-1b_1-5][a2112h-1b_1-5_2*NCC/3=O][Aad21122h-2a_2-6_5*NCCO/3=O_8*OC]/1-2-3-4-4/a4-b1_b3-c1_c3-d2_c6-e2
14:12:15.402 [34mINFO [0;39m [main] [33mWURCSParser[0;39m - Start process for WURCS: WURCS=2.0/3,8,7/[a2122h-1x_1-5_2*NCC/3=O][a1122h-1b_1-5][a1122h-1a_1-5]/1-2-3-3-3-3-3-3/a4-b1_b3-c1_b6-e1_c2-d1_e3-f1_e6-g1_g2-h1
14:12:15.406 [34mINFO [0;39m [main] [33mWURCSParser[0;39m - Start process for WURCS: WURCS=2.0/3,3,2/[a2112h-1x_1-5_2*NCC/3=O][a2112h-1a_1-5_2*NCC/3=O][Aad21122h-2a_2-6_5*NCC/3=O]/1-2-3/a3-b1_a6-c2
14:12:15.408 [34mINFO [0;39m [main] [33mWURCSParser[0;39m - Start process for WURCS: WURCS=2.0/2,2,1/[a2122h-1b_1-5_4*OCC/3=O][ha122h-2b_2-5]/1-2/a1-b2
14:12:15.408 [34mINFO [0;39m [main] [33mWURCSParser[0;39m - Start process for WURCS: WURCS=2.0/3,7,6/[a2122h-1b_1-5_2*NCC/3=O][a2112h-1b_1-5][a1221m-1a_1-5]/1-2-1-2-1-2-3/a4-b1_b3-c1_c4-d1_d3-e1_e4-f1_f2-g1
14:12:15.409 [34mINFO [0;39m [main] [33mWURCSParser[0;39m - Start process for WURCS: WURCS=2.0/3,3,2/[a2112h-1x_1-4][a2112h-1a_1-5][a2112h-1b_1-4]/1-2-3/a3-b1_b3-c1
14:12:15.411 [34mINFO [0;39m [main] [33mWURCSParser[0;39m - Start process for WURCS: WURCS=2.0/3,13,12/[u1122h][a2122h-1b_1-5][a1122h-1b_1-5]/1-2-2-3-3-3-3-3-2-3-3-2-2/a4-b1_b4-c1_c4-d1_d4-e1_e4-f1_f4-g1_g4-h1_h4-i1_i4-j1_j4-k1_k4-l1_l4-m1
14:12:15.412 [31mWARN [0;39m [main] [33mWURCSParser[0;39m - This WURCS cannot be converted to molecule: WURCS=2.0/3,13,12/[u1122h][a2122h-1b_1-5][a1122h-1b_1-5]/1-2-2-3-3-3-3-3-2-3-3-2-2/a4-b1_b4-c1_c4-d1_d4-e1_e4-f1_f4-g1_g4-h1_h4-i1_i4-j1_j4-k1_k4-l1_l4-m1
14:12:15.412 [31mWARN [0;39m [main] [33mWURCSParser[0;39m - Because of:
14:12:15.412 [31mWARN [0;39m [main] [33mWURCSParser[0;39m - Incompatible:
The carbon with unknown chemical state cannot be converted to molecule.

14:12:15.412 [34mINFO [0;39m [main] [33mWURCSParser[0;39m - Start process for WURCS: WURCS=2.0/6,18,17/[a2122h-1x_1-5][a2122h-1b_1-5][a211h-1a_1-4][a212h-1a_1-5][a2112h-1b_1-5][a1221m-1a_1-5]/1-2-2-2-3-2-2-2-2-4-4-5-4-5-6-4-4-4/a4-b1_b4-c1_b6-r1_c4-d1_c6-q1_d2-e1_d4-f1_d6-p1_f4-g1_g4-h1_g6-m1_h4-i1_h6-k1_i6-j1_k2-l1_m2-n1_n2-o1
14:12:15.414 [34mINFO [0;39m [main] [33mWURCSParser[0;39m - Start process for WURCS: WURCS=2.0/6,10,9/[Aad1122h-2a_2-6][a2122h-1a_1-5][a2122h-1b_1-5][a2122h-1a_1-5_2*NCC/3=O][a2112h-1b_1-5][a2112h-1a_1-5]/1-2-3-3-4-3-2-5-6-1/a5-b1_a8-j2_b3-c1_b4-d1_b6-f1_d2-e1_f2-g1_g4-h1_h4-i1
14:12:15.422 [34mINFO [0;39m [main] [33mWURCSParser[0;39m - Start process for WURCS: WURCS=2.0/6,11,10/[Aad1122h-2a_2-6][a11221h-1a_1-5][a2112A-1a_1-5][a2122h-1a_1-5_2*N][a2112A-1b_1-5][a2122h-1b_1-5]/1-1-2-2-3-4-1-2-5-6-5/a4-b2_a5-c1_c3-d1_c4-j1_d3-e1_d7-h1_e4-f1_f6-g2_h7-i1_j6-k1
14:12:15.438 [34mINFO [0;39m [main] [33mWURCSParser[0;39m - Start process for WURCS: WURCS=2.0/7,14,13/[a2122h-1a_1-5_2*N][a2122h-1b_1-5_2*N][Aad1122h-2a_2-6][a211h-1b_1-5_4*N][a1122h-1a_1-5][a2112h-1a_1-5][a2122h-1a_1-5]/1-2-3-3-1-4-5-5-6-7-7-3-5-7/a6-b1_b6-c2_c4-d2_c5-g1_d4-e1_e6-f1*OPO*/3O/3=O_g4-h1_h2-i1_h3-l2_h6-m1_i3-j1_j2-k1_m2-n1
14:12:15.442 [34mINFO [0;39m [main] [33mWURCSParser[0;39m - Start process for WURCS: WURCS=2.0/3,3,2/[u2122h_2*NCC/3=O][a2112h-1b_1-5][Aad21122h-2a_2-6_5*NC=O]/1-2-3/a4-b1_b6-c2
14:12:15.443 [31mWARN [0;39m [main] [33mWURCSParser[0;39m - This WURCS cannot be converted to molecule: WURCS=2.0/3,3,2/[u2122h_2*NCC/3=O][a2112h-1b_1-5][Aad21122h-2a_2-6_5*NC=O]/1-2-3/a4-b1_b6-c2
14:12:15.443 [31mWARN [0;39m [main] [33mWURCSParser[0;39m - Because of:
14:12:15.443 [31mWARN [0;39m [main] [33mWURCSParser[0;39m - Incompatible:
The carbon with unknown chemical state cannot be converted to molecule.

14:12:15.443 [34mINFO [0;39m [main] [33mWURCSParser[0;39m - Start process for WURCS: WURCS=2.0/3,3,2/[a2122h-1b_1-5][a1122h-1a_1-5][a2122h-1b_1-5_2*NCC/3=O_4*N]/1-2-3/a6-b1_b2-c1
14:12:15.445 [34mINFO [0;39m [main] [33mWURCSParser[0;39m - Start process for WURCS: WURCS=2.0/3,3,2/[a2112h-1b_1-5_2*NCC/3=O][a2112h-1b_1-5][Aad21122h-2a_2-6_5*NCC/3=O]/1-2-3/a3-b1_a6-c2
14:12:15.447 [34mINFO [0;39m [main] [33mWURCSParser[0;39m - Start process for WURCS: WURCS=2.0/3,3,3/[a2122h-1b_1-5][a2112h-1b_1-5][a2122h-1a_1-5]/1-2-3/a4-b1_b4-c1_a1-b3~n
14:12:15.448 [31mWARN [0;39m [main] [33mWURCSParser[0;39m - This WURCS cannot be converted to molecule: WURCS=2.0/3,3,3/[a2122h-1b_1-5][a2112h-1b_1-5][a2122h-1a_1-5]/1-2-3/a4-b1_b4-c1_a1-b3~n
14:12:15.448 [31mWARN [0;39m [main] [33mWURCSParser[0;39m - Because of:
14:12:15.448 [31mWARN [0;39m [main] [33mWURCSParser[0;39m - Incompatible:
The repeating unit cannot be converted to molecule.

14:12:15.448 [34mINFO [0;39m [main] [33mWURCSParser[0;39m - Start process for WURCS: WURCS=2.0/4,6,5/[a2112h-1x_1-5_2*NCC/3=O][a2112h-1x_1-5][a2122h-1x_1-5_2*NCC/3=O][Aad21122h-2x_2-6_5*NCCO/3=O]/1-2-3-2-4-1/a3-b1_a6-c1_c4-d1_d3-e2_d4-f1
14:12:15.453 [34mINFO [0;39m [main] [33mWURCSParser[0;39m - Start process for WURCS: WURCS=2.0/4,4,3/[hxh][a2122h-1b_1-5_2*NCC/3=O][a2112h-1a_1-5_2*NCC/3=O][a2112h-1b_1-5]/1-2-3-4/b3-c1_c3-d1_a?-b1
14:12:15.454 [31mWARN [0;39m [main] [33mWURCSParser[0;39m - This WURCS cannot be converted to molecule: WURCS=2.0/4,4,3/[hxh][a2122h-1b_1-5_2*NCC/3=O][a2112h-1a_1-5_2*NCC/3=O][a2112h-1b_1-5]/1-2-3-4/b3-c1_c3-d1_a?-b1
14:12:15.454 [31mWARN [0;39m [main] [33mWURCSParser[0;39m - Because of:
14:12:15.454 [31mWARN [0;39m [main] [33mWURCSParser[0;39m - Incompatible:
The unknown linkage positions cannot be converted to molecule.

14:12:15.454 [34mINFO [0;39m [main] [33mWURCSParser[0;39m - Start process for WURCS: WURCS=2.0/11,15,14/[Aad1122h-2a_2-6][a11221h-1a_1-5][a11221h-1a_1-5_6*OP^XOCCN/3O/3=O][a2112A-1a_1-5][a11222h-1a_1-5][a2122h-1a_1-5_2*N][a2112h-1a_1-5_2*NCC/3=O][a2122h-1a_1-5][a2112A-1b_1-5][a2122h-1b_1-5][a211h-1b_1-5_4*N]/1-1-2-3-4-5-2-6-5-7-8-2-9-10-11/a4-b2_a5-c1_a8-o1_c3-d1_c4-n1_d3-e1_d7-l1_e2-f1_e4-h1_f2-g1_h6-i1_i2-j1_j4-k1_l7-m1
14:12:15.460 [34mINFO [0;39m [main] [33mWURCSParser[0;39m - Start process for WURCS: WURCS=2.0/4,5,4/[ad222m-1x_1-5_3*OC][ad222m-1b_1-5_3*OC][ad112m-1b_1-5_3*OC][a2122h-1b_1-5]/1-2-3-4-4/a4-b1_b4-c1_c4-d1_d6-e1
14:12:15.464 [34mINFO [0;39m [main] [33mWURCSParser[0;39m - Start process for WURCS: WURCS=2.0/6,12,11/[h2122h_2*NCC/3=O][a2122h-1b_1-5_2*NCC/3=O][a1122h-1b_1-5][a1122h-1a_1-5][a2112h-1b_1-5][a2112m-1a_1-5]/1-2-3-4-2-5-2-5-4-2-5-6/a4-b1_a6-l1_b4-c1_d2-e1_d6-g1_e4-f1_g4-h1_i2-j1_j4-k1_d1-c3|c6_i1-c3|c6
14:12:15.466 [31mWARN [0;39m [main] [33mWURCSParser[0;39m - This WURCS cannot be converted to molecule: WURCS=2.0/6,12,11/[h2122h_2*NCC/3=O][a2122h-1b_1-5_2*NCC/3=O][a1122h-1b_1-5][a1122h-1a_1-5][a2112h-1b_1-5][a2112m-1a_1-5]/1-2-3-4-2-5-2-5-4-2-5-6/a4-b1_a6-l1_b4-c1_d2-e1_d6-g1_e4-f1_g4-h1_i2-j1_j4-k1_d1-c3|c6_i1-c3|c6
14:12:15.466 [31mWARN [0;39m [main] [33mWURCSParser[0;39m - Because of:
14:12:15.466 [31mWARN [0;39m [main] [33mWURCSParser[0;39m - Incompatible:
The alternative linkage positions cannot be converted to molecule.

14:12:15.466 [34mINFO [0;39m [main] [33mWURCSParser[0;39m - Start process for WURCS: WURCS=2.0/3,4,3/[u2112h][a1221h-1a_1-5_3-6][a2112h-1b_1-5_4-6*OC^XO*/3CO/6=O/3C]/1-2-3-2/a3-b1_b4-c1_c3-d1
14:12:15.467 [31mWARN [0;39m [main] [33mWURCSParser[0;39m - This WURCS cannot be converted to molecule: WURCS=2.0/3,4,3/[u2112h][a1221h-1a_1-5_3-6][a2112h-1b_1-5_4-6*OC^XO*/3CO/6=O/3C]/1-2-3-2/a3-b1_b4-c1_c3-d1
14:12:15.467 [31mWARN [0;39m [main] [33mWURCSParser[0;39m - Because of:
14:12:15.467 [31mWARN [0;39m [main] [33mWURCSParser[0;39m - Incompatible:
The carbon with unknown chemical state cannot be converted to molecule.

14:12:15.467 [34mINFO [0;39m [main] [33mWURCSParser[0;39m - Start process for WURCS: WURCS=2.0/4,4,3/[a2122h-1x_1-5_2*NSO/3=O/3=O_3*OSO/3=O/3=O_6*OSO/3=O/3=O][a2122A-1b_1-5][a2122h-1a_1-5_2*NCC/3=O_6*OSO/3=O/3=O][a2121A-1a_1-5]/1-2-3-4/a4-b1_b4-c1_c4-d1
14:12:15.471 [34mINFO [0;39m [main] [33mWURCSParser[0;39m - Start process for WURCS: WURCS=2.0/5,12,11/[u2122h_2*NCC/3=O][a2122h-1b_1-5_2*NCC/3=O][a1122h-1b_1-5][a1122h-1a_1-5][a2122h-1a_1-5]/1-2-3-4-4-4-5-5-4-4-4-4/a4-b1_b4-c1_c3-d1_c6-i1_d2-e1_e2-f1_f3-g1_g3-h1_i3-j1_i6-k1_k2-l1
14:12:15.473 [31mWARN [0;39m [main] [33mWURCSParser[0;39m - This WURCS cannot be converted to molecule: WURCS=2.0/5,12,11/[u2122h_2*NCC/3=O][a2122h-1b_1-5_2*NCC/3=O][a1122h-1b_1-5][a1122h-1a_1-5][a2122h-1a_1-5]/1-2-3-4-4-4-5-5-4-4-4-4/a4-b1_b4-c1_c3-d1_c6-i1_d2-e1_e2-f1_f3-g1_g3-h1_i3-j1_i6-k1_k2-l1
14:12:15.473 [31mWARN [0;39m [main] [33mWURCSParser[0;39m - Because of:
14:12:15.473 [31mWARN [0;39m [main] [33mWURCSParser[0;39m - Incompatible:
The carbon with unknown chemical state cannot be converted to molecule.

14:12:15.473 [34mINFO [0;39m [main] [33mWURCSParser[0;39m - Start process for WURCS: WURCS=2.0/4,5,4/[a2122h-1b_1-5_2*NCC/3=O][a2221m-1a_1-5][a2122h-1a_1-5][a2211m-1b_1-5_2*NCC/3=O_3*NCC/3=O]/1-2-3-4-1/a3-b1_b3-c1_c3-d1_c4-e1
14:12:15.476 [34mINFO [0;39m [main] [33mWURCSParser[0;39m - Start process for WURCS: WURCS=2.0/5,12,11/[a2122h-1b_1-5_2*NCC/3=O][a1122h-1b_1-5][a1122h-1a_1-5][a2112h-1b_1-5][Aad21122h-2a_2-6]/1-1-2-3-1-4-5-3-1-4-1-4/a4-b1_b4-c1_c3-d1_c6-h1_d2-e1_e4-f1_f6-g2_h2-i1_h6-k1_i4-j1_k4-l1
14:12:15.489 [34mINFO [0;39m [main] [33mWURCSParser[0;39m - Start process for WURCS: WURCS=2.0/5,11,10/[a2122h-1x_1-5_2*NCC/3=O][a2122h-1b_1-5_2*NCC/3=O][a1122h-1b_1-5][a1122h-1a_1-5][a2112h-1x_1-5]/1-2-3-4-4-4-4-4-4-4-5/a4-b1_b4-c1_c3-d1_c6-g1_d2-e1_e2-f1_g3-h1_g6-i1_i2-j1_j?-k1
14:12:15.489 [34mINFO [0;39m [main] [33mWURCSParser[0;39m - Start process for WURCS: WURCS=2.0/3,4,3/[u2112h][a2112h-1x_1-5][a2112A-1x_1-5]/1-2-2-3/a3-b1_b4-c1_c4-d1
14:12:15.490 [31mWARN [0;39m [main] [33mWURCSParser[0;39m - This WURCS cannot be converted to molecule: WURCS=2.0/3,4,3/[u2112h][a2112h-1x_1-5][a2112A-1x_1-5]/1-2-2-3/a3-b1_b4-c1_c4-d1
14:12:15.490 [31mWARN [0;39m [main] [33mWURCSParser[0;39m - Because of:
14:12:15.490 [31mWARN [0;39m [main] [33mWURCSParser[0;39m - Incompatible:
The carbon with unknown chemical state cannot be converted to molecule.

14:12:15.490 [34mINFO [0;39m [main] [33mWURCSParser[0;39m - Start process for WURCS: WURCS=2.0/7,12,11/[a2122h-1x_1-5_2*NCC/3=O][a2122h-1b_1-5_2*NCC/3=O][a1122h-1b_1-5][a1122h-1a_1-5][a2112h-1b_1-5][Aad21122h-2a_2-6_5*NCC/3=O][a1221m-1a_1-5]/1-2-3-4-2-5-6-2-4-2-5-7/a4-b1_a6-l1_b4-c1_c3-d1_c4-h1_c6-i1_d2-e1_e4-f1_i2-j1_j4-k1_g2-f3|f6
14:12:15.491 [31mWARN [0;39m [main] [33mWURCSParser[0;39m - This WURCS cannot be converted to molecule: WURCS=2.0/5,11,10/[a2122h-1x_1-5_2*NCC/3=O][a2122h-1b_1-5_2*NCC/3=O][a1122h-1b_1-5][a1122h-1a_1-5][a2112h-1x_1-5]/1-2-3-4-4-4-4-4-4-4-5/a4-b1_b4-c1_c3-d1_c6-g1_d2-e1_e2-f1_g3-h1_g6-i1_i2-j1_j?-k1
14:12:15.491 [31mWARN [0;39m [main] [33mWURCSParser[0;39m - Because of:
14:12:15.491 [31mWARN [0;39m [main] [33mWURCSParser[0;39m - Incompatible:
The unknown linkage positions cannot be converted to molecule.

14:12:15.491 [34mINFO [0;39m [main] [33mWURCSParser[0;39m - Start process for WURCS: WURCS=2.0/5,6,6/[a2112h-1a_1-5][a2112h-1b_1-5_2*NCC/3=O][a2112h-1b_1-4][a2112h-1b_1-5][h222h]/1-2-3-4-3-5/a3-b1_b6-c1_c6-d1_d3-e1_e6-f5*OPO*/3O/3=O_a1-f3~n
14:12:15.492 [31mWARN [0;39m [main] [33mWURCSParser[0;39m - This WURCS cannot be converted to molecule: WURCS=2.0/7,12,11/[a2122h-1x_1-5_2*NCC/3=O][a2122h-1b_1-5_2*NCC/3=O][a1122h-1b_1-5][a1122h-1a_1-5][a2112h-1b_1-5][Aad21122h-2a_2-6_5*NCC/3=O][a1221m-1a_1-5]/1-2-3-4-2-5-6-2-4-2-5-7/a4-b1_a6-l1_b4-c1_c3-d1_c4-h1_c6-i1_d2-e1_e4-f1_i2-j1_j4-k1_g2-f3|f6
14:12:15.492 [31mWARN [0;39m [main] [33mWURCSParser[0;39m - Because of:
14:12:15.492 [31mWARN [0;39m [main] [33mWURCSParser[0;39m - Incompatible:
The alternative linkage positions cannot be converted to molecule.

14:12:15.492 [34mINFO [0;39m [main] [33mWURCSParser[0;39m - Start process for WURCS: WURCS=2.0/4,7,6/[u2112h][a2112h-1x_1-5][a211h-1x_1-5][a2112A-1x_1-5]/1-2-2-3-2-4-3/a3-b1_b3-c1_b6-d1_d3-e1_e3-f1_e4-g1
14:12:15.492 [31mWARN [0;39m [main] [33mWURCSParser[0;39m - This WURCS cannot be converted to molecule: WURCS=2.0/5,6,6/[a2112h-1a_1-5][a2112h-1b_1-5_2*NCC/3=O][a2112h-1b_1-4][a2112h-1b_1-5][h222h]/1-2-3-4-3-5/a3-b1_b6-c1_c6-d1_d3-e1_e6-f5*OPO*/3O/3=O_a1-f3~n
14:12:15.492 [31mWARN [0;39m [main] [33mWURCSParser[0;39m - Because of:
14:12:15.492 [31mWARN [0;39m [main] [33mWURCSParser[0;39m - Incompatible:
The repeating unit cannot be converted to molecule.

14:12:15.492 [34mINFO [0;39m [main] [33mWURCSParser[0;39m - Start process for WURCS: WURCS=2.0/3,4,3/[a2122h-1x_1-5_2*NCC/3=O][a2122A-1b_1-5][a2122h-1b_1-5_2*NCC/3=O]/1-2-3-2/a3-b1_b4-c1_c3-d1
14:12:15.493 [31mWARN [0;39m [main] [33mWURCSParser[0;39m - This WURCS cannot be converted to molecule: WURCS=2.0/4,7,6/[u2112h][a2112h-1x_1-5][a211h-1x_1-5][a2112A-1x_1-5]/1-2-2-3-2-4-3/a3-b1_b3-c1_b6-d1_d3-e1_e3-f1_e4-g1
14:12:15.493 [31mWARN [0;39m [main] [33mWURCSParser[0;39m - Because of:
14:12:15.493 [31mWARN [0;39m [main] [33mWURCSParser[0;39m - Incompatible:
The carbon with unknown chemical state cannot be converted to molecule.

14:12:15.493 [34mINFO [0;39m [main] [33mWURCSParser[0;39m - Start process for WURCS: WURCS=2.0/4,4,3/[a2112h-1x_1-5_2*NCC/3=O][a2112h-1b_1-5][a2122h-1b_1-5_2*NCC/3=O][a1221m-1a_1-5]/1-2-3-4/a3-b1_a6-c1_c4-d1
14:12:15.495 [34mINFO [0;39m [main] [33mWURCSParser[0;39m - Start process for WURCS: WURCS=2.0/4,5,4/[ad222m-1b_1-5_3*OC][ad122m-1b_1-5_3*OC][a2222m-1b_1-5_3*OC][a2122h-1b_1-5]/1-1-2-3-4/a4-b1_b4-c1_c4-d1_d4-e1
14:12:15.496 [34mINFO [0;39m [main] [33mWURCSParser[0;39m - Start process for WURCS: WURCS=2.0/2,3,2/[a1122h-1a_1-5][a2122h-1a_1-5]/1-1-2/a3-b1_a6-c1
14:12:15.498 [34mINFO [0;39m [main] [33mWURCSParser[0;39m - Start process for WURCS: WURCS=2.0/2,2,1/[u2122h][a2211m-1a_1-5]/1-2/a6-b1
14:12:15.498 [34mINFO [0;39m [main] [33mWURCSParser[0;39m - Start process for WURCS: WURCS=2.0/1,2,2/[a2122h-1b_1-5]/1-1/a6-b1_a1-a2~n
14:12:15.498 [31mWARN [0;39m [main] [33mWURCSParser[0;39m - This WURCS cannot be converted to molecule: WURCS=2.0/2,2,1/[u2122h][a2211m-1a_1-5]/1-2/a6-b1
14:12:15.498 [31mWARN [0;39m [main] [33mWURCSParser[0;39m - Because of:
14:12:15.498 [31mWARN [0;39m [main] [33mWURCSParser[0;39m - Incompatible:
The carbon with unknown chemical state cannot be converted to molecule.

14:12:15.498 [34mINFO [0;39m [main] [33mWURCSParser[0;39m - Start process for WURCS: WURCS=2.0/4,8,7/[a2122h-1b_1-5][a2112h-1b_1-5][a2122h-1b_1-5_2*NCC/3=O][a1221m-1a_1-5]/1-2-3-2-3-2-4-4/a4-b1_b3-c1_c3-d1_c4-h1_d3-e1_e3-f1_f2-g1
14:12:15.498 [31mWARN [0;39m [main] [33mWURCSParser[0;39m - This WURCS cannot be converted to molecule: WURCS=2.0/1,2,2/[a2122h-1b_1-5]/1-1/a6-b1_a1-a2~n
14:12:15.498 [31mWARN [0;39m [main] [33mWURCSParser[0;39m - Because of:
14:12:15.498 [31mWARN [0;39m [main] [33mWURCSParser[0;39m - Incompatible:
The repeating unit cannot be converted to molecule.

14:12:15.498 [34mINFO [0;39m [main] [33mWURCSParser[0;39m - Start process for WURCS: WURCS=2.0/8,11,10/[a2122h-1x_1-5_2*NCC/3=O][a2122h-1b_1-5_2*NCC/3=O][a1122h-1b_1-5][a1122h-1a_1-5][a2112h-1b_1-5_2*NCC/3=O][a2112h-1b_1-5][Aad21122h-2a_2-6_5*NCC/3=O][a1221m-1a_1-5]/1-2-3-4-2-5-4-2-6-7-8/a4-b1_a6-k1_b4-c1_c3-d1_c6-g1_d2-e1_e4-f1_g2-h1_h3-i1_i3-j2
14:12:15.503 [34mINFO [0;39m [main] [33mWURCSParser[0;39m - Start process for WURCS: WURCS=2.0/9,19,18/[a2122h-1x_1-5_2*NCC/3=O][a2122h-1b_1-5_2*NCC/3=O][a1122h-1b_1-5][a1122h-1a_1-5][a1221m-1a_1-5][a2112h-1b_1-5][a2112h-1a_1-5][Aad21122h-2a_2-6_5*NCCO/3=O][Aad21122h-2a_2-6_5*NCC/3=O]/1-2-3-4-2-5-6-7-2-6-4-2-6-8-2-5-6-9-5/a4-b1_a6-s1_b4-c1_c3-d1_c6-k1_d2-e1_d4-i1_e3-f1_e4-g1_g3-h1_i4-j1_k2-l1_k6-o1_l4-m1_o3-p1_o4-q1_n2-m3|m6_r2-q3|q6
14:12:15.506 [31mWARN [0;39m [main] [33mWURCSParser[0;39m - This WURCS cannot be converted to molecule: WURCS=2.0/9,19,18/[a2122h-1x_1-5_2*NCC/3=O][a2122h-1b_1-5_2*NCC/3=O][a1122h-1b_1-5][a1122h-1a_1-5][a1221m-1a_1-5][a2112h-1b_1-5][a2112h-1a_1-5][Aad21122h-2a_2-6_5*NCCO/3=O][Aad21122h-2a_2-6_5*NCC/3=O]/1-2-3-4-2-5-6-7-2-6-4-2-6-8-2-5-6-9-5/a4-b1_a6-s1_b4-c1_c3-d1_c6-k1_d2-e1_d4-i1_e3-f1_e4-g1_g3-h1_i4-j1_k2-l1_k6-o1_l4-m1_o3-p1_o4-q1_n2-m3|m6_r2-q3|q6
14:12:15.506 [31mWARN [0;39m [main] [33mWURCSParser[0;39m - Because of:
14:12:15.506 [31mWARN [0;39m [main] [33mWURCSParser[0;39m - Incompatible:
The alternative linkage positions cannot be converted to molecule.

14:12:15.507 [34mINFO [0;39m [main] [33mWURCSParser[0;39m - Start process for WURCS: WURCS=2.0/6,9,8/[Aad1122h-2a_2-6][a2122h-1a_1-5][a2122h-1b_1-5][a2122h-1a_1-5_2*NCC/3=O][a2112h-1b_1-5][a2112h-1a_1-5]/1-2-3-3-4-3-2-5-6/a5-b1_b3-c1_b4-d1_b6-f1_d2-e1_f2-g1_g4-h1_h4-i1
14:12:15.508 [34mINFO [0;39m [main] [33mWURCSParser[0;39m - Start process for WURCS: WURCS=2.0/5,9,9/[a2122h-1x_1-5_2*NCC/3=O][a2122h-1b_1-5_2*NCC/3=O][a1122h-1b_1-5][a1122h-1a_1-5][a2112h-1b_1-5]/1-2-3-4-2-5-4-4-4/a4-b1_b4-c1_c3-d1_c6-g1_d2-e1_e4-f1_g3-h1_g6-i1_a?|b?|c?|d?|e?|f?|g?|h?|i?}*OPO/3O/3=O
14:12:15.511 [31mWARN [0;39m [main] [33mWURCSParser[0;39m - This WURCS cannot be converted to molecule: WURCS=2.0/5,9,9/[a2122h-1x_1-5_2*NCC/3=O][a2122h-1b_1-5_2*NCC/3=O][a1122h-1b_1-5][a1122h-1a_1-5][a2112h-1b_1-5]/1-2-3-4-2-5-4-4-4/a4-b1_b4-c1_c3-d1_c6-g1_d2-e1_e4-f1_g3-h1_g6-i1_a?|b?|c?|d?|e?|f?|g?|h?|i?}*OPO/3O/3=O
14:12:15.511 [31mWARN [0;39m [main] [33mWURCSParser[0;39m - Because of:
14:12:15.511 [31mWARN [0;39m [main] [33mWURCSParser[0;39m - Incompatible:
The unknown linkage positions cannot be converted to molecule.
The alternative modification cannot be converted to molecule.

14:12:15.511 [34mINFO [0;39m [main] [33mWURCSParser[0;39m - Start process for WURCS: WURCS=2.0/2,4,3/[u211h][a2122h-1b_1-5]/1-2-2-2/a2-b1_a4-c1_c2-d1
14:12:15.511 [31mWARN [0;39m [main] [33mWURCSParser[0;39m - This WURCS cannot be converted to molecule: WURCS=2.0/2,4,3/[u211h][a2122h-1b_1-5]/1-2-2-2/a2-b1_a4-c1_c2-d1
14:12:15.511 [31mWARN [0;39m [main] [33mWURCSParser[0;39m - Because of:
14:12:15.511 [31mWARN [0;39m [main] [33mWURCSParser[0;39m - Incompatible:
The carbon with unknown chemical state cannot be converted to molecule.

14:12:15.512 [34mINFO [0;39m [main] [33mWURCSParser[0;39m - Start process for WURCS: WURCS=2.0/3,3,2/[u2122h][a2211m-1a_1-5][a1122h-1a_1-5]/1-2-3/a3-b1_b4-c1
14:12:15.512 [31mWARN [0;39m [main] [33mWURCSParser[0;39m - This WURCS cannot be converted to molecule: WURCS=2.0/3,3,2/[u2122h][a2211m-1a_1-5][a1122h-1a_1-5]/1-2-3/a3-b1_b4-c1
14:12:15.512 [31mWARN [0;39m [main] [33mWURCSParser[0;39m - Because of:
14:12:15.512 [31mWARN [0;39m [main] [33mWURCSParser[0;39m - Incompatible:
The carbon with unknown chemical state cannot be converted to molecule.

14:12:15.512 [34mINFO [0;39m [main] [33mWURCSParser[0;39m - Start process for WURCS: WURCS=2.0/3,3,2/[h44h][a2122h-1b_1-5][a2211m-1a_1-5]/1-2-3/a2-b1_b3-c1
14:12:15.512 [31mWARN [0;39m [main] [33mWURCSParser[0;39m - This WURCS cannot be converted to molecule: WURCS=2.0/3,3,2/[h44h][a2122h-1b_1-5][a2211m-1a_1-5]/1-2-3/a2-b1_b3-c1
14:12:15.513 [31mWARN [0;39m [main] [33mWURCSParser[0;39m - Because of:
14:12:15.513 [31mWARN [0;39m [main] [33mWURCSParser[0;39m - Incompatible:
The carbon(s) with relative stereochemistry cannot be converted to molecule.

14:12:15.513 [34mINFO [0;39m [main] [33mWURCSParser[0;39m - Start process for WURCS: WURCS=2.0/1,1,0/[a1221m-1b_1-5_2*F]/1/
14:12:15.513 [34mINFO [0;39m [main] [33mWURCSParser[0;39m - Start process for WURCS: WURCS=2.0/2,4,3/[Aad21122h-2x_2-6_5*NCCO/3=O][Aad21122h-2x_2-6_5*NCC/3=O]/1-2-1-2/a?-b2_b?-c2_c?-d2
14:12:15.514 [34mINFO [0;39m [main] [33mWURCSParser[0;39m - Start process for WURCS: WURCS=2.0/6,12,11/[a2122h-1x_1-5_2*NCC/3=O][a2122h-1b_1-5_2*NCC/3=O][a1122h-1b_1-5][a1122h-1a_1-5][a2112h-1b_1-5][a1221m-1a_1-5]/1-2-3-4-2-5-4-2-5-6-2-5/a4-b1_a6-j1_b4-c1_c3-d1_c6-g1_d2-e1_e4-f1_g2-h1_h4-i1_k4-l1_k1-d4|d6|g4|g6}
14:12:15.514 [31mWARN [0;39m [main] [33mWURCSParser[0;39m - This WURCS cannot be converted to molecule: WURCS=2.0/2,4,3/[Aad21122h-2x_2-6_5*NCCO/3=O][Aad21122h-2x_2-6_5*NCC/3=O]/1-2-1-2/a?-b2_b?-c2_c?-d2
14:12:15.514 [31mWARN [0;39m [main] [33mWURCSParser[0;39m - Because of:
14:12:15.514 [31mWARN [0;39m [main] [33mWURCSParser[0;39m - Incompatible:
The unknown linkage positions cannot be converted to molecule.

14:12:15.514 [34mINFO [0;39m [main] [33mWURCSParser[0;39m - Start process for WURCS: WURCS=2.0/4,6,5/[a2122h-1x_1-5_2*NCC/3=O][a2122h-1b_1-5_2*NCC/3=O][a1122h-1b_1-5][a1122h-1a_1-5]/1-2-3-4-4-2/a4-b1_b4-c1_c3-d1_c6-e1_f1-a2|b2|c2|d2|e2}
14:12:15.516 [31mWARN [0;39m [main] [33mWURCSParser[0;39m - This WURCS cannot be converted to molecule: WURCS=2.0/4,6,5/[a2122h-1x_1-5_2*NCC/3=O][a2122h-1b_1-5_2*NCC/3=O][a1122h-1b_1-5][a1122h-1a_1-5]/1-2-3-4-4-2/a4-b1_b4-c1_c3-d1_c6-e1_f1-a2|b2|c2|d2|e2}
14:12:15.516 [31mWARN [0;39m [main] [33mWURCSParser[0;39m - Because of:
14:12:15.516 [31mWARN [0;39m [main] [33mWURCSParser[0;39m - Incompatible:
The alternative modification cannot be converted to molecule.
Warning:
Only one modification is allowed to be connected to the CarbonDescriptor "2".

14:12:15.516 [34mINFO [0;39m [main] [33mWURCSParser[0;39m - Start process for WURCS: WURCS=2.0/3,3,3/[a1122h-1b_1-5][a2122h-1b_1-5][a2211m-1a_1-5]/1-2-3/a3-b1_a4-c1_a1-b4~n
14:12:15.516 [31mWARN [0;39m [main] [33mWURCSParser[0;39m - This WURCS cannot be converted to molecule: WURCS=2.0/3,3,3/[a1122h-1b_1-5][a2122h-1b_1-5][a2211m-1a_1-5]/1-2-3/a3-b1_a4-c1_a1-b4~n
14:12:15.516 [31mWARN [0;39m [main] [33mWURCSParser[0;39m - Because of:
14:12:15.516 [31mWARN [0;39m [main] [33mWURCSParser[0;39m - Incompatible:
The repeating unit cannot be converted to molecule.

14:12:15.516 [34mINFO [0;39m [main] [33mWURCSParser[0;39m - Start process for WURCS: WURCS=2.0/5,5,4/[h222h][a2112h-1b_1-5_2*NCC/3=O_6*OPO/3O/3=O][a2112h-1a_1-5_2*NCC/3=O_6*OPO/3O/3=O][a2112m-1a_1-5_2*NCC/3=O_4*NCC/3=O][a2122h-1b_1-5]/1-2-3-4-5/a1-b1_b3-c1_c4-d1_d3-e1
14:12:15.517 [31mWARN [0;39m [main] [33mWURCSParser[0;39m - This WURCS cannot be converted to molecule: WURCS=2.0/6,12,11/[a2122h-1x_1-5_2*NCC/3=O][a2122h-1b_1-5_2*NCC/3=O][a1122h-1b_1-5][a1122h-1a_1-5][a2112h-1b_1-5][a1221m-1a_1-5]/1-2-3-4-2-5-4-2-5-6-2-5/a4-b1_a6-j1_b4-c1_c3-d1_c6-g1_d2-e1_e4-f1_g2-h1_h4-i1_k4-l1_k1-d4|d6|g4|g6}
14:12:15.517 [31mWARN [0;39m [main] [33mWURCSParser[0;39m - Because of:
14:12:15.517 [31mWARN [0;39m [main] [33mWURCSParser[0;39m - Incompatible:
The alternative linkage positions cannot be converted to molecule.
The alternative modification cannot be converted to molecule.

14:12:15.517 [34mINFO [0;39m [main] [33mWURCSParser[0;39m - Start process for WURCS: WURCS=2.0/7,15,14/[a2122h-1x_1-5_2*NCC/3=O][a2122h-1b_1-5_2*NCC/3=O][a1122h-1b_1-5][a1122h-1a_1-5][a2112h-1b_1-5][Aad21122h-2a_2-6_5*NCC/3=O][a1221m-1a_1-5]/1-2-3-4-2-5-6-4-2-5-6-2-5-6-7/a4-b1_a6-o1_b4-c1_c3-d1_c6-h1_d2-e1_e4-f1_f6-g2_h2-i1_h6-l1_i4-j1_j3-k2_l4-m1_m6-n2
14:12:15.520 [34mINFO [0;39m [main] [33mWURCSParser[0;39m - Start process for WURCS: WURCS=2.0/5,11,10/[a2122h-1b_1-5_2*NCC/3=O][a1122h-1b_1-5][a1122h-1a_1-5][a2112h-1b_1-5_2*NCC/3=O][a1221m-1a_1-5]/1-1-2-3-1-4-3-1-5-4-5/a4-b1_a6-k1_b4-c1_c3-d1_c6-g1_d2-e1_e4-f1_g2-h1_h3-i1_h4-j1
14:12:15.532 [34mINFO [0;39m [main] [33mWURCSParser[0;39m - Start process for WURCS: WURCS=2.0/7,12,11/[h2122h_2*NCC/3=O][a2122h-1b_1-5_2*NCC/3=O][a1122h-1b_1-5][a1122h-1a_1-5][a2112h-1b_1-5][a1221m-1a_1-5][a2112h-1a_1-5]/1-2-3-4-2-5-4-2-5-6-7-6/a4-b1_a6-l1_b4-c1_c3-d1_c6-g1_d2-e1_e4-f1_g2-h1_h4-i1_i2-j1_i3-k1
14:12:15.541 [34mINFO [0;39m [main] [33mWURCSParser[0;39m - Start process for WURCS: WURCS=2.0/5,15,14/[a2122h-1b_1-5_2*NCC/3=O][a1122h-1b_1-5][a1122h-1a_1-5][a2112h-1b_1-5][Aad21122h-2a_2-6_5*NCC/3=O]/1-1-2-3-1-4-5-1-4-5-3-1-4-1-4/a4-b1_b4-c1_c3-d1_c6-k1_d2-e1_d4-h1_e4-f1_f6-g2_h4-i1_i6-j2_k2-l1_k6-n1_l4-m1_n4-o1
14:12:15.541 [34mINFO [0;39m [main] [33mWURCSParser[0;39m - Start process for WURCS: WURCS=2.0/2,4,4/[hxh][a2112h-1x_1-5_2*NCC/3=O]/1-1-1-2/a1-b1*OPO*/3O/3=O_b3-c1*OPO*/3O/3=O_c2-d1_a3-c3*OPO*/3O/3=O~n
14:12:15.542 [31mWARN [0;39m [main] [33mWURCSParser[0;39m - This WURCS cannot be converted to molecule: WURCS=2.0/2,4,4/[hxh][a2112h-1x_1-5_2*NCC/3=O]/1-1-1-2/a1-b1*OPO*/3O/3=O_b3-c1*OPO*/3O/3=O_c2-d1_a3-c3*OPO*/3O/3=O~n
14:12:15.542 [31mWARN [0;39m [main] [33mWURCSParser[0;39m - Because of:
14:12:15.542 [31mWARN [0;39m [main] [33mWURCSParser[0;39m - Incompatible:
The repeating unit cannot be converted to molecule.

14:12:15.542 [34mINFO [0;39m [main] [33mWURCSParser[0;39m - Start process for WURCS: WURCS=2.0/3,3,2/[a2122h-1b_1-5_2*NCC/3=O_6*OSO/3=O/3=O][a2112h-1b_1-5][Aad21122h-2a_2-6_5*NCC/3=O]/1-2-3/a3-b1_b3-c2
14:12:15.545 [34mINFO [0;39m [main] [33mWURCSParser[0;39m - Start process for WURCS: WURCS=2.0/4,5,4/[h2112h_2*NCC/3=O][a2112h-1b_1-5][a2122h-1b_1-5_2*NCC/3=O][a2112m-1a_1-5]/1-2-2-3-4/a3-b1_b3-c1_b6-d1_d3-e1
14:12:15.547 [34mINFO [0;39m [main] [33mWURCSParser[0;39m - Start process for WURCS: WURCS=2.0/1,3,4/[a2122h-1a_1-5]/1-1-1/a1-c4_a4-b1_b4-c1_a1-a4~5-6
14:12:15.550 [31mWARN [0;39m [main] [33mWURCSParser[0;39m - This WURCS cannot be converted to molecule: WURCS=2.0/1,3,4/[a2122h-1a_1-5]/1-1-1/a1-c4_a4-b1_b4-c1_a1-a4~5-6
14:12:15.550 [31mWARN [0;39m [main] [33mWURCSParser[0;39m - Because of:
14:12:15.550 [31mWARN [0;39m [main] [33mWURCSParser[0;39m - Incompatible:
The repeating unit cannot be converted to molecule.

14:12:15.550 [34mINFO [0;39m [main] [33mWURCSParser[0;39m - Start process for WURCS: WURCS=2.0/6,9,8/[a2122h-1x_1-5_2*NCC/3=O][a2122h-1b_1-5_2*NCC/3=O][a1122h-1b_1-5][a1122h-1a_1-5][a2112h-1b_1-5_2*NCC/3=O_4*OSO/3=O/3=O][a2112h-1b_1-5]/1-2-3-4-2-5-4-2-6/a4-b1_b4-c1_c3-d1_c6-g1_d2-e1_e4-f1_g2-h1_h4-i1
14:12:15.557 [34mINFO [0;39m [main] [33mWURCSParser[0;39m - Start process for WURCS: WURCS=2.0/3,3,2/[a2122A-1x_1-5][a2211m-1a_1-5][a2122h-1b_1-5]/1-2-3/a2-b1_a3-c1
14:12:15.559 [34mINFO [0;39m [main] [33mWURCSParser[0;39m - Start process for WURCS: WURCS=2.0/4,4,3/[u2112h_2*NCC/3=O][a2112h-1b_1-?_3*OSO/3=O/3=O][a2122h-1b_1-?_2*NCC/3=O][a2112h-1b_1-?]/1-2-3-4/a3-b1_a6-c1_c4-d1
14:12:15.559 [34mINFO [0;39m [main] [33mWURCSParser[0;39m - Start process for WURCS: WURCS=2.0/4,8,7/[h1122h_2-5][a2122A-1b_1-5][a2122h-1a_1-5_2*NSO/3=O/3=O][a2122h-1a_1-5_2*NCC/3=O]/1-2-3-2-4-2-3-2/a4-b1_b4-c1_c4-d1_d4-e1_e4-f1_f4-g1_g4-h1
14:12:15.559 [31mWARN [0;39m [main] [33mWURCSParser[0;39m - This WURCS cannot be converted to molecule: WURCS=2.0/4,4,3/[u2112h_2*NCC/3=O][a2112h-1b_1-?_3*OSO/3=O/3=O][a2122h-1b_1-?_2*NCC/3=O][a2112h-1b_1-?]/1-2-3-4/a3-b1_a6-c1_c4-d1
14:12:15.559 [31mWARN [0;39m [main] [33mWURCSParser[0;39m - Because of:
14:12:15.559 [31mWARN [0;39m [main] [33mWURCSParser[0;39m - Incompatible:
The carbon with unknown chemical state cannot be converted to molecule.
The unknown linkage positions cannot be converted to molecule.

14:12:15.559 [34mINFO [0;39m [main] [33mWURCSParser[0;39m - Start process for WURCS: WURCS=2.0/4,10,9/[a2122h-1b_1-5_2*NCC/3=O][a1122h-1b_1-5][a1122h-1a_1-5][a2112h-1b_1-5_2*NCC/3=O]/1-1-2-3-1-4-1-3-1-1/a4-b1_b4-c1_c3-d1_c6-h1_d2-e1_d4-g1_e4-f1_h2-i1_h6-j1
14:12:15.566 [34mINFO [0;39m [main] [33mWURCSParser[0;39m - Start process for WURCS: WURCS=2.0/7,18,17/[a2122h-1x_1-5_2*NCC/3=O][a2122h-1b_1-5_2*NCC/3=O][a1122h-1b_1-5][a1122h-1a_1-5][a2112h-1b_1-5][Aad21122h-2a_2-6_5*NCC/3=O][a1221m-1a_1-5]/1-2-3-4-2-5-6-2-5-6-4-2-5-6-2-5-6-7/a4-b1_a6-r1_b4-c1_c3-d1_c6-k1_d2-e1_d6-h1_e4-f1_f3-g2_h4-i1_i6-j2_k2-l1_k4-o1_l4-m1_m3-n2_o4-p1_p3-q2
14:12:15.568 [34mINFO [0;39m [main] [33mWURCSParser[0;39m - Start process for WURCS: WURCS=2.0/1,2,2/[a3344h-1a_1-?]/1-1/a3-b1_a1-a6~n
14:12:15.569 [31mWARN [0;39m [main] [33mWURCSParser[0;39m - This WURCS cannot be converted to molecule: WURCS=2.0/1,2,2/[a3344h-1a_1-?]/1-1/a3-b1_a1-a6~n
14:12:15.569 [31mWARN [0;39m [main] [33mWURCSParser[0;39m - Because of:
14:12:15.569 [31mWARN [0;39m [main] [33mWURCSParser[0;39m - Incompatible:
The carbon(s) with relative stereochemistry cannot be converted to molecule.
The unknown linkage positions cannot be converted to molecule.
The repeating unit cannot be converted to molecule.

14:12:15.569 [34mINFO [0;39m [main] [33mWURCSParser[0;39m - Start process for WURCS: WURCS=2.0/2,4,3/[a212h-1b_1-5][a211h-1a_1-4]/1-1-2-1/a4-b1_b2-c1_b4-d1
14:12:15.571 [34mINFO [0;39m [main] [33mWURCSParser[0;39m - Start process for WURCS: WURCS=2.0/3,4,3/[a2211m-1a_1-5][a2122h-1b_1-5_2*NCC/3=O][a2122h-1a_1-5]/1-1-2-3/a2-b1_b2-c1_b3-d1
14:12:15.573 [34mINFO [0;39m [main] [33mWURCSParser[0;39m - Start process for WURCS: WURCS=2.0/2,2,1/[a2122h-1x_1-5][a2112h-1b_1-5]/1-2/a3-b1
14:12:15.574 [34mINFO [0;39m [main] [33mWURCSParser[0;39m - Start process for WURCS: WURCS=2.0/5,9,8/[a2122h-1x_1-5][a2112h-1b_1-5][a2122h-1b_1-5_2*NCC/3=O][a1221m-1a_1-5][a2112h-1a_1-5_2*NCC/3=O]/1-2-3-2-4-5-2-4-5/a4-b1_b3-c1_c4-d1_d2-e1_d3-f1_f3-g1_g2-h1_g3-i1
14:12:15.587 [34mINFO [0;39m [main] [33mWURCSParser[0;39m - Start process for WURCS: WURCS=2.0/5,12,11/[Aad1122h-2a_2-6][a11221h-1a_1-5][a2122h-1a_1-5][a2122h-1a_1-5_2*NCC/3=O][a2112h-1a_1-5]/1-1-1-2-2-3-3-3-2-4-5-2/a4-b2_a5-d1_b5-c2_d3-e1_e3-f1_e7-l1_f3-g1_f6-k1_g2-h1_h6-i1_i7-j1
14:12:15.598 [34mINFO [0;39m [main] [33mWURCSParser[0;39m - Start process for WURCS: WURCS=2.0/2,2,1/[a2122h-1x_1-5][a211h-1a_1-4]/1-2/a?-b1
14:12:15.599 [31mWARN [0;39m [main] [33mWURCSParser[0;39m - This WURCS cannot be converted to molecule: WURCS=2.0/2,2,1/[a2122h-1x_1-5][a211h-1a_1-4]/1-2/a?-b1
14:12:15.599 [31mWARN [0;39m [main] [33mWURCSParser[0;39m - Because of:
14:12:15.599 [31mWARN [0;39m [main] [33mWURCSParser[0;39m - Incompatible:
The unknown linkage positions cannot be converted to molecule.

14:12:15.599 [34mINFO [0;39m [main] [33mWURCSParser[0;39m - Start process for WURCS: WURCS=2.0/3,4,3/[a1122h-1x_1-5][a212h-1b_1-5][a1122h-1a_1-5]/1-2-3-3/a2-b1_a3-c1_c6-d1
14:12:15.600 [34mINFO [0;39m [main] [33mWURCSParser[0;39m - Start process for WURCS: WURCS=2.0/5,6,5/[h2112h_2*NCC/3=O][a2112h-1b_1-5][a2112m-1a_1-5][a2122h-1b_1-5_2*NCC/3=O][a2122h-1b_1-5]/1-2-3-4-5-3/a3-b1_a6-d1_b2-c1_d3-e1_d4-f1
14:12:15.601 [34mINFO [0;39m [main] [33mWURCSParser[0;39m - Start process for WURCS: WURCS=2.0/4,9,8/[h2122h_2*NCC/3=O][a2122h-1b_1-5_2*NCC/3=O][a1122h-1b_1-5][a1122h-1a_1-5]/1-2-3-4-4-4-4-4-4/a4-b1_b4-c1_c3-d1_c6-i1_d2-e1_d6-g1_e2-f1_g2-h1
14:12:15.604 [34mINFO [0;39m [main] [33mWURCSParser[0;39m - Start process for WURCS: WURCS=2.0/5,13,12/[a2122h-1b_1-5_2*NCC/3=O][a1122h-1b_1-5][a1122h-1a_1-5][a2112h-1b_1-5][Aad21122h-2a_2-6_5*NCC/3=O]/1-1-2-3-1-4-1-4-3-1-4-5-5/a4-b1_b4-c1_c3-d1_c6-i1_d2-e1_d4-g1_i2-j1_l2-f6|h6|k6}_m2-f6|h6|k6}_e?-f1_g?-h1_j?-k1
14:12:15.606 [31mWARN [0;39m [main] [33mWURCSParser[0;39m - This WURCS cannot be converted to molecule: WURCS=2.0/5,13,12/[a2122h-1b_1-5_2*NCC/3=O][a1122h-1b_1-5][a1122h-1a_1-5][a2112h-1b_1-5][Aad21122h-2a_2-6_5*NCC/3=O]/1-1-2-3-1-4-1-4-3-1-4-5-5/a4-b1_b4-c1_c3-d1_c6-i1_d2-e1_d4-g1_i2-j1_l2-f6|h6|k6}_m2-f6|h6|k6}_e?-f1_g?-h1_j?-k1
14:12:15.607 [31mWARN [0;39m [main] [33mWURCSParser[0;39m - Because of:
14:12:15.607 [31mWARN [0;39m [main] [33mWURCSParser[0;39m - Incompatible:
The unknown linkage positions cannot be converted to molecule.
The alternative modification cannot be converted to molecule.
Warning:
Only one modification is allowed to be connected to the CarbonDescriptor "h".

14:12:15.607 [34mINFO [0;39m [main] [33mWURCSParser[0;39m - Start process for WURCS: WURCS=2.0/9,21,20/[a2122h-1x_1-5_2*NCC/3=O][a2122h-1b_1-5_2*NCC/3=O][a1122h-1b_1-5][a1122h-1a_1-5][a1221m-1a_1-5][a2112h-1b_1-5][Aad21122h-2a_2-6_5*NCCO/3=O][Aad21122h-2a_2-6_5*NCC/3=O][a2112h-1a_1-5]/1-2-3-4-2-5-6-7-8-2-6-7-4-2-6-8-8-2-6-9-5/a4-b1_a6-u1_b4-c1_c3-d1_c6-m1_d2-e1_d4-j1_e3-f1_e4-g1_h8-i2_j4-k1_m2-n1_m6-r1_n4-o1_p8-q2_r4-s1_s3-t1_h2-g3|g6_l2-k3|k6_p2-o3|o6
14:12:15.607 [34mINFO [0;39m [main] [33mWURCSParser[0;39m - Start process for WURCS: WURCS=2.0/6,8,7/[a2122h-1x_1-5_2*NCC/3=O][a2122h-1b_1-5_2*NCC/3=O][a1122h-1b_1-5][a1122h-1a_1-5][a2112h-1b_1-5_2*NCC/3=O][Aad21122h-2a_2-6_5*NCC/3=O]/1-2-3-4-2-5-6-4/a4-b1_b4-c1_c3-d1_c6-h1_d2-e1_e4-f1_f6-g2
14:12:15.612 [34mINFO [0;39m [main] [33mWURCSParser[0;39m - Start process for WURCS: WURCS=2.0/6,7,6/[a2112h-1x_1-5_2*NCC/3=O][a2122h-1b_1-5_2*NCC/3=O][a2112h-1b_1-5][Aad21122h-2a_2-6_5*NCC/3=O][a1221m-1a_1-5][a2112h-1b_1-5_6*OSO/3=O/3=O]/1-2-3-4-2-5-6/a3-b1_a6-e1_b4-c1_c3-d2_e3-f1_e4-g1
14:12:15.615 [31mWARN [0;39m [main] [33mWURCSParser[0;39m - This WURCS cannot be converted to molecule: WURCS=2.0/9,21,20/[a2122h-1x_1-5_2*NCC/3=O][a2122h-1b_1-5_2*NCC/3=O][a1122h-1b_1-5][a1122h-1a_1-5][a1221m-1a_1-5][a2112h-1b_1-5][Aad21122h-2a_2-6_5*NCCO/3=O][Aad21122h-2a_2-6_5*NCC/3=O][a2112h-1a_1-5]/1-2-3-4-2-5-6-7-8-2-6-7-4-2-6-8-8-2-6-9-5/a4-b1_a6-u1_b4-c1_c3-d1_c6-m1_d2-e1_d4-j1_e3-f1_e4-g1_h8-i2_j4-k1_m2-n1_m6-r1_n4-o1_p8-q2_r4-s1_s3-t1_h2-g3|g6_l2-k3|k6_p2-o3|o6
14:12:15.615 [31mWARN [0;39m [main] [33mWURCSParser[0;39m - Because of:
14:12:15.615 [31mWARN [0;39m [main] [33mWURCSParser[0;39m - Incompatible:
The alternative linkage positions cannot be converted to molecule.

14:12:15.615 [34mINFO [0;39m [main] [33mWURCSParser[0;39m - Start process for WURCS: WURCS=2.0/4,8,7/[a2122h-1x_1-5_2*NCC/3=O][a2122h-1b_1-5_2*NCC/3=O][a1122h-1b_1-5][a1122h-1a_1-5]/1-2-3-4-4-4-4-4/a4-b1_b4-c1_c3-d1_c6-e1_e6-f1_g1-a2|b2|c2|d2|e2|f2}_h1-a2|b2|c2|d2|e2|f2}
14:12:15.617 [31mWARN [0;39m [main] [33mWURCSParser[0;39m - This WURCS cannot be converted to molecule: WURCS=2.0/4,8,7/[a2122h-1x_1-5_2*NCC/3=O][a2122h-1b_1-5_2*NCC/3=O][a1122h-1b_1-5][a1122h-1a_1-5]/1-2-3-4-4-4-4-4/a4-b1_b4-c1_c3-d1_c6-e1_e6-f1_g1-a2|b2|c2|d2|e2|f2}_h1-a2|b2|c2|d2|e2|f2}
14:12:15.617 [31mWARN [0;39m [main] [33mWURCSParser[0;39m - Because of:
14:12:15.617 [31mWARN [0;39m [main] [33mWURCSParser[0;39m - Incompatible:
The alternative modification cannot be converted to molecule.
Warning:
Only one modification is allowed to be connected to the CarbonDescriptor "2".
Only one modification is allowed to be connected to the CarbonDescriptor "1".

14:12:15.617 [34mINFO [0;39m [main] [33mWURCSParser[0;39m - Start process for WURCS: WURCS=2.0/5,5,4/[a2122h-1a_1-5_2*NSO/3=O/3=O_6*OSO/3=O/3=O][a2121A-1a_1-5_2*OSO/3=O/3=O][a2122h-1a_1-5_2*NSO/3=O/3=O_3*OSO/3=O/3=O_6*OSO/3=O/3=O][a2122A-1b_1-5][a2122h-1a_1-5_2*NCC/3=O_6*OSO/3=O/3=O]/1-2-3-4-5/a4-b1_b4-c1_c4-d1_d4-e1
14:12:15.619 [34mINFO [0;39m [main] [33mWURCSParser[0;39m - Start process for WURCS: WURCS=2.0/2,4,3/[a2122h-1b_1-5_2*NCC/3=O][a1122h-1a_1-5]/1-1-2-2/a4-b1_b4-c1_c3-d1
14:12:15.622 [34mINFO [0;39m [main] [33mWURCSParser[0;39m - Start process for WURCS: WURCS=2.0/5,8,7/[AUd1122h][a11221h-1a_1-5][a2122h-1b_1-5][a11222h-1a_1-5][a2122h-1x_1-5]/1-2-2-2-3-3-4-5/a5-b1_b3-c1_b4-f1_c2-d1_d2-e1_f6-g1_g4-h1
14:12:15.622 [34mINFO [0;39m [main] [33mWURCSParser[0;39m - Start process for WURCS: WURCS=2.0/2,4,4/[a2211m-1a_1-5][a2112m-1a_1-5_3*NCC/3=O]/1-1-2-1/a3-b1_b2-c1_b3-d1_a1-d2~n
14:12:15.622 [31mWARN [0;39m [main] [33mWURCSParser[0;39m - This WURCS cannot be converted to molecule: WURCS=2.0/5,8,7/[AUd1122h][a11221h-1a_1-5][a2122h-1b_1-5][a11222h-1a_1-5][a2122h-1x_1-5]/1-2-2-2-3-3-4-5/a5-b1_b3-c1_b4-f1_c2-d1_d2-e1_f6-g1_g4-h1
14:12:15.622 [31mWARN [0;39m [main] [33mWURCSParser[0;39m - Because of:
14:12:15.622 [31mWARN [0;39m [main] [33mWURCSParser[0;39m - Incompatible:
The carbon with unknown chemical state cannot be converted to molecule.

14:12:15.623 [34mINFO [0;39m [main] [33mWURCSParser[0;39m - Start process for WURCS: WURCS=2.0/3,10,10/[a1122h-1a_1-5][a2122A-1b_1-5][a212h-1b_1-5]/1-2-1-1-3-1-2-1-3-1/a2-b1_a3-c1_c3-d1_d2-e1_d3-f1_f2-g1_f3-h1_h2-i1_h3-j1_a1-j3~n
14:12:15.623 [31mWARN [0;39m [main] [33mWURCSParser[0;39m - This WURCS cannot be converted to molecule: WURCS=2.0/2,4,4/[a2211m-1a_1-5][a2112m-1a_1-5_3*NCC/3=O]/1-1-2-1/a3-b1_b2-c1_b3-d1_a1-d2~n
14:12:15.623 [31mWARN [0;39m [main] [33mWURCSParser[0;39m - Because of:
14:12:15.623 [31mWARN [0;39m [main] [33mWURCSParser[0;39m - Incompatible:
The repeating unit cannot be converted to molecule.

14:12:15.623 [34mINFO [0;39m [main] [33mWURCSParser[0;39m - Start process for WURCS: WURCS=2.0/1,1,0/[a21O2h-1b_1-5_2*NCC/3=O]/1/
14:12:15.624 [31mWARN [0;39m [main] [33mWURCSParser[0;39m - This WURCS cannot be converted to molecule: WURCS=2.0/3,10,10/[a1122h-1a_1-5][a2122A-1b_1-5][a212h-1b_1-5]/1-2-1-1-3-1-2-1-3-1/a2-b1_a3-c1_c3-d1_d2-e1_d3-f1_f2-g1_f3-h1_h2-i1_h3-j1_a1-j3~n
14:12:15.624 [31mWARN [0;39m [main] [33mWURCSParser[0;39m - Because of:
14:12:15.624 [31mWARN [0;39m [main] [33mWURCSParser[0;39m - Incompatible:
The repeating unit cannot be converted to molecule.

14:12:15.624 [34mINFO [0;39m [main] [33mWURCSParser[0;39m - Start process for WURCS: WURCS=2.0/2,3,2/[a2112h-1x_1-5][a2122h-1b_1-5]/1-2-2/a4-b1_b3-c1
14:12:15.624 [34mINFO [0;39m [main] [33mWURCSParser[0;39m - Start process for WURCS: WURCS=2.0/6,9,8/[h2122h_2*NCC/3=O][a2122h-1b_1-5_2*NCC/3=O][a1122h-1b_1-5][a1122h-1a_1-5][a2112h-1b_1-5][Aad21122h-2a_2-6_5*NCC/3=O]/1-2-3-4-2-4-2-5-6/a4-b1_b4-c1_c3-d1_c6-f1_d2-e1_f2-g1_g4-h1_h6-i2
14:12:15.625 [34mINFO [0;39m [main] [33mWURCSParser[0;39m - Start process for WURCS: WURCS=2.0/8,21,20/[a2122h-1x_1-5_2*NCC/3=O][a2122h-1b_1-5_2*NCC/3=O][a1122h-1b_1-5][a1122h-1a_1-5][a2112h-1b_1-5][Aad21122h-2a_2-6_5*NCCO/3=O][Aad21122h-2a_2-6_5*NCC/3=O][a2112h-1a_1-5]/1-2-3-4-2-5-2-5-6-7-2-5-8-2-4-2-5-8-2-5-8/a4-b1_b4-c1_c3-d1_c4-n1_c6-o1_d2-e1_d4-k1_e4-f1_f3-g1_g4-h1_i8-j2_k4-l1_l3-m1_o2-p1_o6-s1_p4-q1_q3-r1_s4-t1_t3-u1_i2-h3|h6
14:12:15.628 [31mWARN [0;39m [main] [33mWURCSParser[0;39m - This WURCS cannot be converted to molecule: WURCS=2.0/8,21,20/[a2122h-1x_1-5_2*NCC/3=O][a2122h-1b_1-5_2*NCC/3=O][a1122h-1b_1-5][a1122h-1a_1-5][a2112h-1b_1-5][Aad21122h-2a_2-6_5*NCCO/3=O][Aad21122h-2a_2-6_5*NCC/3=O][a2112h-1a_1-5]/1-2-3-4-2-5-2-5-6-7-2-5-8-2-4-2-5-8-2-5-8/a4-b1_b4-c1_c3-d1_c4-n1_c6-o1_d2-e1_d4-k1_e4-f1_f3-g1_g4-h1_i8-j2_k4-l1_l3-m1_o2-p1_o6-s1_p4-q1_q3-r1_s4-t1_t3-u1_i2-h3|h6
14:12:15.628 [31mWARN [0;39m [main] [33mWURCSParser[0;39m - Because of:
14:12:15.628 [31mWARN [0;39m [main] [33mWURCSParser[0;39m - Incompatible:
The alternative linkage positions cannot be converted to molecule.

14:12:15.628 [34mINFO [0;39m [main] [33mWURCSParser[0;39m - Start process for WURCS: WURCS=2.0/6,10,9/[a2122h-1x_1-5_2*NCC/3=O][a2122h-1b_1-5_2*NCC/3=O][a1122h-1b_1-5][a1122h-1a_1-5][a2112h-1b_1-5][Aad21122h-2a_2-6_5*NCC/3=O]/1-2-3-4-2-5-4-2-5-6/a4-b1_b4-c1_c3-d1_c6-g1_d2-e1_e4-f1_g2-h1_h4-i1_j1-f6|i6}
14:12:15.630 [31mWARN [0;39m [main] [33mWURCSParser[0;39m - This WURCS cannot be converted to molecule: WURCS=2.0/6,10,9/[a2122h-1x_1-5_2*NCC/3=O][a2122h-1b_1-5_2*NCC/3=O][a1122h-1b_1-5][a1122h-1a_1-5][a2112h-1b_1-5][Aad21122h-2a_2-6_5*NCC/3=O]/1-2-3-4-2-5-4-2-5-6/a4-b1_b4-c1_c3-d1_c6-g1_d2-e1_e4-f1_g2-h1_h4-i1_j1-f6|i6}
14:12:15.630 [31mWARN [0;39m [main] [33mWURCSParser[0;39m - Because of:
14:12:15.630 [31mWARN [0;39m [main] [33mWURCSParser[0;39m - Incompatible:
The alternative modification cannot be converted to molecule.

14:12:15.630 [34mINFO [0;39m [main] [33mWURCSParser[0;39m - Start process for WURCS: WURCS=2.0/3,3,2/[a2211m-1x_1-5][a2122h-1b_1-5][a2122A-1b_1-5]/1-2-3/a4-b1_b4-c1
14:12:15.631 [34mINFO [0;39m [main] [33mWURCSParser[0;39m - Start process for WURCS: WURCS=2.0/9,9,8/[Aad1122h-2a_2-?][Aad1122h-2a_2-6][a11221h-1a_1-5_2*OP^XOP^XOCCN/5O/5=O/3O/3=O_4*OPO/3O/3=O][a11221h-1a_1-5_6*OPO/3O/3=O][a2112h-1a_1-5_2*N][a2122h-1a_1-5][a2122h-1b_1-5_2*NCC/3=O][a2122h-1b_1-5][a2211m-1a_1-5]/1-2-3-4-5-6-7-8-9/a4-b2_a5-c1_c3-d1_d3-e1_e3-f1_f2-g1_f4-h1_h6-i1
14:12:15.631 [34mINFO [0;39m [main] [33mWURCSParser[0;39m - Start process for WURCS: WURCS=2.0/4,4,4/[a2112h-1a_1-5][a2112h-1a_1-5_2*NCC/3=O][a1221m-1a_1-5_2*NCC/3=O][a1122h-1b_1-5_2*NCC/3=O]/1-2-3-4/a4-b1_b3-c1_c3-d1_a1-d3~n
14:12:15.632 [31mWARN [0;39m [main] [33mWURCSParser[0;39m - This WURCS cannot be converted to molecule: WURCS=2.0/4,4,4/[a2112h-1a_1-5][a2112h-1a_1-5_2*NCC/3=O][a1221m-1a_1-5_2*NCC/3=O][a1122h-1b_1-5_2*NCC/3=O]/1-2-3-4/a4-b1_b3-c1_c3-d1_a1-d3~n
14:12:15.632 [31mWARN [0;39m [main] [33mWURCSParser[0;39m - Because of:
14:12:15.632 [31mWARN [0;39m [main] [33mWURCSParser[0;39m - Incompatible:
The repeating unit cannot be converted to molecule.

14:12:15.632 [34mINFO [0;39m [main] [33mWURCSParser[0;39m - Start process for WURCS: WURCS=2.0/6,9,8/[a2122h-1x_1-5_2*NCC/3=O][a2122h-1b_1-5_2*NCC/3=O][a1122h-1b_1-5][a1122h-1a_1-5][a2112h-1b_1-5][Aad21122h-2a_2-6_5*NCC/3=O]/1-2-3-4-2-5-6-4-4/a4-b1_b4-c1_c3-d1_c6-h1_d2-e1_e4-f1_h3-i1_g2-f3|f6
14:12:15.633 [31mWARN [0;39m [main] [33mWURCSParser[0;39m - This WURCS cannot be converted to molecule: WURCS=2.0/6,9,8/[a2122h-1x_1-5_2*NCC/3=O][a2122h-1b_1-5_2*NCC/3=O][a1122h-1b_1-5][a1122h-1a_1-5][a2112h-1b_1-5][Aad21122h-2a_2-6_5*NCC/3=O]/1-2-3-4-2-5-6-4-4/a4-b1_b4-c1_c3-d1_c6-h1_d2-e1_e4-f1_h3-i1_g2-f3|f6
14:12:15.633 [31mWARN [0;39m [main] [33mWURCSParser[0;39m - Because of:
14:12:15.633 [31mWARN [0;39m [main] [33mWURCSParser[0;39m - Incompatible:
The alternative linkage positions cannot be converted to molecule.

14:12:15.633 [31mWARN [0;39m [main] [33mWURCSParser[0;39m - This WURCS cannot be converted to molecule: WURCS=2.0/9,9,8/[Aad1122h-2a_2-?][Aad1122h-2a_2-6][a11221h-1a_1-5_2*OP^XOP^XOCCN/5O/5=O/3O/3=O_4*OPO/3O/3=O][a11221h-1a_1-5_6*OPO/3O/3=O][a2112h-1a_1-5_2*N][a2122h-1a_1-5][a2122h-1b_1-5_2*NCC/3=O][a2122h-1b_1-5][a2211m-1a_1-5]/1-2-3-4-5-6-7-8-9/a4-b2_a5-c1_c3-d1_d3-e1_e3-f1_f2-g1_f4-h1_h6-i1
14:12:15.634 [31mWARN [0;39m [main] [33mWURCSParser[0;39m - Because of:
14:12:15.634 [31mWARN [0;39m [main] [33mWURCSParser[0;39m - Incompatible:
The unknown linkage positions cannot be converted to molecule.
Warning:
The MAP could be normalized.
The validation for the linkages on the MAP can not be checked, because the StarIndices on the MAP may also be changed.

14:12:15.634 [34mINFO [0;39m [main] [33mWURCSParser[0;39m - Start process for WURCS: WURCS=2.0/7,11,10/[a2122h-1x_1-5_2*NCC/3=O][a2122h-1b_1-5_2*NCC/3=O][a1122h-1b_1-5][a1122h-1a_1-5][a2112h-1b_1-5][Aad21122h-2a_2-6_5*NCCO/3=O][Aad21122h-2a_2-6_5*NCC/3=O]/1-2-3-4-2-5-6-4-2-5-7/a4-b1_b4-c1_c3-d1_c6-h1_d2-e1_e4-f1_f6-g2_h2-i1_i4-j1_j6-k2
14:12:15.634 [34mINFO [0;39m [main] [33mWURCSParser[0;39m - Start process for WURCS: WURCS=2.0/7,17,16/[a2122h-1x_1-5_2*NCC/3=O][a2122h-1b_1-5_2*NCC/3=O][a1122h-1b_1-5][a1122h-1a_1-5][a1221m-1a_1-5][a2112h-1b_1-5][Aad21122h-2a_2-6_5*NCC/3=O]/1-2-3-4-2-5-6-7-2-6-4-2-6-2-6-2-6/a4-b1_b4-c1_c3-d1_c6-k1_d2-e1_d4-i1_e3-f1_e4-g1_i4-j1_k2-l1_k6-p1_l4-m1_m3-n1_n4-o1_p4-q1_h2-g3|g6
14:12:15.636 [31mWARN [0;39m [main] [33mWURCSParser[0;39m - This WURCS cannot be converted to molecule: WURCS=2.0/7,17,16/[a2122h-1x_1-5_2*NCC/3=O][a2122h-1b_1-5_2*NCC/3=O][a1122h-1b_1-5][a1122h-1a_1-5][a1221m-1a_1-5][a2112h-1b_1-5][Aad21122h-2a_2-6_5*NCC/3=O]/1-2-3-4-2-5-6-7-2-6-4-2-6-2-6-2-6/a4-b1_b4-c1_c3-d1_c6-k1_d2-e1_d4-i1_e3-f1_e4-g1_i4-j1_k2-l1_k6-p1_l4-m1_m3-n1_n4-o1_p4-q1_h2-g3|g6
14:12:15.636 [31mWARN [0;39m [main] [33mWURCSParser[0;39m - Because of:
14:12:15.636 [31mWARN [0;39m [main] [33mWURCSParser[0;39m - Incompatible:
The alternative linkage positions cannot be converted to molecule.

14:12:15.636 [34mINFO [0;39m [main] [33mWURCSParser[0;39m - Start process for WURCS: WURCS=2.0/6,6,5/[a2112h-1x_1-5_2*NCC/3=O][a2122h-1b_1-5][a2122h-1a_1-5][a2112h-1b_1-5_2*NCC/3=O][a2112h-1b_1-5][a2112h-1a_1-5]/1-2-3-4-5-6/a3-b1_b2-c1_b4-d1_b6-f1_d4-e1
14:12:15.641 [34mINFO [0;39m [main] [33mWURCSParser[0;39m - Start process for WURCS: WURCS=2.0/2,3,2/[a1122h-1b_1-5][a1122h-1a_1-5]/1-1-2/a2-b1_b3-c1
14:12:15.642 [34mINFO [0;39m [main] [33mWURCSParser[0;39m - Start process for WURCS: WURCS=2.0/2,2,1/[a1122h-1x_1-5][a2122h-1b_1-5_2*NCC/3=O]/1-2/a3-b1
14:12:15.643 [34mINFO [0;39m [main] [33mWURCSParser[0;39m - Start process for WURCS: WURCS=2.0/2,5,4/[a2112h-1x_1-5][Aad21122h-2a_2-6_5*NCC/3=O]/1-1-1-2-2/a3-b1_b3-c1_c3-d2_d?-e2
14:12:15.644 [31mWARN [0;39m [main] [33mWURCSParser[0;39m - This WURCS cannot be converted to molecule: WURCS=2.0/2,5,4/[a2112h-1x_1-5][Aad21122h-2a_2-6_5*NCC/3=O]/1-1-1-2-2/a3-b1_b3-c1_c3-d2_d?-e2
14:12:15.644 [31mWARN [0;39m [main] [33mWURCSParser[0;39m - Because of:
14:12:15.644 [31mWARN [0;39m [main] [33mWURCSParser[0;39m - Incompatible:
The unknown linkage positions cannot be converted to molecule.

14:12:15.644 [34mINFO [0;39m [main] [33mWURCSParser[0;39m - Start process for WURCS: WURCS=2.0/4,14,13/[a2122h-1b_1-5_2*NCC/3=O][a1122h-1b_1-5][a1122h-1a_1-5][a2112h-1b_1-5]/1-1-2-3-1-4-1-4-1-3-1-4-1-4/a4-b1_b4-c1_c3-d1_c4-i1_c6-j1_d2-e1_d4-g1_j2-k1_j6-m1_e?-f1_g?-h1_k?-l1_m?-n1
14:12:15.645 [34mINFO [0;39m [main] [33mWURCSParser[0;39m - Start process for WURCS: WURCS=2.0/5,10,9/[a2122h-1b_1-5_2*NCC/3=O][a1122h-1b_1-5][a1122h-1a_1-5][a2112h-1b_1-5][Aad21122h-2a_2-6_5*NCC/3=O]/1-1-2-3-1-4-5-3-3-3/a4-b1_b4-c1_c3-d1_c6-h1_d2-e1_e4-f1_f6-g2_h3-i1_i2-j1
14:12:15.646 [31mWARN [0;39m [main] [33mWURCSParser[0;39m - This WURCS cannot be converted to molecule: WURCS=2.0/4,14,13/[a2122h-1b_1-5_2*NCC/3=O][a1122h-1b_1-5][a1122h-1a_1-5][a2112h-1b_1-5]/1-1-2-3-1-4-1-4-1-3-1-4-1-4/a4-b1_b4-c1_c3-d1_c4-i1_c6-j1_d2-e1_d4-g1_j2-k1_j6-m1_e?-f1_g?-h1_k?-l1_m?-n1
14:12:15.646 [31mWARN [0;39m [main] [33mWURCSParser[0;39m - Because of:
14:12:15.646 [31mWARN [0;39m [main] [33mWURCSParser[0;39m - Incompatible:
The unknown linkage positions cannot be converted to molecule.

14:12:15.646 [34mINFO [0;39m [main] [33mWURCSParser[0;39m - Start process for WURCS: WURCS=2.0/3,3,2/[a2112h-1b_1-5][a12d1m-1a_1-5][a2112h-1a_1-5]/1-2-3/a2-b1_a3-c1
14:12:15.648 [34mINFO [0;39m [main] [33mWURCSParser[0;39m - Start process for WURCS: WURCS=2.0/7,13,12/[a2122h-1x_1-5_2*NCC/3=O][a2122h-1b_1-5_2*NCC/3=O][a1122h-1b_1-5][a1122h-1a_1-5][a1221m-1a_1-5][a2112h-1b_1-5][Aad21122h-2a_2-6_5*NCC/3=O]/1-2-3-4-2-5-6-7-7-4-2-6-7/a4-b1_b4-c1_c3-d1_c6-j1_d2-e1_e3-f1_e4-g1_h8-i2_j2-k1_k4-l1_h2-g3|g6_m2-l3|l6
14:12:15.650 [31mWARN [0;39m [main] [33mWURCSParser[0;39m - This WURCS cannot be converted to molecule: WURCS=2.0/7,13,12/[a2122h-1x_1-5_2*NCC/3=O][a2122h-1b_1-5_2*NCC/3=O][a1122h-1b_1-5][a1122h-1a_1-5][a1221m-1a_1-5][a2112h-1b_1-5][Aad21122h-2a_2-6_5*NCC/3=O]/1-2-3-4-2-5-6-7-7-4-2-6-7/a4-b1_b4-c1_c3-d1_c6-j1_d2-e1_e3-f1_e4-g1_h8-i2_j2-k1_k4-l1_h2-g3|g6_m2-l3|l6
14:12:15.650 [31mWARN [0;39m [main] [33mWURCSParser[0;39m - Because of:
14:12:15.650 [31mWARN [0;39m [main] [33mWURCSParser[0;39m - Incompatible:
The alternative linkage positions cannot be converted to molecule.

14:12:15.650 [34mINFO [0;39m [main] [33mWURCSParser[0;39m - Start process for WURCS: WURCS=2.0/4,4,3/[u2112h][a2112h-1b_1-5][a2112h-1a_1-5][a2112h-1b_1-5_2*NCC/3=O]/1-2-3-4/a4-b1_b4-c1_c3-d1
14:12:15.650 [31mWARN [0;39m [main] [33mWURCSParser[0;39m - This WURCS cannot be converted to molecule: WURCS=2.0/4,4,3/[u2112h][a2112h-1b_1-5][a2112h-1a_1-5][a2112h-1b_1-5_2*NCC/3=O]/1-2-3-4/a4-b1_b4-c1_c3-d1
14:12:15.651 [31mWARN [0;39m [main] [33mWURCSParser[0;39m - Because of:
14:12:15.651 [31mWARN [0;39m [main] [33mWURCSParser[0;39m - Incompatible:
The carbon with unknown chemical state cannot be converted to molecule.

14:12:15.651 [34mINFO [0;39m [main] [33mWURCSParser[0;39m - Start process for WURCS: WURCS=2.0/4,4,4/[a2211m-1a_1-5][a2211m-1b_1-5][a2211m-1a_1-5_3-4*OC^XO*/3CO/6=O/3C][a2112h-1a_1-5]/1-2-3-4/a4-b1_b3-c1_c2-d1_a1-d3~n
14:12:15.652 [34mINFO [0;39m [main] [33mWURCSParser[0;39m - Start process for WURCS: WURCS=2.0/3,3,2/[a2122h-1b_1-5][a2112h-1b_1-5][Aad21122h-2a_2-6_5*NCC/3=O]/1-2-3/a4-b1_b3-c2
14:12:15.652 [31mWARN [0;39m [main] [33mWURCSParser[0;39m - This WURCS cannot be converted to molecule: WURCS=2.0/4,4,4/[a2211m-1a_1-5][a2211m-1b_1-5][a2211m-1a_1-5_3-4*OC^XO*/3CO/6=O/3C][a2112h-1a_1-5]/1-2-3-4/a4-b1_b3-c1_c2-d1_a1-d3~n
14:12:15.652 [31mWARN [0;39m [main] [33mWURCSParser[0;39m - Because of:
14:12:15.652 [31mWARN [0;39m [main] [33mWURCSParser[0;39m - Incompatible:
The repeating unit cannot be converted to molecule.

14:12:15.652 [34mINFO [0;39m [main] [33mWURCSParser[0;39m - Start process for WURCS: WURCS=2.0/9,11,10/[a2122h-1x_1-5_2*NCC/3=O][a2122h-1b_1-5_2*NCC/3=O][a1122h-1b_1-5][a212h-1b_1-5][a1122h-1a_1-5][a2112h-1b_1-5_2*NCC/3=O][a2112h-1b_1-5_4*OC][a2112h-1b_1-5_3*OC][a1221m-1a_1-5]/1-2-3-4-5-5-2-6-7-8-9/a4-b1_a6-k1_b4-c1_c2-d1_c3-e1_c6-f1_f2-g1_g4-h1_h3-i1_h6-j1
14:12:15.654 [34mINFO [0;39m [main] [33mWURCSParser[0;39m - Start process for WURCS: WURCS=2.0/8,13,12/[AUd1122h][a11221h-1a_1-5][a2122h-1a_1-5][a2122h-1x_1-5_2*NCC/3=O][a2112h-1x_1-5][a2122h-1b_1-5_2*NCC/3=O][a2112h-1b_1-5][a2112h-1a_1-5]/1-2-2-3-3-3-2-4-5-6-7-8-2/a5-b1_b3-c1_c3-d1_c7-m1_d3-e1_d6-l1_e2-f1_f6-g1_g7-h1_h3-i1_i3-j1_j4-k1
14:12:15.656 [31mWARN [0;39m [main] [33mWURCSParser[0;39m - This WURCS cannot be converted to molecule: WURCS=2.0/8,13,12/[AUd1122h][a11221h-1a_1-5][a2122h-1a_1-5][a2122h-1x_1-5_2*NCC/3=O][a2112h-1x_1-5][a2122h-1b_1-5_2*NCC/3=O][a2112h-1b_1-5][a2112h-1a_1-5]/1-2-2-3-3-3-2-4-5-6-7-8-2/a5-b1_b3-c1_c3-d1_c7-m1_d3-e1_d6-l1_e2-f1_f6-g1_g7-h1_h3-i1_i3-j1_j4-k1
14:12:15.656 [31mWARN [0;39m [main] [33mWURCSParser[0;39m - Because of:
14:12:15.656 [31mWARN [0;39m [main] [33mWURCSParser[0;39m - Incompatible:
The carbon with unknown chemical state cannot be converted to molecule.

14:12:15.656 [34mINFO [0;39m [main] [33mWURCSParser[0;39m - Start process for WURCS: WURCS=2.0/4,7,6/[u2122h_2*NCC/3=O][a2112h-1b_1-5][a2122h-1b_1-5_2*NCC/3=O][a2112h-1a_1-5]/1-2-3-2-3-2-4/a4-b1_b3-c1_b6-e1_c4-d1_e4-f1_f3-g1
14:12:15.657 [31mWARN [0;39m [main] [33mWURCSParser[0;39m - This WURCS cannot be converted to molecule: WURCS=2.0/4,7,6/[u2122h_2*NCC/3=O][a2112h-1b_1-5][a2122h-1b_1-5_2*NCC/3=O][a2112h-1a_1-5]/1-2-3-2-3-2-4/a4-b1_b3-c1_b6-e1_c4-d1_e4-f1_f3-g1
14:12:15.657 [31mWARN [0;39m [main] [33mWURCSParser[0;39m - Because of:
14:12:15.657 [31mWARN [0;39m [main] [33mWURCSParser[0;39m - Incompatible:
The carbon with unknown chemical state cannot be converted to molecule.

14:12:15.657 [34mINFO [0;39m [main] [33mWURCSParser[0;39m - Start process for WURCS: WURCS=2.0/2,2,1/[a2112h-1b_1-5_2*NCC/3=O_4*OSO/3=O/3=O_6*OSO/3=O/3=O][a21EEA-1a_1-5_2*OSO/3=O/3=O]/1-2/a3-b1
14:12:15.659 [34mINFO [0;39m [main] [33mWURCSParser[0;39m - Start process for WURCS: WURCS=2.0/5,5,4/[a2122h-1x_1-5_2*NCC/3=O][a2122h-1b_1-5_2*NCC/3=O][a1122h-1b_1-5][a1122h-1a_1-5][a1221m-1a_1-5]/1-2-3-4-5/a4-b1_a6-e1_b4-c1_c3-d1
14:12:15.661 [34mINFO [0;39m [main] [33mWURCSParser[0;39m - Start process for WURCS: WURCS=2.0/3,3,2/[a2122h-1x_1-5][a1122h-1a_1-5][a2211m-1a_1-5]/1-2-3/a2-b1_a3-c1
14:12:15.662 [34mINFO [0;39m [main] [33mWURCSParser[0;39m - Start process for WURCS: WURCS=2.0/5,10,9/[a2112h-1x_1-5_2*NCC/3=O][a2112h-1b_1-5][a2122h-1b_1-5_2*NCC/3=O][a2112h-1x_1-5][Aad21122h-2a_2-6_5*NCCO/3=O]/1-2-3-2-3-4-5-3-4-4/a3-b1_b3-c1_c4-d1_d3-e1_d6-h1_e4-f1_f3-g2_h4-i1_i3-j1
14:12:15.663 [34mINFO [0;39m [main] [33mWURCSParser[0;39m - Start process for WURCS: WURCS=2.0/7,19,18/[a2122h-1x_1-5_2*NCC/3=O][a2122h-1b_1-5_2*NCC/3=O][a1122h-1b_1-5][a1122h-1a_1-5][a2112h-1b_1-5][Aad21122h-2a_2-6_5*NCCO/3=O][a1221m-1a_1-5]/1-2-3-4-2-5-6-2-5-2-4-2-5-2-5-6-2-5-7/a4-b1_a6-s1_b4-c1_c3-d1_c4-j1_c6-k1_d2-e1_d4-h1_e4-f1_h4-i1_k2-l1_k6-q1_l4-m1_m3-n1_n4-o1_q4-r1_g2-f3|f6_p2-o3|o6
14:12:15.666 [31mWARN [0;39m [main] [33mWURCSParser[0;39m - This WURCS cannot be converted to molecule: WURCS=2.0/7,19,18/[a2122h-1x_1-5_2*NCC/3=O][a2122h-1b_1-5_2*NCC/3=O][a1122h-1b_1-5][a1122h-1a_1-5][a2112h-1b_1-5][Aad21122h-2a_2-6_5*NCCO/3=O][a1221m-1a_1-5]/1-2-3-4-2-5-6-2-5-2-4-2-5-2-5-6-2-5-7/a4-b1_a6-s1_b4-c1_c3-d1_c4-j1_c6-k1_d2-e1_d4-h1_e4-f1_h4-i1_k2-l1_k6-q1_l4-m1_m3-n1_n4-o1_q4-r1_g2-f3|f6_p2-o3|o6
14:12:15.666 [31mWARN [0;39m [main] [33mWURCSParser[0;39m - Because of:
14:12:15.666 [31mWARN [0;39m [main] [33mWURCSParser[0;39m - Incompatible:
The alternative linkage positions cannot be converted to molecule.

14:12:15.667 [34mINFO [0;39m [main] [33mWURCSParser[0;39m - Start process for WURCS: WURCS=2.0/6,10,9/[a2122h-1x_1-5_2*NCC/3=O][a2122h-1b_1-5_2*NCC/3=O][a1122h-1b_1-5][a1122h-1a_1-5][a2112h-1b_1-5][a1221m-1a_1-5]/1-2-3-4-2-4-2-5-2-6/a4-b1_a6-j1_b4-c1_c3-d1_c6-f1_d2-e1_f2-g1_f6-i1_g4-h1
14:12:15.672 [34mINFO [0;39m [main] [33mWURCSParser[0;39m - Start process for WURCS: WURCS=2.0/3,4,3/[a212h-1b_1-5][a2211m-1a_1-5][a2122h-1b_1-5]/1-2-1-3/a2-b1_b3-c1_c4-d1
14:12:15.674 [34mINFO [0;39m [main] [33mWURCSParser[0;39m - Start process for WURCS: WURCS=2.0/7,18,17/[a2122h-1x_1-5_2*NCC/3=O][a2122h-1b_1-5_2*NCC/3=O][a1122h-1b_1-5][a1122h-1a_1-5][a1221m-1a_1-5][a2112h-1b_1-5][Aad21122h-2a_2-6_5*NCCO/3=O]/1-2-3-4-2-5-6-7-2-4-2-5-6-5-2-5-6-7/a4-b1_b4-c1_c3-d1_c4-i1_c6-j1_d2-e1_e3-f1_e4-g1_j2-k1_k3-l1_k4-m1_m2-n1_o3-p1_o4-q1_h2-g3|g6_r2-q3|q6_o1-d4|d6|j4|j6}
14:12:15.674 [34mINFO [0;39m [main] [33mWURCSParser[0;39m - Start process for WURCS: WURCS=2.0/2,2,1/[u1122h][a1122h-1b_1-5]/1-2/a3-b1
14:12:15.674 [31mWARN [0;39m [main] [33mWURCSParser[0;39m - This WURCS cannot be converted to molecule: WURCS=2.0/2,2,1/[u1122h][a1122h-1b_1-5]/1-2/a3-b1
14:12:15.674 [31mWARN [0;39m [main] [33mWURCSParser[0;39m - Because of:
14:12:15.674 [31mWARN [0;39m [main] [33mWURCSParser[0;39m - Incompatible:
The carbon with unknown chemical state cannot be converted to molecule.

14:12:15.674 [34mINFO [0;39m [main] [33mWURCSParser[0;39m - Start process for WURCS: WURCS=2.0/3,5,4/[a2112h-1x_1-5_2*NCC/3=O][a2122h-1b_1-5_2*NCC/3=O][a2112h-1b_1-5]/1-2-3-2-3/a3-b1_b3-c1_c3-d1_d3-e1
14:12:15.676 [31mWARN [0;39m [main] [33mWURCSParser[0;39m - This WURCS cannot be converted to molecule: WURCS=2.0/7,18,17/[a2122h-1x_1-5_2*NCC/3=O][a2122h-1b_1-5_2*NCC/3=O][a1122h-1b_1-5][a1122h-1a_1-5][a1221m-1a_1-5][a2112h-1b_1-5][Aad21122h-2a_2-6_5*NCCO/3=O]/1-2-3-4-2-5-6-7-2-4-2-5-6-5-2-5-6-7/a4-b1_b4-c1_c3-d1_c4-i1_c6-j1_d2-e1_e3-f1_e4-g1_j2-k1_k3-l1_k4-m1_m2-n1_o3-p1_o4-q1_h2-g3|g6_r2-q3|q6_o1-d4|d6|j4|j6}
14:12:15.676 [31mWARN [0;39m [main] [33mWURCSParser[0;39m - Because of:
14:12:15.676 [31mWARN [0;39m [main] [33mWURCSParser[0;39m - Incompatible:
The alternative linkage positions cannot be converted to molecule.
The alternative modification cannot be converted to molecule.

14:12:15.676 [34mINFO [0;39m [main] [33mWURCSParser[0;39m - Start process for WURCS: WURCS=2.0/4,4,3/[a2122h-1x_1-5_2*NCC/3=O][a4334h-1x_1-5][Aad21122h-2a_2-6_5*NCC/3=O][a1221m-1a_1-5]/1-2-3-4/a3-d1_b3-c2_a?-b1
14:12:15.677 [31mWARN [0;39m [main] [33mWURCSParser[0;39m - This WURCS cannot be converted to molecule: WURCS=2.0/4,4,3/[a2122h-1x_1-5_2*NCC/3=O][a4334h-1x_1-5][Aad21122h-2a_2-6_5*NCC/3=O][a1221m-1a_1-5]/1-2-3-4/a3-d1_b3-c2_a?-b1
14:12:15.677 [31mWARN [0;39m [main] [33mWURCSParser[0;39m - Because of:
14:12:15.677 [31mWARN [0;39m [main] [33mWURCSParser[0;39m - Incompatible:
The unknown linkage positions cannot be converted to molecule.
The carbon(s) with relative stereochemistry cannot be converted to molecule.

14:12:15.677 [34mINFO [0;39m [main] [33mWURCSParser[0;39m - Start process for WURCS: WURCS=2.0/2,3,2/[a2112h-1b_1-5][a2211m-1a_1-5]/1-2-2/a2-b1_a6-c1
14:12:15.678 [34mINFO [0;39m [main] [33mWURCSParser[0;39m - Start process for WURCS: WURCS=2.0/8,15,14/[a2122h-1x_1-5_2*NCC/3=O][a2122h-1b_1-5_2*NCC/3=O][a1122h-1b_1-5][a1122h-1a_1-5][a2112h-1b_1-5][Aad21122h-2a_2-6_5*NCCO/3=O][a2112h-1b_1-5_2*NCC/3=O][Aad21122h-2a_2-6_5*NCC/3=O]/1-2-3-4-2-5-6-2-4-2-5-6-2-7-8/a4-b1_b4-c1_c3-d1_c4-h1_c6-i1_d2-e1_e4-f1_i2-j1_j4-k1_m4-n1_g2-f3|f6_l2-k3|k6_m1-d4|d6|i4|i6}_n?-o2
14:12:15.680 [31mWARN [0;39m [main] [33mWURCSParser[0;39m - This WURCS cannot be converted to molecule: WURCS=2.0/8,15,14/[a2122h-1x_1-5_2*NCC/3=O][a2122h-1b_1-5_2*NCC/3=O][a1122h-1b_1-5][a1122h-1a_1-5][a2112h-1b_1-5][Aad21122h-2a_2-6_5*NCCO/3=O][a2112h-1b_1-5_2*NCC/3=O][Aad21122h-2a_2-6_5*NCC/3=O]/1-2-3-4-2-5-6-2-4-2-5-6-2-7-8/a4-b1_b4-c1_c3-d1_c4-h1_c6-i1_d2-e1_e4-f1_i2-j1_j4-k1_m4-n1_g2-f3|f6_l2-k3|k6_m1-d4|d6|i4|i6}_n?-o2
14:12:15.680 [31mWARN [0;39m [main] [33mWURCSParser[0;39m - Because of:
14:12:15.680 [31mWARN [0;39m [main] [33mWURCSParser[0;39m - Incompatible:
The alternative linkage positions cannot be converted to molecule.
The unknown linkage positions cannot be converted to molecule.
The alternative modification cannot be converted to molecule.

14:12:15.680 [34mINFO [0;39m [main] [33mWURCSParser[0;39m - Start process for WURCS: WURCS=2.0/7,12,11/[a2122h-1x_1-5_2*NCC/3=O][a2122h-1b_1-5_2*NCC/3=O][a1122h-1b_1-5][a1122h-1a_1-5][a2112h-1b_1-5][Aad21122h-2a_2-6_5*NCCO/3=O][a1221m-1a_1-5]/1-2-3-4-2-5-6-4-2-5-6-7/a4-b1_a6-l1_b4-c1_c3-d1_c6-h1_d2-e1_e4-f1_f6-g2_h2-i1_i4-j1_j3-k2
14:12:15.681 [34mINFO [0;39m [main] [33mWURCSParser[0;39m - Start process for WURCS: WURCS=2.0/3,4,3/[a222h-1x_1-4][a2112h-1a_1-5][a222h-1b_1-4]/1-2-3-2/a2-b1_b4-c1_c2-d1
14:12:15.683 [34mINFO [0;39m [main] [33mWURCSParser[0;39m - Start process for WURCS: WURCS=2.0/1,6,5/[a211h-1a_1-4]/1-1-1-1-1-1/a5-b1_b5-c1_c5-d1_d5-e1_e5-f1
14:12:15.686 [34mINFO [0;39m [main] [33mWURCSParser[0;39m - Start process for WURCS: WURCS=2.0/6,6,6/[h2h][a2122m-1b_1-5_4*NCC/3=O][a2122h-1a_1-5_2*NCC/3=O][a2112h-1b_1-5][a2122h-1b_1-5_2*NCC/3=O_3%.6%*OCC/3=O][a2122h-1a_1-5]/1-2-3-4-5-6/a1-b1_b3-c1_c3-d1_d2-e1_d4-f1_a3-d3*OPO*/3O/3=O~n
14:12:15.688 [31mWARN [0;39m [main] [33mWURCSParser[0;39m - This WURCS cannot be converted to molecule: WURCS=2.0/6,6,6/[h2h][a2122m-1b_1-5_4*NCC/3=O][a2122h-1a_1-5_2*NCC/3=O][a2112h-1b_1-5][a2122h-1b_1-5_2*NCC/3=O_3%.6%*OCC/3=O][a2122h-1a_1-5]/1-2-3-4-5-6/a1-b1_b3-c1_c3-d1_d2-e1_d4-f1_a3-d3*OPO*/3O/3=O~n
14:12:15.688 [31mWARN [0;39m [main] [33mWURCSParser[0;39m - Because of:
14:12:15.688 [31mWARN [0;39m [main] [33mWURCSParser[0;39m - Incompatible:
The linkage with probability cannot be converted to molecule.
The repeating unit cannot be converted to molecule.

14:12:15.688 [34mINFO [0;39m [main] [33mWURCSParser[0;39m - Start process for WURCS: WURCS=2.0/4,6,5/[h4334h_2*NCC/3=O][a2112h-1b_1-5][a2122A-1b_1-5][a2122h-1b_1-5]/1-2-3-4-4-4/a3-b1_a6-f1_b3-c1_b4-d1_b6-e1
14:12:15.689 [31mWARN [0;39m [main] [33mWURCSParser[0;39m - This WURCS cannot be converted to molecule: WURCS=2.0/4,6,5/[h4334h_2*NCC/3=O][a2112h-1b_1-5][a2122A-1b_1-5][a2122h-1b_1-5]/1-2-3-4-4-4/a3-b1_a6-f1_b3-c1_b4-d1_b6-e1
14:12:15.689 [31mWARN [0;39m [main] [33mWURCSParser[0;39m - Because of:
14:12:15.689 [31mWARN [0;39m [main] [33mWURCSParser[0;39m - Incompatible:
The carbon(s) with relative stereochemistry cannot be converted to molecule.

14:12:15.689 [34mINFO [0;39m [main] [33mWURCSParser[0;39m - Start process for WURCS: WURCS=2.0/5,17,16/[a2122h-1b_1-5_2*NCC/3=O][a1122h-1b_1-5][a1122h-1a_1-5][a2112h-1b_1-5][Aad21122h-2a_2-6_5*NCC/3=O]/1-1-2-3-1-4-5-1-4-5-3-1-4-5-1-4-5/a4-b1_b4-c1_c3-d1_c6-k1_d2-e1_d4-h1_e4-f1_f3-g2_h4-i1_i3-j2_k2-l1_k6-o1_l4-m1_m6-n2_o4-p1_p3-q2
14:12:15.692 [34mINFO [0;39m [main] [33mWURCSParser[0;39m - Start process for WURCS: WURCS=2.0/8,19,18/[a2122h-1x_1-5_2*NCC/3=O][a2122h-1b_1-5_2*NCC/3=O][a1122h-1b_1-5][a1122h-1a_1-5][a1221m-1a_1-5][a2112h-1b_1-5][Aad21122h-2a_2-6_5*NCCO/3=O][a2112h-1a_1-5]/1-2-3-4-2-5-6-7-2-6-7-2-4-2-6-7-2-6-8/a4-b1_b4-c1_c3-d1_c4-l1_c6-m1_d2-e1_d4-i1_e3-f1_e4-g1_i4-j1_m2-n1_m6-q1_n4-o1_q4-r1_r3-s1_h2-g3|g6_k2-j3|j6_p2-o3|o6
14:12:15.695 [31mWARN [0;39m [main] [33mWURCSParser[0;39m - This WURCS cannot be converted to molecule: WURCS=2.0/8,19,18/[a2122h-1x_1-5_2*NCC/3=O][a2122h-1b_1-5_2*NCC/3=O][a1122h-1b_1-5][a1122h-1a_1-5][a1221m-1a_1-5][a2112h-1b_1-5][Aad21122h-2a_2-6_5*NCCO/3=O][a2112h-1a_1-5]/1-2-3-4-2-5-6-7-2-6-7-2-4-2-6-7-2-6-8/a4-b1_b4-c1_c3-d1_c4-l1_c6-m1_d2-e1_d4-i1_e3-f1_e4-g1_i4-j1_m2-n1_m6-q1_n4-o1_q4-r1_r3-s1_h2-g3|g6_k2-j3|j6_p2-o3|o6
14:12:15.695 [31mWARN [0;39m [main] [33mWURCSParser[0;39m - Because of:
14:12:15.695 [31mWARN [0;39m [main] [33mWURCSParser[0;39m - Incompatible:
The alternative linkage positions cannot be converted to molecule.

14:12:15.695 [34mINFO [0;39m [main] [33mWURCSParser[0;39m - Start process for WURCS: WURCS=2.0/4,5,4/[u1221m][a2112A-1a_1-5][a2122h-1a_1-5_2*NCC/3=O][a2122h-1b_1-5]/1-2-2-3-4/a3-b1_a4-e1_b2-c1_b3-d1
14:12:15.696 [31mWARN [0;39m [main] [33mWURCSParser[0;39m - This WURCS cannot be converted to molecule: WURCS=2.0/4,5,4/[u1221m][a2112A-1a_1-5][a2122h-1a_1-5_2*NCC/3=O][a2122h-1b_1-5]/1-2-2-3-4/a3-b1_a4-e1_b2-c1_b3-d1
14:12:15.696 [31mWARN [0;39m [main] [33mWURCSParser[0;39m - Because of:
14:12:15.696 [31mWARN [0;39m [main] [33mWURCSParser[0;39m - Incompatible:
The carbon with unknown chemical state cannot be converted to molecule.

14:12:15.696 [34mINFO [0;39m [main] [33mWURCSParser[0;39m - Start process for WURCS: WURCS=2.0/5,6,5/[a2122h-1b_1-5][a2112h-1b_1-5][a2112h-1a_1-5][a2112h-1b_1-5_2*NCC/3=O][Aad21122h-2a_2-6_5*NCCO/3=O]/1-2-3-4-2-5/a4-b1_b4-c1_c3-d1_d3-e1_e3-f2
14:12:15.699 [34mINFO [0;39m [main] [33mWURCSParser[0;39m - Start process for WURCS: WURCS=2.0/4,10,9/[a2122h-1b_1-5_2*NCC/3=O][a1122h-1b_1-5][a1122h-1a_1-5][a2122h-1a_1-5]/1-1-2-3-3-4-4-4-4-3/a4-b1_b4-c1_c3-d1_c6-j1_d2-e1_e2-f1_f3-g1_g3-h1_h2-i1
14:12:15.706 [34mINFO [0;39m [main] [33mWURCSParser[0;39m - Start process for WURCS: WURCS=2.0/3,4,3/[a2112m-1b_1-5][a2122h-1b_1-5][a212h-1b_1-5]/1-2-2-3/a2-b1_a3-c1_c4-d1
14:12:15.708 [34mINFO [0;39m [main] [33mWURCSParser[0;39m - Start process for WURCS: WURCS=2.0/7,17,16/[a2122h-1x_1-5_2*NCC/3=O][a2122h-1b_1-5_2*NCC/3=O][a1122h-1b_1-5][a212h-1b_1-5][a1122h-1a_1-5][a2112h-1b_1-5_3*OC][a1221m-1a_1-5]/1-2-3-4-5-2-2-6-6-5-2-2-6-6-6-6-7/a4-b1_a6-q1_b4-c1_c2-d1_c3-e1_c6-j1_e2-f1_f4-g1_g3-h1_g6-i1_j2-k1_k4-l1_l3-m1_l6-o1_m6-n1_o6-p1
14:12:15.720 [34mINFO [0;39m [main] [33mWURCSParser[0;39m - Start process for WURCS: WURCS=2.0/8,27,30/[h2122h_2*NCC/3=O][a2122h-1b_1-5_2*NCC/3=O][a1122h-1b_1-5][a1122h-1a_1-5][a2112h-1b_1-5][a4344h-1x_1-5_2*NCC/3=O][Aad21122h-2a_2-6_5*NCC/3=O][a1221m-1a_1-5]/1-2-3-4-2-5-6-5-7-2-5-6-5-7-2-4-2-5-6-5-7-2-5-6-5-7-8/a4-b1_a6-A1_b4-c1_c3-d1_c4-o1_c6-p1_d2-e1_d4-j1_e4-f1_f3-g1_g4-h1_j4-k1_k3-l1_l4-m1_p2-q1_p6-v1_q4-r1_r3-s1_s4-t1_v4-w1_w3-x1_x4-y1_i2-h3|h6_n2-m3|m6_u2-t3|t6_z2-y3|y6_g1-h3|h6~n_l1-m3|m6~n_s1-t3|t6~n_x1-y3|y6~n
14:12:15.725 [31mWARN [0;39m [main] [33mWURCSParser[0;39m - This WURCS cannot be converted to molecule: WURCS=2.0/8,27,30/[h2122h_2*NCC/3=O][a2122h-1b_1-5_2*NCC/3=O][a1122h-1b_1-5][a1122h-1a_1-5][a2112h-1b_1-5][a4344h-1x_1-5_2*NCC/3=O][Aad21122h-2a_2-6_5*NCC/3=O][a1221m-1a_1-5]/1-2-3-4-2-5-6-5-7-2-5-6-5-7-2-4-2-5-6-5-7-2-5-6-5-7-8/a4-b1_a6-A1_b4-c1_c3-d1_c4-o1_c6-p1_d2-e1_d4-j1_e4-f1_f3-g1_g4-h1_j4-k1_k3-l1_l4-m1_p2-q1_p6-v1_q4-r1_r3-s1_s4-t1_v4-w1_w3-x1_x4-y1_i2-h3|h6_n2-m3|m6_u2-t3|t6_z2-y3|y6_g1-h3|h6~n_l1-m3|m6~n_s1-t3|t6~n_x1-y3|y6~n
14:12:15.725 [31mWARN [0;39m [main] [33mWURCSParser[0;39m - Because of:
14:12:15.725 [31mWARN [0;39m [main] [33mWURCSParser[0;39m - Incompatible:
The carbon(s) with relative stereochemistry cannot be converted to molecule.
The alternative linkage positions cannot be converted to molecule.
The repeating unit cannot be converted to molecule.

14:12:15.725 [34mINFO [0;39m [main] [33mWURCSParser[0;39m - Start process for WURCS: WURCS=2.0/4,6,5/[a2122h-1x_1-5_2*NCC/3=O][a1122h-1b_1-5][a2122h-1b_1-5_2*NCC/3=O][a2112h-1b_1-5]/1-2-3-4-3-4/a4-b1_b3-c1_b6-e1_c4-d1_e4-f1
14:12:15.730 [34mINFO [0;39m [main] [33mWURCSParser[0;39m - Start process for WURCS: WURCS=2.0/4,4,4/[h444h][a2122h-1b_1-5_2*NCC/3=O][a1221m-1a_1-5_2*NCC/3=O][a2112h-1a_1-5]/1-2-3-4/a3-b1_b3-c1_c3-d1_a5-d6*OPO*/3O/3=O~n
14:12:15.731 [31mWARN [0;39m [main] [33mWURCSParser[0;39m - This WURCS cannot be converted to molecule: WURCS=2.0/4,4,4/[h444h][a2122h-1b_1-5_2*NCC/3=O][a1221m-1a_1-5_2*NCC/3=O][a2112h-1a_1-5]/1-2-3-4/a3-b1_b3-c1_c3-d1_a5-d6*OPO*/3O/3=O~n
14:12:15.731 [31mWARN [0;39m [main] [33mWURCSParser[0;39m - Because of:
14:12:15.731 [31mWARN [0;39m [main] [33mWURCSParser[0;39m - Incompatible:
The carbon(s) with relative stereochemistry cannot be converted to molecule.
The repeating unit cannot be converted to molecule.

14:12:15.731 [34mINFO [0;39m [main] [33mWURCSParser[0;39m - Start process for WURCS: WURCS=2.0/3,3,2/[a2112h-1x_1-5_2*N][a2122h-1b_1-5_2*N][a2112h-1b_1-5]/1-2-3/a6-b1_b4-c1
14:12:15.733 [34mINFO [0;39m [main] [33mWURCSParser[0;39m - Start process for WURCS: WURCS=2.0/6,12,11/[a2122h-1b_1-5_2*NCC/3=O][a1122h-1b_1-5][a1122h-1a_1-5][a2112h-1b_1-5][Aad21122h-2a_2-6][Aad21122h-2a_2-6_5*NCC/3=O]/1-1-2-3-1-4-5-1-3-1-4-6/a4-b1_b4-c1_c3-d1_c4-h1_c6-i1_d2-e1_e4-f1_f6-g2_i2-j1_j4-k1_k3-l2
14:12:15.737 [34mINFO [0;39m [main] [33mWURCSParser[0;39m - Start process for WURCS: WURCS=2.0/5,8,7/[a2122h-1b_1-5_2*NCC/3=O][a1122h-1b_1-5][a1122h-1a_1-5][a2112h-1b_1-5][Aad21122h-2a_2-6_5*N]/1-1-2-3-1-4-5-3/a4-b1_b4-c1_c3-d1_c6-h1_d2-e1_e4-f1_f6-g2
14:12:15.743 [34mINFO [0;39m [main] [33mWURCSParser[0;39m - Start process for WURCS: WURCS=2.0/2,3,2/[h1122h][a1122h-1a_1-5]/1-2-2/a5-b1_b2-c1
14:12:15.744 [34mINFO [0;39m [main] [33mWURCSParser[0;39m - Start process for WURCS: WURCS=2.0/2,6,5/[a122h-1a_1-4][a122h-1b_1-4]/1-1-1-1-1-2/a5-b1_b5-c1_c5-d1_d5-e1_e2-f1
14:12:15.746 [34mINFO [0;39m [main] [33mWURCSParser[0;39m - Start process for WURCS: WURCS=2.0/5,8,7/[a2122h-1b_1-5][a2112h-1b_1-5][a2122h-1b_1-5_2*NCC/3=O][a1221m-1a_1-5][Aad21122h-2a_2-6_5*NCC/3=O]/1-2-3-4-2-3-2-5/a4-b1_b3-c1_c3-d1_c4-e1_e3-f1_f4-g1_g3-h2
14:12:15.748 [34mINFO [0;39m [main] [33mWURCSParser[0;39m - Start process for WURCS: WURCS=2.0/2,3,3/[A2112A][a2112A-1a_1-5]/1-2-2/a4-b1_b4-c1_b1-b4~n
14:12:15.749 [31mWARN [0;39m [main] [33mWURCSParser[0;39m - This WURCS cannot be converted to molecule: WURCS=2.0/2,3,3/[A2112A][a2112A-1a_1-5]/1-2-2/a4-b1_b4-c1_b1-b4~n
14:12:15.749 [31mWARN [0;39m [main] [33mWURCSParser[0;39m - Because of:
14:12:15.749 [31mWARN [0;39m [main] [33mWURCSParser[0;39m - Incompatible:
The repeating unit cannot be converted to molecule.

14:12:15.749 [34mINFO [0;39m [main] [33mWURCSParser[0;39m - Start process for WURCS: WURCS=2.0/4,10,9/[a2122h-1b_1-5_2*NCC/3=O][a1122h-1b_1-5][a1122h-1a_1-5][a2112m-1a_1-5]/1-1-2-3-1-1-1-3-1-4/a4-b1_a6-j1_b4-c1_c3-d1_c4-g1_c6-h1_d2-e1_d4-f1_h2-i1
14:12:15.751 [34mINFO [0;39m [main] [33mWURCSParser[0;39m - Start process for WURCS: WURCS=2.0/4,6,5/[u2122h_2*NCC/3=O][a2112h-1b_1-5][a2122h-1b_1-5_2*NCC/3=O][a2112h-1a_1-5]/1-2-3-3-2-4/a4-b1_b3-c1_b6-d1_d4-e1_e3-f1
14:12:15.752 [31mWARN [0;39m [main] [33mWURCSParser[0;39m - This WURCS cannot be converted to molecule: WURCS=2.0/4,6,5/[u2122h_2*NCC/3=O][a2112h-1b_1-5][a2122h-1b_1-5_2*NCC/3=O][a2112h-1a_1-5]/1-2-3-3-2-4/a4-b1_b3-c1_b6-d1_d4-e1_e3-f1
14:12:15.752 [31mWARN [0;39m [main] [33mWURCSParser[0;39m - Because of:
14:12:15.752 [31mWARN [0;39m [main] [33mWURCSParser[0;39m - Incompatible:
The carbon with unknown chemical state cannot be converted to molecule.

14:12:15.752 [34mINFO [0;39m [main] [33mWURCSParser[0;39m - Start process for WURCS: WURCS=2.0/1,2,1/[a1122A-1b_1-5]/1-1/a4-b1
14:12:15.754 [34mINFO [0;39m [main] [33mWURCSParser[0;39m - Start process for WURCS: WURCS=2.0/4,4,4/[a2122A-1b_1-5][a1122h-1b_1-5_4n2-6n1*1OC^RO*2/3CO/6=O/3C][a2122h-1b_1-5][a2122A-1b_1-5_4*OCC/3=O]/1-2-3-4/a4-b1_b3-c1_c4-d1_a1-d3~n
14:12:15.756 [31mWARN [0;39m [main] [33mWURCSParser[0;39m - This WURCS cannot be converted to molecule: WURCS=2.0/4,4,4/[a2122A-1b_1-5][a1122h-1b_1-5_4n2-6n1*1OC^RO*2/3CO/6=O/3C][a2122h-1b_1-5][a2122A-1b_1-5_4*OCC/3=O]/1-2-3-4/a4-b1_b3-c1_c4-d1_a1-d3~n
14:12:15.756 [31mWARN [0;39m [main] [33mWURCSParser[0;39m - Because of:
14:12:15.756 [31mWARN [0;39m [main] [33mWURCSParser[0;39m - Incompatible:
The repeating unit cannot be converted to molecule.

14:12:15.756 [34mINFO [0;39m [main] [33mWURCSParser[0;39m - Start process for WURCS: WURCS=2.0/8,13,12/[a2122h-1x_1-5_2*NCC/3=O][a2122h-1b_1-5_2*NCC/3=O][a1122h-1b_1-5][a1122h-1a_1-5][a2112h-1b_1-5][Aad21122h-2a_2-6_5*NCC/3=O][a2112h-1a_1-5][a1221m-1a_1-5]/1-2-3-4-2-5-6-2-4-2-5-7-8/a4-b1_a6-m1_b4-c1_c3-d1_c4-h1_c6-i1_d2-e1_e4-f1_f3-g2_i2-j1_j4-k1_k3-l1
14:12:15.765 [34mINFO [0;39m [main] [33mWURCSParser[0;39m - Start process for WURCS: WURCS=2.0/2,3,2/[u1122h][a1122h-1a_1-5]/1-2-2/a3-b1_b6-c1
14:12:15.766 [31mWARN [0;39m [main] [33mWURCSParser[0;39m - This WURCS cannot be converted to molecule: WURCS=2.0/2,3,2/[u1122h][a1122h-1a_1-5]/1-2-2/a3-b1_b6-c1
14:12:15.766 [31mWARN [0;39m [main] [33mWURCSParser[0;39m - Because of:
14:12:15.766 [31mWARN [0;39m [main] [33mWURCSParser[0;39m - Incompatible:
The carbon with unknown chemical state cannot be converted to molecule.

14:12:15.766 [34mINFO [0;39m [main] [33mWURCSParser[0;39m - Start process for WURCS: WURCS=2.0/2,3,2/[a1122h-1a_1-5][a2112h-1a_1-4]/1-1-2/a3-b1_a6-c1
14:12:15.767 [34mINFO [0;39m [main] [33mWURCSParser[0;39m - Start process for WURCS: WURCS=2.0/4,4,3/[u2122h_2*NCC/3=O][a2122h-1b_1-5_2*NCC/3=O][a1221m-1a_1-5][a2112h-1b_1-5]/1-2-3-4/a4-b1_b4-c1_c3-d1
14:12:15.768 [31mWARN [0;39m [main] [33mWURCSParser[0;39m - This WURCS cannot be converted to molecule: WURCS=2.0/4,4,3/[u2122h_2*NCC/3=O][a2122h-1b_1-5_2*NCC/3=O][a1221m-1a_1-5][a2112h-1b_1-5]/1-2-3-4/a4-b1_b4-c1_c3-d1
14:12:15.768 [31mWARN [0;39m [main] [33mWURCSParser[0;39m - Because of:
14:12:15.768 [31mWARN [0;39m [main] [33mWURCSParser[0;39m - Incompatible:
The carbon with unknown chemical state cannot be converted to molecule.

14:12:15.768 [34mINFO [0;39m [main] [33mWURCSParser[0;39m - Start process for WURCS: WURCS=2.0/5,13,12/[a2122h-1b_1-5_2*NCC/3=O][a1122h-1b_1-5][a1122h-1a_1-5][a2112h-1b_1-5][Aad21122h-2a_2-6_5*NCC/3=O]/1-1-2-3-1-4-1-4-5-3-1-4-5/a4-b1_b4-c1_c3-d1_c6-j1_d2-e1_d4-g1_e4-f1_g4-h1_h6-i2_j2-k1_k4-l1_l3-m2
14:12:15.772 [34mINFO [0;39m [main] [33mWURCSParser[0;39m - Start process for WURCS: WURCS=2.0/3,3,3/[Aad22111m-2a_2-6_5*N_7*NC=O][a2112m-1b_1-5_2*NCC/3=O_4*OCC/3=O][a212h-1b_1-5]/1-2-3/a4-b1_b3-c1_a2-c4~n
14:12:15.773 [31mWARN [0;39m [main] [33mWURCSParser[0;39m - This WURCS cannot be converted to molecule: WURCS=2.0/3,3,3/[Aad22111m-2a_2-6_5*N_7*NC=O][a2112m-1b_1-5_2*NCC/3=O_4*OCC/3=O][a212h-1b_1-5]/1-2-3/a4-b1_b3-c1_a2-c4~n
14:12:15.773 [31mWARN [0;39m [main] [33mWURCSParser[0;39m - Because of:
14:12:15.773 [31mWARN [0;39m [main] [33mWURCSParser[0;39m - Incompatible:
The repeating unit cannot be converted to molecule.

14:12:15.773 [34mINFO [0;39m [main] [33mWURCSParser[0;39m - Start process for WURCS: WURCS=2.0/1,4,4/[a2122h-1b_1-5]/1-1-1-1/a6-b1_b6-c1_c3-d1_a1-d3~n
14:12:15.773 [31mWARN [0;39m [main] [33mWURCSParser[0;39m - This WURCS cannot be converted to molecule: WURCS=2.0/1,4,4/[a2122h-1b_1-5]/1-1-1-1/a6-b1_b6-c1_c3-d1_a1-d3~n
14:12:15.773 [31mWARN [0;39m [main] [33mWURCSParser[0;39m - Because of:
14:12:15.773 [31mWARN [0;39m [main] [33mWURCSParser[0;39m - Incompatible:
The repeating unit cannot be converted to molecule.

14:12:15.773 [34mINFO [0;39m [main] [33mWURCSParser[0;39m - Start process for WURCS: WURCS=2.0/7,21,20/[a2122h-1x_1-5_2*NCC/3=O][a2122h-1b_1-5_2*NCC/3=O][a1122h-1b_1-5][a1122h-1a_1-5][a1221m-1a_1-5][a2112h-1b_1-5][Aad21122h-2a_2-6_5*NCC/3=O]/1-2-3-4-2-5-6-7-2-6-2-4-2-6-2-6-7-2-6-7-5/a4-b1_a6-u1_b4-c1_c3-d1_c4-k1_c6-l1_d2-e1_d4-i1_e3-f1_e4-g1_i4-j1_l2-m1_l6-r1_m4-n1_n3-o1_o4-p1_r4-s1_h2-g3|g6_q2-p3|p6_t2-s3|s6
14:12:15.776 [31mWARN [0;39m [main] [33mWURCSParser[0;39m - This WURCS cannot be converted to molecule: WURCS=2.0/7,21,20/[a2122h-1x_1-5_2*NCC/3=O][a2122h-1b_1-5_2*NCC/3=O][a1122h-1b_1-5][a1122h-1a_1-5][a1221m-1a_1-5][a2112h-1b_1-5][Aad21122h-2a_2-6_5*NCC/3=O]/1-2-3-4-2-5-6-7-2-6-2-4-2-6-2-6-7-2-6-7-5/a4-b1_a6-u1_b4-c1_c3-d1_c4-k1_c6-l1_d2-e1_d4-i1_e3-f1_e4-g1_i4-j1_l2-m1_l6-r1_m4-n1_n3-o1_o4-p1_r4-s1_h2-g3|g6_q2-p3|p6_t2-s3|s6
14:12:15.776 [31mWARN [0;39m [main] [33mWURCSParser[0;39m - Because of:
14:12:15.776 [31mWARN [0;39m [main] [33mWURCSParser[0;39m - Incompatible:
The alternative linkage positions cannot be converted to molecule.

14:12:15.776 [34mINFO [0;39m [main] [33mWURCSParser[0;39m - Start process for WURCS: WURCS=2.0/7,13,12/[a2122h-1x_1-5_2*NCC/3=O][a1221m-1x_1-5][a2122h-1b_1-5_2*NCC/3=O][a1122h-1b_1-5][a1122h-1a_1-5][a2112h-1b_1-5][Aad21122h-2a_2-6_5*NCC/3=O]/1-2-3-4-5-3-6-3-6-5-3-6-7/a4-c1_c4-d1_e2-f1_e6-h1_f4-g1_h4-i1_j2-k1_k4-l1_m2-a6|b6|c6|d6|e6|f6|g6|h6|i6|j6|k6|l6}_a?-b1_d?-e1_d?-j1
14:12:15.779 [31mWARN [0;39m [main] [33mWURCSParser[0;39m - This WURCS cannot be converted to molecule: WURCS=2.0/7,13,12/[a2122h-1x_1-5_2*NCC/3=O][a1221m-1x_1-5][a2122h-1b_1-5_2*NCC/3=O][a1122h-1b_1-5][a1122h-1a_1-5][a2112h-1b_1-5][Aad21122h-2a_2-6_5*NCC/3=O]/1-2-3-4-5-3-6-3-6-5-3-6-7/a4-c1_c4-d1_e2-f1_e6-h1_f4-g1_h4-i1_j2-k1_k4-l1_m2-a6|b6|c6|d6|e6|f6|g6|h6|i6|j6|k6|l6}_a?-b1_d?-e1_d?-j1
14:12:15.779 [31mWARN [0;39m [main] [33mWURCSParser[0;39m - Because of:
14:12:15.779 [31mWARN [0;39m [main] [33mWURCSParser[0;39m - Incompatible:
The unknown linkage positions cannot be converted to molecule.
The alternative modification cannot be converted to molecule.
Warning:
No modification is allowed to be connected to the CarbonDescriptor "m".
Only one modification is allowed to be connected to the CarbonDescriptor "h".

14:12:15.779 [34mINFO [0;39m [main] [33mWURCSParser[0;39m - Start process for WURCS: WURCS=2.0/4,6,6/[a2211m-1a_1-5][a2112h-1b_1-5][a2122A-1a_1-5][a2122h-1b_1-5_4-6*OC^XO*/3CO/6=O/3C]/1-1-1-2-3-4/a2-b1_b3-c1_c3-d1_c4-e1_e4-f1_a1-d3~n
14:12:15.780 [31mWARN [0;39m [main] [33mWURCSParser[0;39m - This WURCS cannot be converted to molecule: WURCS=2.0/4,6,6/[a2211m-1a_1-5][a2112h-1b_1-5][a2122A-1a_1-5][a2122h-1b_1-5_4-6*OC^XO*/3CO/6=O/3C]/1-1-1-2-3-4/a2-b1_b3-c1_c3-d1_c4-e1_e4-f1_a1-d3~n
14:12:15.780 [31mWARN [0;39m [main] [33mWURCSParser[0;39m - Because of:
14:12:15.780 [31mWARN [0;39m [main] [33mWURCSParser[0;39m - Incompatible:
The repeating unit cannot be converted to molecule.

14:12:15.780 [34mINFO [0;39m [main] [33mWURCSParser[0;39m - Start process for WURCS: WURCS=2.0/3,11,10/[h1122h_2-5][a2122A-1b_1-5][a2122h-1a_1-5_2*NCC/3=O]/1-2-3-2-3-2-3-2-3-2-3/a4-b1_b4-c1_c4-d1_d4-e1_e4-f1_f4-g1_g4-h1_h4-i1_i4-j1_j4-k1
14:12:15.781 [34mINFO [0;39m [main] [33mWURCSParser[0;39m - Start process for WURCS: WURCS=2.0/5,6,6/[a2122h-1b_1-5_2*NCC/3=O][a2112h-1a_1-5_2*NCC/3=O][a2122h-1b_1-5][a2122h-1a_1-5_2*NCC/3=O][a2112m-1b_1-5_3*N_4*OCC/3=O]/1-2-3-4-5-3/a3-b1_b3-c1_b4-d1_d6-e1_e2-f1_a1-f2~n
14:12:15.782 [31mWARN [0;39m [main] [33mWURCSParser[0;39m - This WURCS cannot be converted to molecule: WURCS=2.0/5,6,6/[a2122h-1b_1-5_2*NCC/3=O][a2112h-1a_1-5_2*NCC/3=O][a2122h-1b_1-5][a2122h-1a_1-5_2*NCC/3=O][a2112m-1b_1-5_3*N_4*OCC/3=O]/1-2-3-4-5-3/a3-b1_b3-c1_b4-d1_d6-e1_e2-f1_a1-f2~n
14:12:15.782 [31mWARN [0;39m [main] [33mWURCSParser[0;39m - Because of:
14:12:15.782 [31mWARN [0;39m [main] [33mWURCSParser[0;39m - Incompatible:
The repeating unit cannot be converted to molecule.

14:12:15.782 [34mINFO [0;39m [main] [33mWURCSParser[0;39m - Start process for WURCS: WURCS=2.0/7,8,7/[AUd1122h][a11221h-1a_1-5_2*OPO/3O/3=O_4*OPO/3O/3=O][a11221h-1a_1-5_4*OPO/3O/3=O_6*OPO/3O/3=O][a2112h-1a_1-5_2*N][a2122h-1b_1-5][a2211m-1a_1-5][a2122h-1a_1-5]/1-2-3-4-5-6-7-7/a5-b1_b3-c1_c3-d1_d3-e1_d4-h1_e3-f1_e6-g1
14:12:15.784 [31mWARN [0;39m [main] [33mWURCSParser[0;39m - This WURCS cannot be converted to molecule: WURCS=2.0/7,8,7/[AUd1122h][a11221h-1a_1-5_2*OPO/3O/3=O_4*OPO/3O/3=O][a11221h-1a_1-5_4*OPO/3O/3=O_6*OPO/3O/3=O][a2112h-1a_1-5_2*N][a2122h-1b_1-5][a2211m-1a_1-5][a2122h-1a_1-5]/1-2-3-4-5-6-7-7/a5-b1_b3-c1_c3-d1_d3-e1_d4-h1_e3-f1_e6-g1
14:12:15.784 [31mWARN [0;39m [main] [33mWURCSParser[0;39m - Because of:
14:12:15.784 [31mWARN [0;39m [main] [33mWURCSParser[0;39m - Incompatible:
The carbon with unknown chemical state cannot be converted to molecule.

14:12:15.784 [34mINFO [0;39m [main] [33mWURCSParser[0;39m - Start process for WURCS: WURCS=2.0/8,18,17/[a2122h-1x_1-5_2*NCC/3=O][a2122h-1b_1-5_2*NCC/3=O][a1122h-1b_1-5][a1122h-1a_1-5][a2112h-1b_1-5][a2112h-1a_1-5][Aad21122h-2a_2-6_5*NCCO/3=O][Aad21122h-2a_2-6_5*NCC/3=O]/1-2-3-4-2-5-6-2-5-7-2-4-2-5-8-2-5-8/a4-b1_b4-c1_c3-d1_c4-k1_c6-l1_d2-e1_d4-h1_e4-f1_f3-g1_h4-i1_l2-m1_l6-p1_m4-n1_p4-q1_j2-i3|i6_o2-n3|n6_r2-q3|q6
14:12:15.787 [31mWARN [0;39m [main] [33mWURCSParser[0;39m - This WURCS cannot be converted to molecule: WURCS=2.0/8,18,17/[a2122h-1x_1-5_2*NCC/3=O][a2122h-1b_1-5_2*NCC/3=O][a1122h-1b_1-5][a1122h-1a_1-5][a2112h-1b_1-5][a2112h-1a_1-5][Aad21122h-2a_2-6_5*NCCO/3=O][Aad21122h-2a_2-6_5*NCC/3=O]/1-2-3-4-2-5-6-2-5-7-2-4-2-5-8-2-5-8/a4-b1_b4-c1_c3-d1_c4-k1_c6-l1_d2-e1_d4-h1_e4-f1_f3-g1_h4-i1_l2-m1_l6-p1_m4-n1_p4-q1_j2-i3|i6_o2-n3|n6_r2-q3|q6
14:12:15.787 [31mWARN [0;39m [main] [33mWURCSParser[0;39m - Because of:
14:12:15.787 [31mWARN [0;39m [main] [33mWURCSParser[0;39m - Incompatible:
The alternative linkage positions cannot be converted to molecule.

14:12:15.787 [34mINFO [0;39m [main] [33mWURCSParser[0;39m - Start process for WURCS: WURCS=2.0/5,15,14/[a2122h-1b_1-5_2*NCC/3=O][a1122h-1b_1-5][a1122h-1a_1-5][a2112h-1b_1-5][a2112h-1a_1-5]/1-1-2-3-1-4-5-1-4-5-1-3-1-4-5/a4-b1_b4-c1_c3-d1_c4-k1_c6-l1_d2-e1_d4-h1_e4-f1_f3-g1_h4-i1_i3-j1_l2-m1_m4-n1_n3-o1
14:12:15.788 [34mINFO [0;39m [main] [33mWURCSParser[0;39m - Start process for WURCS: WURCS=2.0/2,6,5/[a2122h-1a_1-5][ha122h-2b_2-5]/1-2-2-2-2-2/a1-b2_b1-c2_b6-d2_d6-e2_e6-f2
14:12:15.791 [34mINFO [0;39m [main] [33mWURCSParser[0;39m - Start process for WURCS: WURCS=2.0/6,18,17/[a2122h-1b_1-5_2*NCC/3=O][a1122h-1b_1-5][a1122h-1a_1-5][a2112h-1b_1-5][a2112h-1a_1-5][Aad21122h-2a_2-6_5*NCC/3=O]/1-1-2-3-1-4-5-1-4-3-1-4-1-4-5-1-4-6/a4-b1_b4-c1_c3-d1_c6-j1_d2-e1_d4-h1_e4-f1_f4-g1_h4-i1_j2-k1_j4-m1_j6-p1_k4-l1_m4-n1_n4-o1_p4-q1_q6-r2
14:12:15.804 [34mINFO [0;39m [main] [33mWURCSParser[0;39m - Start process for WURCS: WURCS=2.0/2,2,1/[a2112m-1x_1-5][a212h-1b_1-5]/1-2/a3-b1
14:12:15.805 [34mINFO [0;39m [main] [33mWURCSParser[0;39m - Start process for WURCS: WURCS=2.0/3,10,9/[a2112h-1a_1-5_2*NCC/3=O][a2112h-1b_1-5][a2122h-1b_1-5_2*NCC/3=O]/1-2-3-2-3-2-3-2-3-2/a3-b1_a6-i1_b3-c1_c4-d1_d3-e1_d6-g1_e4-f1_g4-h1_i4-j1
14:12:15.812 [34mINFO [0;39m [main] [33mWURCSParser[0;39m - Start process for WURCS: WURCS=2.0/3,3,2/[u34h][a2112h-1a_1-5][a2112h-1b_1-5]/1-2-3/a3-b1_b4-c1
14:12:15.812 [31mWARN [0;39m [main] [33mWURCSParser[0;39m - This WURCS cannot be converted to molecule: WURCS=2.0/3,3,2/[u34h][a2112h-1a_1-5][a2112h-1b_1-5]/1-2-3/a3-b1_b4-c1
14:12:15.812 [31mWARN [0;39m [main] [33mWURCSParser[0;39m - Because of:
14:12:15.812 [31mWARN [0;39m [main] [33mWURCSParser[0;39m - Incompatible:
The carbon with unknown chemical state cannot be converted to molecule.
The carbon(s) with relative stereochemistry cannot be converted to molecule.

14:12:15.812 [34mINFO [0;39m [main] [33mWURCSParser[0;39m - Start process for WURCS: WURCS=2.0/3,3,2/[a1122h-1x_1-5][ad122h-1a_1-5][a1122h-1a_1-5]/1-2-3/a3-b1_a6-c1
14:12:15.815 [34mINFO [0;39m [main] [33mWURCSParser[0;39m - Start process for WURCS: WURCS=2.0/2,3,2/[a2112h-1b_1-5][a2122h-1b_1-5_2*N_3*OCC/3=O_4*OCC/3=O_6*OCC/3=O]/1-2-2/a2-b1_a6-c1
14:12:15.818 [34mINFO [0;39m [main] [33mWURCSParser[0;39m - Start process for WURCS: WURCS=2.0/3,3,2/[a2122h-1a_1-5][a2112h-1b_1-5][a2112h-1a_1-5]/1-2-3/a4-b1_b4-c1
14:12:15.818 [34mINFO [0;39m [main] [33mWURCSParser[0;39m - Start process for WURCS: WURCS=2.0/4,5,4/[a2122h-1x_1-5][a2112h-1b_1-5][a2122h-1b_1-5_2*NCC/3=O][a1221m-1a_1-5]/1-2-3-2-4/a3-b1_b3-c1_c3-d1_c4-e1
14:12:15.819 [34mINFO [0;39m [main] [33mWURCSParser[0;39m - Start process for WURCS: WURCS=2.0/6,11,10/[a2112h-1x_1-5_2*NCC/3=O][a2112h-1b_1-5][a2122h-1b_1-5_2*NCC/3=O][a2122h-1a_1-5_2*NCC/3=O][a1221m-1a_1-5][a2112h-1a_1-5_2*NCC/3=O]/1-2-3-2-4-2-5-6-3-2-5/a3-b1_b3-c1_c4-d1_f2-g1_f3-h1_j2-k1_d?-e1_d?-i1_e?-f1_i?-j1
14:12:15.821 [31mWARN [0;39m [main] [33mWURCSParser[0;39m - This WURCS cannot be converted to molecule: WURCS=2.0/6,11,10/[a2112h-1x_1-5_2*NCC/3=O][a2112h-1b_1-5][a2122h-1b_1-5_2*NCC/3=O][a2122h-1a_1-5_2*NCC/3=O][a1221m-1a_1-5][a2112h-1a_1-5_2*NCC/3=O]/1-2-3-2-4-2-5-6-3-2-5/a3-b1_b3-c1_c4-d1_f2-g1_f3-h1_j2-k1_d?-e1_d?-i1_e?-f1_i?-j1
14:12:15.821 [31mWARN [0;39m [main] [33mWURCSParser[0;39m - Because of:
14:12:15.821 [31mWARN [0;39m [main] [33mWURCSParser[0;39m - Incompatible:
The unknown linkage positions cannot be converted to molecule.

14:12:15.821 [34mINFO [0;39m [main] [33mWURCSParser[0;39m - Start process for WURCS: WURCS=2.0/5,8,7/[u2122h][a2112h-1b_1-5][a2122h-1b_1-5_2*NCC/3=O][Aad21122h-2a_2-6_5*NCC/3=O][a1221m-1a_1-5]/1-2-3-2-4-3-5-2/a4-b1_b3-c1_b6-f1_c3-d1_d3-e2_f3-g1_f4-h1
14:12:15.822 [31mWARN [0;39m [main] [33mWURCSParser[0;39m - This WURCS cannot be converted to molecule: WURCS=2.0/5,8,7/[u2122h][a2112h-1b_1-5][a2122h-1b_1-5_2*NCC/3=O][Aad21122h-2a_2-6_5*NCC/3=O][a1221m-1a_1-5]/1-2-3-2-4-3-5-2/a4-b1_b3-c1_b6-f1_c3-d1_d3-e2_f3-g1_f4-h1
14:12:15.822 [31mWARN [0;39m [main] [33mWURCSParser[0;39m - Because of:
14:12:15.822 [31mWARN [0;39m [main] [33mWURCSParser[0;39m - Incompatible:
The carbon with unknown chemical state cannot be converted to molecule.

14:12:15.822 [34mINFO [0;39m [main] [33mWURCSParser[0;39m - Start process for WURCS: WURCS=2.0/1,3,2/[a4344h-1x_1-5]/1-1-1/a4-b1_b3-c1
14:12:15.822 [34mINFO [0;39m [main] [33mWURCSParser[0;39m - Start process for WURCS: WURCS=2.0/2,3,2/[a222h-1b_1-4][a222h-1a_1-4]/1-2-2/a5-b1_b5-c1
14:12:15.822 [31mWARN [0;39m [main] [33mWURCSParser[0;39m - This WURCS cannot be converted to molecule: WURCS=2.0/1,3,2/[a4344h-1x_1-5]/1-1-1/a4-b1_b3-c1
14:12:15.822 [31mWARN [0;39m [main] [33mWURCSParser[0;39m - Because of:
14:12:15.822 [31mWARN [0;39m [main] [33mWURCSParser[0;39m - Incompatible:
The carbon(s) with relative stereochemistry cannot be converted to molecule.

14:12:15.822 [34mINFO [0;39m [main] [33mWURCSParser[0;39m - Start process for WURCS: WURCS=2.0/1,1,0/[a2111h-1b_1-5_2*NCC/3=O_4*N]/1/
14:12:15.823 [34mINFO [0;39m [main] [33mWURCSParser[0;39m - Start process for WURCS: WURCS=2.0/2,10,9/[a2122h-1x_1-5][a2122h-1a_1-5]/1-2-2-2-2-2-2-2-2-2/a4-b1_b4-c1_c4-d1_d4-e1_e4-f1_f4-g1_g4-h1_h4-i1_i4-j1
14:12:15.823 [34mINFO [0;39m [main] [33mWURCSParser[0;39m - Start process for WURCS: WURCS=2.0/8,15,14/[a2122h-1x_1-5_2*NCC/3=O][a2122h-1b_1-5_2*NCC/3=O][a1122h-1b_1-5][a1122h-1a_1-5][a2112h-1b_1-5][Aad21122h-2a_2-6_5*NCCO/3=O][Aad21122h-2a_2-6_5*NCC/3=O][a1221m-1a_1-5]/1-2-3-4-2-5-6-2-5-7-4-2-5-6-8/a4-b1_a6-o1_b4-c1_c3-d1_c6-k1_d2-e1_d4-h1_e4-f1_f6-g2_h4-i1_i6-j2_k2-l1_l4-m1_m6-n2
14:12:15.828 [34mINFO [0;39m [main] [33mWURCSParser[0;39m - Start process for WURCS: WURCS=2.0/8,20,19/[a2122h-1x_1-5_2*NCC/3=O][a2122h-1b_1-5_2*NCC/3=O][a1122h-1b_1-5][a1122h-1a_1-5][a1221m-1a_1-5][a2112h-1b_1-5][a2112h-1a_1-5][Aad21122h-2a_2-6_5*NCC/3=O]/1-2-3-4-2-5-6-5-2-6-7-2-4-2-5-6-8-2-5-6/a4-b1_b4-c1_c3-d1_c4-l1_c6-m1_d2-e1_d4-i1_e3-f1_e4-g1_g2-h1_i4-j1_j3-k1_m2-n1_m6-r1_n3-o1_n4-p1_r3-s1_r4-t1_q2-p3|p6
14:12:15.831 [31mWARN [0;39m [main] [33mWURCSParser[0;39m - This WURCS cannot be converted to molecule: WURCS=2.0/8,20,19/[a2122h-1x_1-5_2*NCC/3=O][a2122h-1b_1-5_2*NCC/3=O][a1122h-1b_1-5][a1122h-1a_1-5][a1221m-1a_1-5][a2112h-1b_1-5][a2112h-1a_1-5][Aad21122h-2a_2-6_5*NCC/3=O]/1-2-3-4-2-5-6-5-2-6-7-2-4-2-5-6-8-2-5-6/a4-b1_b4-c1_c3-d1_c4-l1_c6-m1_d2-e1_d4-i1_e3-f1_e4-g1_g2-h1_i4-j1_j3-k1_m2-n1_m6-r1_n3-o1_n4-p1_r3-s1_r4-t1_q2-p3|p6
14:12:15.831 [31mWARN [0;39m [main] [33mWURCSParser[0;39m - Because of:
14:12:15.831 [31mWARN [0;39m [main] [33mWURCSParser[0;39m - Incompatible:
The alternative linkage positions cannot be converted to molecule.

14:12:15.831 [34mINFO [0;39m [main] [33mWURCSParser[0;39m - Start process for WURCS: WURCS=2.0/5,6,5/[a2122h-1b_1-5][a2112h-1b_1-5][a2122h-1b_1-5_2*NCC/3=O][a1221m-1a_1-5][a2112h-1a_1-5]/1-2-3-2-4-5/a4-b1_b3-c1_c3-d1_d2-e1_d3-f1
14:12:15.834 [34mINFO [0;39m [main] [33mWURCSParser[0;39m - Start process for WURCS: WURCS=2.0/4,7,6/[ad111m-1b_1-5_3*OC][ad111m-1a_1-5_3*OC][ad222m-1b_1-5][ad122m-1b_1-5_3*OC]/1-2-2-1-3-3-4/a4-b1_b4-c1_c4-d1_d4-e1_e4-f1_f4-g1
14:12:15.837 [34mINFO [0;39m [main] [33mWURCSParser[0;39m - Start process for WURCS: WURCS=2.0/4,7,6/[AUd1122h][a11221h-1a_1-5][a2122h-1b_1-5][a11222h-1a_1-5_7*OPO/3O/3=O]/1-2-2-3-2-4-3/a5-b1_b3-c1_b4-g1_c2-d1_c7-e1_e7-f1
14:12:15.838 [31mWARN [0;39m [main] [33mWURCSParser[0;39m - This WURCS cannot be converted to molecule: WURCS=2.0/4,7,6/[AUd1122h][a11221h-1a_1-5][a2122h-1b_1-5][a11222h-1a_1-5_7*OPO/3O/3=O]/1-2-2-3-2-4-3/a5-b1_b3-c1_b4-g1_c2-d1_c7-e1_e7-f1
14:12:15.838 [31mWARN [0;39m [main] [33mWURCSParser[0;39m - Because of:
14:12:15.838 [31mWARN [0;39m [main] [33mWURCSParser[0;39m - Incompatible:
The carbon with unknown chemical state cannot be converted to molecule.

14:12:15.838 [34mINFO [0;39m [main] [33mWURCSParser[0;39m - Start process for WURCS: WURCS=2.0/4,7,6/[a2122h-1b_1-5_2*NCC/3=O][a2112h-1b_1-5][Aad21122h-2a_2-6_5*NCC/3=O][a1221m-1a_1-5]/1-2-1-2-3-4-4/a3-b1_a4-g1_b3-c1_c3-d1_c4-f1_d3-e2
14:12:15.844 [34mINFO [0;39m [main] [33mWURCSParser[0;39m - Start process for WURCS: WURCS=2.0/6,7,6/[u2122h][a2112h-1b_1-5][a2112h-1a_1-5][a2112h-1b_1-5_2*NCC/3=O][a1221m-1a_1-5][a2112h-1a_1-5_2*NCC/3=O]/1-2-3-4-2-5-6/a4-b1_b4-c1_c3-d1_d3-e1_e2-f1_e3-g1
14:12:15.845 [31mWARN [0;39m [main] [33mWURCSParser[0;39m - This WURCS cannot be converted to molecule: WURCS=2.0/6,7,6/[u2122h][a2112h-1b_1-5][a2112h-1a_1-5][a2112h-1b_1-5_2*NCC/3=O][a1221m-1a_1-5][a2112h-1a_1-5_2*NCC/3=O]/1-2-3-4-2-5-6/a4-b1_b4-c1_c3-d1_d3-e1_e2-f1_e3-g1
14:12:15.845 [31mWARN [0;39m [main] [33mWURCSParser[0;39m - Because of:
14:12:15.845 [31mWARN [0;39m [main] [33mWURCSParser[0;39m - Incompatible:
The carbon with unknown chemical state cannot be converted to molecule.

14:12:15.845 [34mINFO [0;39m [main] [33mWURCSParser[0;39m - Start process for WURCS: WURCS=2.0/6,7,6/[a2112h-1x_1-5_2*NCC/3=O][a2122h-1b_1-5_2*NCC/3=O][a1221m-1a_1-5][a2112h-1b_1-5][a2112h-1a_1-5_2*NCC/3=O][Aad21122h-2a_2-6]/1-2-3-4-3-5-6/a3-b1_a6-g2_b3-c1_b4-d1_d2-e1_d3-f1
14:12:15.851 [34mINFO [0;39m [main] [33mWURCSParser[0;39m - Start process for WURCS: WURCS=2.0/6,7,6/[Aad1122h-2a_2-6][a11221h-1a_1-5][a11221h-1a_1-5_7*OP^XOCCN/3O/3=O][a2122h-1a_1-5_2*NCC/3=O][a2122h-1a_1-5][a2122h-1b_1-5]/1-1-2-3-4-5-6/a4-b2_a5-c1_c3-d1_c4-g1_d2-e1_d3-f1
14:12:15.853 [34mINFO [0;39m [main] [33mWURCSParser[0;39m - Start process for WURCS: WURCS=2.0/4,6,5/[h2112h_2*NCC/3=O][a2112h-1b_1-5][Aad21122h-2a_2-6_5*NCC/3=O][a2122h-1b_1-5_2*NCC/3=O]/1-2-3-4-2-3/a3-b1_a6-d1_b3-c2_e3-f2_d?-e1
14:12:15.854 [31mWARN [0;39m [main] [33mWURCSParser[0;39m - This WURCS cannot be converted to molecule: WURCS=2.0/4,6,5/[h2112h_2*NCC/3=O][a2112h-1b_1-5][Aad21122h-2a_2-6_5*NCC/3=O][a2122h-1b_1-5_2*NCC/3=O]/1-2-3-4-2-3/a3-b1_a6-d1_b3-c2_e3-f2_d?-e1
14:12:15.854 [31mWARN [0;39m [main] [33mWURCSParser[0;39m - Because of:
14:12:15.854 [31mWARN [0;39m [main] [33mWURCSParser[0;39m - Incompatible:
The unknown linkage positions cannot be converted to molecule.

14:12:15.854 [34mINFO [0;39m [main] [33mWURCSParser[0;39m - Start process for WURCS: WURCS=2.0/5,12,11/[a2122h-1x_1-5_2*NCC/3=O][a2122h-1b_1-5_2*NCC/3=O][a1122h-1b_1-5][a1122h-1a_1-5][a2112h-1b_1-5_2*NCC/3=O]/1-2-3-4-2-2-4-2-2-5-5-5/a4-b1_b4-c1_c3-d1_c6-g1_d2-e1_d4-f1_g2-h1_g6-i1_j1-a4|b4|c4|d4|e4|f4|g4|h4|i4}_k1-a4|b4|c4|d4|e4|f4|g4|h4|i4}_l1-a4|b4|c4|d4|e4|f4|g4|h4|i4}
14:12:15.857 [31mWARN [0;39m [main] [33mWURCSParser[0;39m - This WURCS cannot be converted to molecule: WURCS=2.0/5,12,11/[a2122h-1x_1-5_2*NCC/3=O][a2122h-1b_1-5_2*NCC/3=O][a1122h-1b_1-5][a1122h-1a_1-5][a2112h-1b_1-5_2*NCC/3=O]/1-2-3-4-2-2-4-2-2-5-5-5/a4-b1_b4-c1_c3-d1_c6-g1_d2-e1_d4-f1_g2-h1_g6-i1_j1-a4|b4|c4|d4|e4|f4|g4|h4|i4}_k1-a4|b4|c4|d4|e4|f4|g4|h4|i4}_l1-a4|b4|c4|d4|e4|f4|g4|h4|i4}
14:12:15.857 [31mWARN [0;39m [main] [33mWURCSParser[0;39m - Because of:
14:12:15.857 [31mWARN [0;39m [main] [33mWURCSParser[0;39m - Incompatible:
The alternative modification cannot be converted to molecule.
Warning:
Only one modification is allowed to be connected to the CarbonDescriptor "2".

14:12:15.857 [34mINFO [0;39m [main] [33mWURCSParser[0;39m - Start process for WURCS: WURCS=2.0/1,1,0/[a1221h-1a_1-4]/1/
14:12:15.858 [34mINFO [0;39m [main] [33mWURCSParser[0;39m - Start process for WURCS: WURCS=2.0/3,3,2/[u212h][a212h-1b_1-5][a2122A-1a_1-5_4*OC]/1-2-3/a4-b1_b2-c1
14:12:15.858 [31mWARN [0;39m [main] [33mWURCSParser[0;39m - This WURCS cannot be converted to molecule: WURCS=2.0/3,3,2/[u212h][a212h-1b_1-5][a2122A-1a_1-5_4*OC]/1-2-3/a4-b1_b2-c1
14:12:15.858 [31mWARN [0;39m [main] [33mWURCSParser[0;39m - Because of:
14:12:15.858 [31mWARN [0;39m [main] [33mWURCSParser[0;39m - Incompatible:
The carbon with unknown chemical state cannot be converted to molecule.

14:12:15.858 [34mINFO [0;39m [main] [33mWURCSParser[0;39m - Start process for WURCS: WURCS=2.0/6,12,11/[a2122h-1x_1-5_2*NCC/3=O][a2122h-1b_1-5_2*NCC/3=O][a1122h-1b_1-5][a1122h-1a_1-5][a2112h-1b_1-5][Aad21122h-2a_2-6_5*NCCO/3=O]/1-2-3-4-2-5-6-4-2-5-2-5/a4-b1_b4-c1_c3-d1_c6-h1_d2-e1_e4-f1_h2-i1_i4-j1_k4-l1_g2-f3|f6_k1-d4|d6|h4|h6}
14:12:15.859 [34mINFO [0;39m [main] [33mWURCSParser[0;39m - Start process for WURCS: WURCS=2.0/5,7,6/[a2112h-1x_1-5][a2122h-1b_1-5_2*NCC/3=O][a1221m-1a_1-5][a2122h-1b_1-5][a2112h-1b_1-5]/1-2-3-4-2-3-5/a3-b1_b3-c1_b4-d1_d3-e1_e3-f1_e4-g1
14:12:15.860 [31mWARN [0;39m [main] [33mWURCSParser[0;39m - This WURCS cannot be converted to molecule: WURCS=2.0/6,12,11/[a2122h-1x_1-5_2*NCC/3=O][a2122h-1b_1-5_2*NCC/3=O][a1122h-1b_1-5][a1122h-1a_1-5][a2112h-1b_1-5][Aad21122h-2a_2-6_5*NCCO/3=O]/1-2-3-4-2-5-6-4-2-5-2-5/a4-b1_b4-c1_c3-d1_c6-h1_d2-e1_e4-f1_h2-i1_i4-j1_k4-l1_g2-f3|f6_k1-d4|d6|h4|h6}
14:12:15.860 [31mWARN [0;39m [main] [33mWURCSParser[0;39m - Because of:
14:12:15.860 [31mWARN [0;39m [main] [33mWURCSParser[0;39m - Incompatible:
The alternative linkage positions cannot be converted to molecule.
The alternative modification cannot be converted to molecule.

14:12:15.860 [34mINFO [0;39m [main] [33mWURCSParser[0;39m - Start process for WURCS: WURCS=2.0/6,13,12/[a2122h-1b_1-5_2*NCC/3=O][a1122h-1b_1-5][a1122h-1a_1-5][Aad21122h-2a_2-6_5*NCC/3=O][a2112h-1b_1-5][a1221m-1a_1-5]/1-1-2-3-1-4-5-4-3-1-5-4-6/a4-b1_a6-m1_b4-c1_c3-d1_c6-i1_d2-e1_e4-g1_i2-j1_j4-k1_f2-e3|e6_h2-g3|g6_l2-k3|k6
14:12:15.862 [31mWARN [0;39m [main] [33mWURCSParser[0;39m - This WURCS cannot be converted to molecule: WURCS=2.0/6,13,12/[a2122h-1b_1-5_2*NCC/3=O][a1122h-1b_1-5][a1122h-1a_1-5][Aad21122h-2a_2-6_5*NCC/3=O][a2112h-1b_1-5][a1221m-1a_1-5]/1-1-2-3-1-4-5-4-3-1-5-4-6/a4-b1_a6-m1_b4-c1_c3-d1_c6-i1_d2-e1_e4-g1_i2-j1_j4-k1_f2-e3|e6_h2-g3|g6_l2-k3|k6
14:12:15.862 [31mWARN [0;39m [main] [33mWURCSParser[0;39m - Because of:
14:12:15.862 [31mWARN [0;39m [main] [33mWURCSParser[0;39m - Incompatible:
The alternative linkage positions cannot be converted to molecule.

14:12:15.862 [34mINFO [0;39m [main] [33mWURCSParser[0;39m - Start process for WURCS: WURCS=2.0/6,8,7/[a2122h-1x_1-5_2*NCC/3=O][a2122h-1b_1-5_2*NCC/3=O][a1122h-1b_1-5][a1122h-1a_1-5][a2112h-1x_1-5][a1122h-1x_1-5]/1-2-3-4-1-5-4-6/a4-b1_b4-c1_c?-d1_c?-g1_d?-e1_e?-f1_g?-h1
14:12:15.863 [31mWARN [0;39m [main] [33mWURCSParser[0;39m - This WURCS cannot be converted to molecule: WURCS=2.0/6,8,7/[a2122h-1x_1-5_2*NCC/3=O][a2122h-1b_1-5_2*NCC/3=O][a1122h-1b_1-5][a1122h-1a_1-5][a2112h-1x_1-5][a1122h-1x_1-5]/1-2-3-4-1-5-4-6/a4-b1_b4-c1_c?-d1_c?-g1_d?-e1_e?-f1_g?-h1
14:12:15.863 [31mWARN [0;39m [main] [33mWURCSParser[0;39m - Because of:
14:12:15.863 [31mWARN [0;39m [main] [33mWURCSParser[0;39m - Incompatible:
The unknown linkage positions cannot be converted to molecule.

14:12:15.863 [34mINFO [0;39m [main] [33mWURCSParser[0;39m - Start process for WURCS: WURCS=2.0/5,5,4/[u2122A][a2112h-1b_1-5_2*NCC/3=O][a2121A-1a_1-5][a2112h-1b_1-5_2*NCC/3=O_6*OSO/3=O/3=O][a2122A-1b_1-5]/1-2-3-4-5/a?-b1_b?-c1_c?-d1_d?-e1
14:12:15.863 [34mINFO [0;39m [main] [33mWURCSParser[0;39m - Start process for WURCS: WURCS=2.0/2,3,2/[u2112m_2*NCC/3=O][a1122A-1b_1-5_2*NCC/3=O_3*N]/1-2-2/a3-b1_b4-c1
14:12:15.863 [31mWARN [0;39m [main] [33mWURCSParser[0;39m - This WURCS cannot be converted to molecule: WURCS=2.0/2,3,2/[u2112m_2*NCC/3=O][a1122A-1b_1-5_2*NCC/3=O_3*N]/1-2-2/a3-b1_b4-c1
14:12:15.863 [31mWARN [0;39m [main] [33mWURCSParser[0;39m - Because of:
14:12:15.864 [31mWARN [0;39m [main] [33mWURCSParser[0;39m - Incompatible:
The carbon with unknown chemical state cannot be converted to molecule.

14:12:15.864 [31mWARN [0;39m [main] [33mWURCSParser[0;39m - This WURCS cannot be converted to molecule: WURCS=2.0/5,5,4/[u2122A][a2112h-1b_1-5_2*NCC/3=O][a2121A-1a_1-5][a2112h-1b_1-5_2*NCC/3=O_6*OSO/3=O/3=O][a2122A-1b_1-5]/1-2-3-4-5/a?-b1_b?-c1_c?-d1_d?-e1
14:12:15.864 [34mINFO [0;39m [main] [33mWURCSParser[0;39m - Start process for WURCS: WURCS=2.0/7,20,19/[a2122h-1x_1-5_2*NCC/3=O][a2122h-1b_1-5_2*NCC/3=O][a1122h-1b_1-5][a1122h-1a_1-5][a2112h-1b_1-5][Aad21122h-2a_2-6_5*NCC/3=O][a1221m-1a_1-5]/1-2-3-4-2-5-6-2-5-6-4-2-5-2-5-6-2-5-6-7/a4-b1_a6-t1_b4-c1_c3-d1_c6-k1_d2-e1_d4-h1_e4-f1_h4-i1_k2-l1_k4-n1_k6-q1_l4-m1_n4-o1_q4-r1_g2-f3|f6_j2-i3|i6_p2-o3|o6_s2-r3|r6
14:12:15.864 [31mWARN [0;39m [main] [33mWURCSParser[0;39m - Because of:
14:12:15.864 [31mWARN [0;39m [main] [33mWURCSParser[0;39m - Incompatible:
The unknown linkage positions cannot be converted to molecule.
The carbon with unknown chemical state cannot be converted to molecule.

14:12:15.864 [34mINFO [0;39m [main] [33mWURCSParser[0;39m - Start process for WURCS: WURCS=2.0/6,8,7/[a2122h-1b_1-5][a2112h-1b_1-5][Aad21122h-2a_2-6_5*NCC/3=O][a2112h-1b_1-5_2*NCC/3=O][a1221m-1a_1-5][a2112h-1a_1-5]/1-2-3-3-4-2-5-6/a4-b1_b3-c2_b4-e1_c8-d2_e3-f1_f2-g1_f3-h1
14:12:15.866 [31mWARN [0;39m [main] [33mWURCSParser[0;39m - This WURCS cannot be converted to molecule: WURCS=2.0/7,20,19/[a2122h-1x_1-5_2*NCC/3=O][a2122h-1b_1-5_2*NCC/3=O][a1122h-1b_1-5][a1122h-1a_1-5][a2112h-1b_1-5][Aad21122h-2a_2-6_5*NCC/3=O][a1221m-1a_1-5]/1-2-3-4-2-5-6-2-5-6-4-2-5-2-5-6-2-5-6-7/a4-b1_a6-t1_b4-c1_c3-d1_c6-k1_d2-e1_d4-h1_e4-f1_h4-i1_k2-l1_k4-n1_k6-q1_l4-m1_n4-o1_q4-r1_g2-f3|f6_j2-i3|i6_p2-o3|o6_s2-r3|r6
14:12:15.866 [31mWARN [0;39m [main] [33mWURCSParser[0;39m - Because of:
14:12:15.866 [31mWARN [0;39m [main] [33mWURCSParser[0;39m - Incompatible:
The alternative linkage positions cannot be converted to molecule.

14:12:15.866 [34mINFO [0;39m [main] [33mWURCSParser[0;39m - Start process for WURCS: WURCS=2.0/6,10,9/[a2122h-1x_1-5_2*NCC/3=O][a2122h-1b_1-5_2*NCC/3=O][a1122h-1b_1-5][a1122h-1a_1-5][a2112h-1x_1-5][a1221m-1x_1-5]/1-2-3-4-1-5-4-1-5-6/a4-b1_a6-j1_b4-c1_c3-d1_c6-g1_d?-e1_e?-f1_g?-h1_h?-i1
14:12:15.868 [31mWARN [0;39m [main] [33mWURCSParser[0;39m - This WURCS cannot be converted to molecule: WURCS=2.0/6,10,9/[a2122h-1x_1-5_2*NCC/3=O][a2122h-1b_1-5_2*NCC/3=O][a1122h-1b_1-5][a1122h-1a_1-5][a2112h-1x_1-5][a1221m-1x_1-5]/1-2-3-4-1-5-4-1-5-6/a4-b1_a6-j1_b4-c1_c3-d1_c6-g1_d?-e1_e?-f1_g?-h1_h?-i1
14:12:15.868 [31mWARN [0;39m [main] [33mWURCSParser[0;39m - Because of:
14:12:15.868 [31mWARN [0;39m [main] [33mWURCSParser[0;39m - Incompatible:
The unknown linkage positions cannot be converted to molecule.

14:12:15.868 [34mINFO [0;39m [main] [33mWURCSParser[0;39m - Start process for WURCS: WURCS=2.0/2,6,5/[u2122h][a2122h-1a_1-5]/1-2-2-2-2-2/a6-b1_b3-c1_c6-d1_d6-e1_e6-f1
14:12:15.869 [31mWARN [0;39m [main] [33mWURCSParser[0;39m - This WURCS cannot be converted to molecule: WURCS=2.0/2,6,5/[u2122h][a2122h-1a_1-5]/1-2-2-2-2-2/a6-b1_b3-c1_c6-d1_d6-e1_e6-f1
14:12:15.869 [31mWARN [0;39m [main] [33mWURCSParser[0;39m - Because of:
14:12:15.869 [31mWARN [0;39m [main] [33mWURCSParser[0;39m - Incompatible:
The carbon with unknown chemical state cannot be converted to molecule.

14:12:15.869 [34mINFO [0;39m [main] [33mWURCSParser[0;39m - Start process for WURCS: WURCS=2.0/2,2,1/[h2122h_2*NCC/3=O][a2122A-1b_1-5]/1-2/a3-b1
14:12:15.870 [34mINFO [0;39m [main] [33mWURCSParser[0;39m - Start process for WURCS: WURCS=2.0/3,3,2/[a2112h-1b_1-5_2*NCC/3=O][a2112h-1b_1-5][a2112h-1a_1-5]/1-2-3/a4-b1_b4-c1
14:12:15.871 [34mINFO [0;39m [main] [33mWURCSParser[0;39m - Start process for WURCS: WURCS=2.0/2,2,1/[Aad1122h-2a_2-6][a11221h-1a_1-5]/1-2/a4-b1
14:12:15.872 [34mINFO [0;39m [main] [33mWURCSParser[0;39m - Start process for WURCS: WURCS=2.0/1,2,1/[a2122m-1b_1-5]/1-1/a2-b1
14:12:15.872 [34mINFO [0;39m [main] [33mWURCSParser[0;39m - Start process for WURCS: WURCS=2.0/5,13,12/[a2122h-1b_1-5_2*NCC/3=O][a1122h-1b_1-5][a1122h-1a_1-5][a2112h-1b_1-5][Aad21122h-2a_2-6_5*NCC/3=O]/1-1-2-3-1-4-1-4-5-3-1-4-5/a4-b1_b4-c1_c3-d1_c6-j1_d2-e1_d4-g1_e4-f1_g4-h1_h3-i2_j2-k1_k4-l1_l6-m2
14:12:15.873 [34mINFO [0;39m [main] [33mWURCSParser[0;39m - Start process for WURCS: WURCS=2.0/5,7,6/[a2122h-1x_1-5_2*NCC/3=O][a2112h-1b_1-5][Aad21122h-2a_2-6][a1221m-1a_1-5][a2122h-1b_1-5_2*NCC/3=O]/1-2-3-4-5-2-4/a3-b1_a6-e1_b3-c2_c4-d1_e4-f1_f2-g1
14:12:15.877 [34mINFO [0;39m [main] [33mWURCSParser[0;39m - Start process for WURCS: WURCS=2.0/3,4,4/[u2112A][a2112A-1a_1-5][a21EEA-1b_1-5]/1-2-2-3/a4-b1_b4-c1_c4-d1_b1-b4~n
14:12:15.877 [31mWARN [0;39m [main] [33mWURCSParser[0;39m - This WURCS cannot be converted to molecule: WURCS=2.0/3,4,4/[u2112A][a2112A-1a_1-5][a21EEA-1b_1-5]/1-2-2-3/a4-b1_b4-c1_c4-d1_b1-b4~n
14:12:15.877 [31mWARN [0;39m [main] [33mWURCSParser[0;39m - Because of:
14:12:15.877 [31mWARN [0;39m [main] [33mWURCSParser[0;39m - Incompatible:
The carbon with unknown chemical state cannot be converted to molecule.
The repeating unit cannot be converted to molecule.

14:12:15.877 [34mINFO [0;39m [main] [33mWURCSParser[0;39m - Start process for WURCS: WURCS=2.0/4,5,5/[a2122h-1a_1-5_6%.7%*OCC/3=O][a1221m-1a_1-5_2*NCC/3=O][a2122h-1a_1-5_2*NCC/3=O][a2122h-1a_1-5]/1-2-3-2-4/a4-b1_b3-c1_c3-d1_d3-e1_a1-e4*OPO*/3O/3=O~n
14:12:15.880 [31mWARN [0;39m [main] [33mWURCSParser[0;39m - This WURCS cannot be converted to molecule: WURCS=2.0/4,5,5/[a2122h-1a_1-5_6%.7%*OCC/3=O][a1221m-1a_1-5_2*NCC/3=O][a2122h-1a_1-5_2*NCC/3=O][a2122h-1a_1-5]/1-2-3-2-4/a4-b1_b3-c1_c3-d1_d3-e1_a1-e4*OPO*/3O/3=O~n
14:12:15.880 [31mWARN [0;39m [main] [33mWURCSParser[0;39m - Because of:
14:12:15.880 [31mWARN [0;39m [main] [33mWURCSParser[0;39m - Incompatible:
The linkage with probability cannot be converted to molecule.
The repeating unit cannot be converted to molecule.

14:12:15.880 [34mINFO [0;39m [main] [33mWURCSParser[0;39m - Start process for WURCS: WURCS=2.0/3,3,2/[a2122h-1b_1-5_2*NCC/3=O][a2112h-1b_1-5_4-6*OPO*/3O/3=O][a1d21m-1a_1-5]/1-2-3/a3-b1_b2-c1
14:12:15.882 [34mINFO [0;39m [main] [33mWURCSParser[0;39m - Start process for WURCS: WURCS=2.0/3,8,7/[h2122h_2*NCC/3=O][a1122h-1b_1-5][a1122h-1a_1-5]/1-2-3-3-3-3-3-3/a4-b1_b3-c1_b6-f1_c2-d1_d2-e1_f6-g1_g2-h1
14:12:15.887 [34mINFO [0;39m [main] [33mWURCSParser[0;39m - Start process for WURCS: WURCS=2.0/6,10,9/[a2122h-1x_1-5_2*NCC/3=O][a2122h-1b_1-5_2*NCC/3=O][a1122h-1b_1-5][a1122h-1a_1-5][a2112h-1b_1-5][a1221m-1a_1-5]/1-2-3-4-2-5-2-4-4-6/a4-b1_a6-j1_b4-c1_c3-d1_c4-g1_c6-h1_d2-e1_e4-f1_h3-i1
14:12:15.889 [34mINFO [0;39m [main] [33mWURCSParser[0;39m - Start process for WURCS: WURCS=2.0/6,13,12/[a2122h-1x_1-5_2*NCC/3=O][a1122h-1b_1-5][a1122h-1a_1-5][a2122h-1b_1-5_2*NCC/3=O][a2112h-1b_1-5][Aad21122h-2a_2-6_5*NCC/3=O]/1-2-3-4-5-6-4-5-6-3-4-5-6/a4-b1_b3-c1_b6-j1_c2-d1_c4-g1_d4-e1_e6-f2_g4-h1_h3-i2_j2-k1_k4-l1_l6-m2
14:12:15.895 [34mINFO [0;39m [main] [33mWURCSParser[0;39m - Start process for WURCS: WURCS=2.0/4,5,4/[h2112h_2*NCC/3=O][a2112h-1b_1-5][a2122h-1b_1-5_2*NCC/3=O][a2112m-1a_1-5]/1-2-3-3-4/a3-b1_a6-c1_c3-d1_c4-e1
14:12:15.898 [34mINFO [0;39m [main] [33mWURCSParser[0;39m - Start process for WURCS: WURCS=2.0/6,12,11/[a2122h-1b_1-5_2*NCC/3=O][a1122h-1b_1-5][a1122h-1a_1-5][a2112h-1b_1-5][Aad21122h-2a_2-6][a1221m-1a_1-5]/1-1-2-3-1-4-5-3-1-6-4-6/a4-b1_a6-l1_b4-c1_c3-d1_c6-h1_d2-e1_e4-f1_f6-g2_h2-i1_i3-j1_i4-k1
14:12:15.910 [34mINFO [0;39m [main] [33mWURCSParser[0;39m - Start process for WURCS: WURCS=2.0/5,12,11/[a2122h-1b_1-5_2*NCC/3=O][a1122h-1b_1-5][a1122h-1a_1-5][a2112h-1b_1-5][a1221m-1a_1-5]/1-1-2-3-1-4-1-3-1-4-1-5/a4-b1_a6-l1_b4-c1_c3-d1_c6-h1_d2-e1_e4-f1_f3-g1_h2-i1_i4-j1_j3-k1
14:12:15.914 [34mINFO [0;39m [main] [33mWURCSParser[0;39m - Start process for WURCS: WURCS=2.0/4,9,8/[a2112h-1x_1-5_2*NCC/3=O][a2112h-1b_1-5][a2122h-1b_1-5_2*NCC/3=O][a1221m-1a_1-5]/1-2-3-2-3-2-3-4-2/a3-b1_a6-c1_c4-d1_e4-f1_g3-h1_g4-i1_d?-e1_f?-g1
14:12:15.916 [31mWARN [0;39m [main] [33mWURCSParser[0;39m - This WURCS cannot be converted to molecule: WURCS=2.0/4,9,8/[a2112h-1x_1-5_2*NCC/3=O][a2112h-1b_1-5][a2122h-1b_1-5_2*NCC/3=O][a1221m-1a_1-5]/1-2-3-2-3-2-3-4-2/a3-b1_a6-c1_c4-d1_e4-f1_g3-h1_g4-i1_d?-e1_f?-g1
14:12:15.916 [31mWARN [0;39m [main] [33mWURCSParser[0;39m - Because of:
14:12:15.916 [31mWARN [0;39m [main] [33mWURCSParser[0;39m - Incompatible:
The unknown linkage positions cannot be converted to molecule.

14:12:15.916 [34mINFO [0;39m [main] [33mWURCSParser[0;39m - Start process for WURCS: WURCS=2.0/5,14,13/[a2122h-1x_1-5_2*NCC/3=O][a1122h-1x_1-5][a2112h-1x_1-5][Aad21122h-2x_2-6_5*NCC/3=O][a1221m-1x_1-5]/1-1-2-2-1-3-4-1-5-3-2-1-1-5/a?-b1_a?-n1_b?-c1_c?-d1_c?-k1_c?-m1_d?-e1_d?-h1_e?-f1_f?-g2_h?-i1_h?-j1_k?-l1
14:12:15.918 [31mWARN [0;39m [main] [33mWURCSParser[0;39m - This WURCS cannot be converted to molecule: WURCS=2.0/5,14,13/[a2122h-1x_1-5_2*NCC/3=O][a1122h-1x_1-5][a2112h-1x_1-5][Aad21122h-2x_2-6_5*NCC/3=O][a1221m-1x_1-5]/1-1-2-2-1-3-4-1-5-3-2-1-1-5/a?-b1_a?-n1_b?-c1_c?-d1_c?-k1_c?-m1_d?-e1_d?-h1_e?-f1_f?-g2_h?-i1_h?-j1_k?-l1
14:12:15.918 [31mWARN [0;39m [main] [33mWURCSParser[0;39m - Because of:
14:12:15.918 [31mWARN [0;39m [main] [33mWURCSParser[0;39m - Incompatible:
The unknown linkage positions cannot be converted to molecule.

14:12:15.918 [34mINFO [0;39m [main] [33mWURCSParser[0;39m - Start process for WURCS: WURCS=2.0/3,3,3/[a2211m-1a_1-5][a2221m-1a_1-5_4*OCC/3=O][a2221m-1a_1-5]/1-2-3/a2-b1_b3-c1_a1-c2~n
14:12:15.919 [31mWARN [0;39m [main] [33mWURCSParser[0;39m - This WURCS cannot be converted to molecule: WURCS=2.0/3,3,3/[a2211m-1a_1-5][a2221m-1a_1-5_4*OCC/3=O][a2221m-1a_1-5]/1-2-3/a2-b1_b3-c1_a1-c2~n
14:12:15.919 [31mWARN [0;39m [main] [33mWURCSParser[0;39m - Because of:
14:12:15.919 [31mWARN [0;39m [main] [33mWURCSParser[0;39m - Incompatible:
The repeating unit cannot be converted to molecule.

14:12:15.919 [34mINFO [0;39m [main] [33mWURCSParser[0;39m - Start process for WURCS: WURCS=2.0/3,4,3/[a2122A-1x_1-5][a2122A-1b_1-5][a21eEA-1a_1-5]/1-2-2-3/a4-b1_b4-c1_c4-d1
14:12:15.921 [34mINFO [0;39m [main] [33mWURCSParser[0;39m - Start process for WURCS: WURCS=2.0/6,11,10/[a2122h-1x_1-5_2*NCC/3=O][a2122h-1b_1-5_2*NCC/3=O][a1122h-1b_1-5][a1122h-1a_1-5][a2112h-1b_1-5][Aad21122h-2a_2-6_5*NCC/3=O]/1-2-3-4-2-5-6-4-2-5-6/a4-b1_b4-c1_c3-d1_c6-h1_d2-e1_e4-f1_f3-g2_h2-i1_i4-j1_j3-k2
14:12:15.921 [34mINFO [0;39m [main] [33mWURCSParser[0;39m - Start process for WURCS: WURCS=2.0/3,3,2/[a2122h-1x_1-5][a2122h-1b_1-5][a2211m-1a_1-5]/1-2-3/a2-b1_a6-c1
14:12:15.923 [34mINFO [0;39m [main] [33mWURCSParser[0;39m - Start process for WURCS: WURCS=2.0/2,2,1/[h2122h_2*NCC/3=O][a2112h-1b_1-5]/1-2/a3-b1
14:12:15.924 [34mINFO [0;39m [main] [33mWURCSParser[0;39m - Start process for WURCS: WURCS=2.0/3,3,2/[a2112h-1x_1-5_2*NCC/3=O][a2112h-1b_1-5][Aad21122h-2x_2-6_5*NCC/3=O]/1-2-3/a3-b1_c?-a?|b?}
14:12:15.924 [31mWARN [0;39m [main] [33mWURCSParser[0;39m - This WURCS cannot be converted to molecule: WURCS=2.0/3,3,2/[a2112h-1x_1-5_2*NCC/3=O][a2112h-1b_1-5][Aad21122h-2x_2-6_5*NCC/3=O]/1-2-3/a3-b1_c?-a?|b?}
14:12:15.924 [31mWARN [0;39m [main] [33mWURCSParser[0;39m - Because of:
14:12:15.924 [31mWARN [0;39m [main] [33mWURCSParser[0;39m - Incompatible:
The unknown linkage positions cannot be converted to molecule.
The alternative modification cannot be converted to molecule.

14:12:15.924 [34mINFO [0;39m [main] [33mWURCSParser[0;39m - Start process for WURCS: WURCS=2.0/2,2,1/[AUd21122h_5*NCC/3=O][Aad21122h-2a_2-6_5*NCC/3=O]/1-2/a8-b2
14:12:15.925 [31mWARN [0;39m [main] [33mWURCSParser[0;39m - This WURCS cannot be converted to molecule: WURCS=2.0/2,2,1/[AUd21122h_5*NCC/3=O][Aad21122h-2a_2-6_5*NCC/3=O]/1-2/a8-b2
14:12:15.925 [31mWARN [0;39m [main] [33mWURCSParser[0;39m - Because of:
14:12:15.925 [31mWARN [0;39m [main] [33mWURCSParser[0;39m - Incompatible:
The carbon with unknown chemical state cannot be converted to molecule.

14:12:15.925 [34mINFO [0;39m [main] [33mWURCSParser[0;39m - Start process for WURCS: WURCS=2.0/3,4,4/[a2122m-1b_1-5_4*NC=O][a2122m-1b_1-5_2*NCC/3=O][a2112A-1a_1-5_2*NCC/3=O_6*N]/1-2-3-3/a2-b1_b3-c1_c4-d1_a1-d4~n
14:12:15.926 [31mWARN [0;39m [main] [33mWURCSParser[0;39m - This WURCS cannot be converted to molecule: WURCS=2.0/3,4,4/[a2122m-1b_1-5_4*NC=O][a2122m-1b_1-5_2*NCC/3=O][a2112A-1a_1-5_2*NCC/3=O_6*N]/1-2-3-3/a2-b1_b3-c1_c4-d1_a1-d4~n
14:12:15.926 [31mWARN [0;39m [main] [33mWURCSParser[0;39m - Because of:
14:12:15.926 [31mWARN [0;39m [main] [33mWURCSParser[0;39m - Incompatible:
The repeating unit cannot be converted to molecule.

14:12:15.926 [34mINFO [0;39m [main] [33mWURCSParser[0;39m - Start process for WURCS: WURCS=2.0/4,4,4/[a2112h-1b_1-5][a1122h-1a_1-5][a2112h-1a_1-5][a2122A-1b_1-5]/1-2-3-4/a3-b1_b3-c1_c3-d1_a1-b2*OPO*/3O/3=O~n
14:12:15.926 [31mWARN [0;39m [main] [33mWURCSParser[0;39m - This WURCS cannot be converted to molecule: WURCS=2.0/4,4,4/[a2112h-1b_1-5][a1122h-1a_1-5][a2112h-1a_1-5][a2122A-1b_1-5]/1-2-3-4/a3-b1_b3-c1_c3-d1_a1-b2*OPO*/3O/3=O~n
14:12:15.926 [31mWARN [0;39m [main] [33mWURCSParser[0;39m - Because of:
14:12:15.926 [31mWARN [0;39m [main] [33mWURCSParser[0;39m - Incompatible:
The repeating unit cannot be converted to molecule.

14:12:15.927 [34mINFO [0;39m [main] [33mWURCSParser[0;39m - Start process for WURCS: WURCS=2.0/2,2,1/[ad211m-1x_1-5_3*OC][a2122h-1b_1-5]/1-2/a4-b1
14:12:15.928 [34mINFO [0;39m [main] [33mWURCSParser[0;39m - Start process for WURCS: WURCS=2.0/5,9,8/[a2122h-1b_1-5_2*NCC/3=O][a1122h-1b_1-5][a1122h-1a_1-5][a2112h-1b_1-5][Aad21122h-2a_2-6_5*NCC/3=O]/1-1-2-3-1-3-1-4-5/a4-b1_b4-c1_c3-d1_c6-f1_d2-e1_f2-g1_h3-i2_h1-e4|g4}
14:12:15.929 [31mWARN [0;39m [main] [33mWURCSParser[0;39m - This WURCS cannot be converted to molecule: WURCS=2.0/5,9,8/[a2122h-1b_1-5_2*NCC/3=O][a1122h-1b_1-5][a1122h-1a_1-5][a2112h-1b_1-5][Aad21122h-2a_2-6_5*NCC/3=O]/1-1-2-3-1-3-1-4-5/a4-b1_b4-c1_c3-d1_c6-f1_d2-e1_f2-g1_h3-i2_h1-e4|g4}
14:12:15.929 [31mWARN [0;39m [main] [33mWURCSParser[0;39m - Because of:
14:12:15.929 [31mWARN [0;39m [main] [33mWURCSParser[0;39m - Incompatible:
The alternative modification cannot be converted to molecule.

14:12:15.929 [34mINFO [0;39m [main] [33mWURCSParser[0;39m - Start process for WURCS: WURCS=2.0/4,4,3/[h4334h][a2112m-1a_1-5][a2112h-1a_1-5_2*NCC/3=O][a2122h-1a_1-5_2*NCC/3=O]/1-2-3-4/a2-b1_a3-c1_c3-d1
14:12:15.930 [31mWARN [0;39m [main] [33mWURCSParser[0;39m - This WURCS cannot be converted to molecule: WURCS=2.0/4,4,3/[h4334h][a2112m-1a_1-5][a2112h-1a_1-5_2*NCC/3=O][a2122h-1a_1-5_2*NCC/3=O]/1-2-3-4/a2-b1_a3-c1_c3-d1
14:12:15.930 [31mWARN [0;39m [main] [33mWURCSParser[0;39m - Because of:
14:12:15.930 [31mWARN [0;39m [main] [33mWURCSParser[0;39m - Incompatible:
The carbon(s) with relative stereochemistry cannot be converted to molecule.

14:12:15.930 [34mINFO [0;39m [main] [33mWURCSParser[0;39m - Start process for WURCS: WURCS=2.0/3,3,3/[a2112h-1b_1-5][a1221h-1a_1-5_3-6][a2112h-1a_1-5_4*OC]/1-2-3/a3-b1_a6-c1_a1-b4~n
14:12:15.930 [31mWARN [0;39m [main] [33mWURCSParser[0;39m - This WURCS cannot be converted to molecule: WURCS=2.0/3,3,3/[a2112h-1b_1-5][a1221h-1a_1-5_3-6][a2112h-1a_1-5_4*OC]/1-2-3/a3-b1_a6-c1_a1-b4~n
14:12:15.930 [31mWARN [0;39m [main] [33mWURCSParser[0;39m - Because of:
14:12:15.930 [31mWARN [0;39m [main] [33mWURCSParser[0;39m - Incompatible:
The repeating unit cannot be converted to molecule.

14:12:15.930 [34mINFO [0;39m [main] [33mWURCSParser[0;39m - Start process for WURCS: WURCS=2.0/4,6,6/[h2122h_2*NCC/3=O][a2122A-1b_1-5][a2122h-1b_1-5_2*NCC/3=O][a2112h-1b_1-5_2*NCC/3=O_6*OSO/3=O/3=O]/1-2-3-2-4-2/a3-b1_b4-c1_c3-d1_d4-e1_e3-f1_c1-d4~n
14:12:15.931 [31mWARN [0;39m [main] [33mWURCSParser[0;39m - This WURCS cannot be converted to molecule: WURCS=2.0/4,6,6/[h2122h_2*NCC/3=O][a2122A-1b_1-5][a2122h-1b_1-5_2*NCC/3=O][a2112h-1b_1-5_2*NCC/3=O_6*OSO/3=O/3=O]/1-2-3-2-4-2/a3-b1_b4-c1_c3-d1_d4-e1_e3-f1_c1-d4~n
14:12:15.931 [31mWARN [0;39m [main] [33mWURCSParser[0;39m - Because of:
14:12:15.931 [31mWARN [0;39m [main] [33mWURCSParser[0;39m - Incompatible:
The repeating unit cannot be converted to molecule.

14:12:15.931 [34mINFO [0;39m [main] [33mWURCSParser[0;39m - Start process for WURCS: WURCS=2.0/5,11,10/[a2122h-1x_1-5_2*NCC/3=O][a2122h-1b_1-5_2*NCC/3=O][a1122h-1b_1-5][a1122h-1a_1-5][a2112h-1b_1-5]/1-2-3-4-2-5-2-5-4-2-5/a4-b1_b4-c1_d2-e1_d4-g1_c?-d1_c?-i1_e?-f1_g?-h1_i?-j1_j?-k1
14:12:15.932 [34mINFO [0;39m [main] [33mWURCSParser[0;39m - Start process for WURCS: WURCS=2.0/7,8,7/[a2112h-1a_1-5_2*NCC/3=O][a2112h-1x_1-5][a1221m-1a_1-5][a2122h-1b_1-5_2*NCC/3=O][a2122h-1a_1-5][a1122h-1a_1-5][Aad21122h-2a_2-6_5*NCC/3=O]/1-2-3-4-5-6-6-7/a3-b1_a6-h2_b2-c1_b4-d1_d4-e1_e4-f1_e6-g1
14:12:15.932 [31mWARN [0;39m [main] [33mWURCSParser[0;39m - This WURCS cannot be converted to molecule: WURCS=2.0/5,11,10/[a2122h-1x_1-5_2*NCC/3=O][a2122h-1b_1-5_2*NCC/3=O][a1122h-1b_1-5][a1122h-1a_1-5][a2112h-1b_1-5]/1-2-3-4-2-5-2-5-4-2-5/a4-b1_b4-c1_d2-e1_d4-g1_c?-d1_c?-i1_e?-f1_g?-h1_i?-j1_j?-k1
14:12:15.933 [31mWARN [0;39m [main] [33mWURCSParser[0;39m - Because of:
14:12:15.933 [31mWARN [0;39m [main] [33mWURCSParser[0;39m - Incompatible:
The unknown linkage positions cannot be converted to molecule.

14:12:15.933 [34mINFO [0;39m [main] [33mWURCSParser[0;39m - Start process for WURCS: WURCS=2.0/7,16,15/[a2122h-1x_1-5_2*NCC/3=O][a2122h-1b_1-5_2*NCC/3=O][a1122h-1b_1-5][a1122h-1a_1-5][a2112h-1b_1-5][a1221m-1a_1-5][a2112h-1a_1-5]/1-2-3-4-2-5-2-5-4-2-5-2-5-6-7-7/a4-b1_a6-n1_b4-c1_d2-e1_d4-g1_e4-f1_g4-h1_i2-j1_i6-l1_j4-k1_l4-m1_o1-a3|b3|c3|d3|e3|f3|g3|h3|i3|j3|k3|l3|m3|n3}_p1-a3|b3|c3|d3|e3|f3|g3|h3|i3|j3|k3|l3|m3|n3}_c?-d1_c?-i1
14:12:15.936 [31mWARN [0;39m [main] [33mWURCSParser[0;39m - This WURCS cannot be converted to molecule: WURCS=2.0/7,16,15/[a2122h-1x_1-5_2*NCC/3=O][a2122h-1b_1-5_2*NCC/3=O][a1122h-1b_1-5][a1122h-1a_1-5][a2112h-1b_1-5][a1221m-1a_1-5][a2112h-1a_1-5]/1-2-3-4-2-5-2-5-4-2-5-2-5-6-7-7/a4-b1_a6-n1_b4-c1_d2-e1_d4-g1_e4-f1_g4-h1_i2-j1_i6-l1_j4-k1_l4-m1_o1-a3|b3|c3|d3|e3|f3|g3|h3|i3|j3|k3|l3|m3|n3}_p1-a3|b3|c3|d3|e3|f3|g3|h3|i3|j3|k3|l3|m3|n3}_c?-d1_c?-i1
14:12:15.936 [31mWARN [0;39m [main] [33mWURCSParser[0;39m - Because of:
14:12:15.936 [31mWARN [0;39m [main] [33mWURCSParser[0;39m - Incompatible:
The unknown linkage positions cannot be converted to molecule.
The alternative modification cannot be converted to molecule.
Warning:
Only one modification is allowed to be connected to the CarbonDescriptor "1".
Only one modification is allowed to be connected to the CarbonDescriptor "2".

14:12:15.936 [34mINFO [0;39m [main] [33mWURCSParser[0;39m - Start process for WURCS: WURCS=2.0/1,1,0/[a211h-1a_1-5_2*OCC/3=O_4*OCC/3=O]/1/
14:12:15.936 [34mINFO [0;39m [main] [33mWURCSParser[0;39m - Start process for WURCS: WURCS=2.0/6,9,8/[a2122h-1x_1-5_2*NCC/3=O][a2112h-1a_1-5][a2122h-1b_1-5_2*NCC/3=O][a1122h-1b_1-5][a212h-1b_1-4][a1122h-1a_1-5]/1-2-3-4-5-6-3-6-3/a3-b1_a4-c1_c4-d1_d2-e1_d3-f1_d6-h1_f2-g1_h2-i1
14:12:15.938 [34mINFO [0;39m [main] [33mWURCSParser[0;39m - Start process for WURCS: WURCS=2.0/4,10,9/[h2112h_2*NCC/3=O][a2112h-1b_1-5][a2122h-1b_1-5_2*NCC/3=O][a1221m-1a_1-5]/1-2-3-4-2-3-2-3-4-2/a3-b1_a6-h1_b3-c1_b6-f1_c3-d1_c4-e1_f4-g1_h3-i1_h4-j1
14:12:15.943 [34mINFO [0;39m [main] [33mWURCSParser[0;39m - Start process for WURCS: WURCS=2.0/2,2,2/[a2112h-1a_1-5_3-6_2*OSO/3=O/3=O][a2112h-1b_1-5_4*OSO/3=O/3=O]/1-2/a4-b1_a1-b3~n
14:12:15.943 [31mWARN [0;39m [main] [33mWURCSParser[0;39m - This WURCS cannot be converted to molecule: WURCS=2.0/2,2,2/[a2112h-1a_1-5_3-6_2*OSO/3=O/3=O][a2112h-1b_1-5_4*OSO/3=O/3=O]/1-2/a4-b1_a1-b3~n
14:12:15.943 [31mWARN [0;39m [main] [33mWURCSParser[0;39m - Because of:
14:12:15.943 [31mWARN [0;39m [main] [33mWURCSParser[0;39m - Incompatible:
The repeating unit cannot be converted to molecule.

14:12:15.943 [34mINFO [0;39m [main] [33mWURCSParser[0;39m - Start process for WURCS: WURCS=2.0/6,12,11/[a2122h-1x_1-5_2*NCC/3=O][a2122h-1b_1-5_2*NCC/3=O][a1122h-1b_1-5][a1122h-1a_1-5][a1221m-1a_1-5][a2112h-1b_1-5]/1-2-3-4-2-5-6-2-4-4-4-5/a4-b1_a6-l1_b4-c1_c3-d1_c4-h1_c6-i1_d2-e1_e3-f1_e4-g1_i3-j1_i6-k1
14:12:15.946 [34mINFO [0;39m [main] [33mWURCSParser[0;39m - Start process for WURCS: WURCS=2.0/8,19,18/[a2122h-1x_1-5_2*NCC/3=O][a2122h-1b_1-5_2*NCC/3=O][a1122h-1b_1-5][a1122h-1a_1-5][a1221m-1a_1-5][a2112h-1b_1-5][a2112h-1a_1-5][Aad21122h-2a_2-6_5*NCCO/3=O]/1-2-3-4-2-5-6-2-6-7-4-2-6-2-6-8-2-6-8/a4-b1_b4-c1_c3-d1_c6-k1_d2-e1_d4-h1_e3-f1_e4-g1_h4-i1_i3-j1_k2-l1_k6-q1_l4-m1_m3-n1_n4-o1_q4-r1_p2-o3|o6_s2-r3|r6
14:12:15.948 [31mWARN [0;39m [main] [33mWURCSParser[0;39m - This WURCS cannot be converted to molecule: WURCS=2.0/8,19,18/[a2122h-1x_1-5_2*NCC/3=O][a2122h-1b_1-5_2*NCC/3=O][a1122h-1b_1-5][a1122h-1a_1-5][a1221m-1a_1-5][a2112h-1b_1-5][a2112h-1a_1-5][Aad21122h-2a_2-6_5*NCCO/3=O]/1-2-3-4-2-5-6-2-6-7-4-2-6-2-6-8-2-6-8/a4-b1_b4-c1_c3-d1_c6-k1_d2-e1_d4-h1_e3-f1_e4-g1_h4-i1_i3-j1_k2-l1_k6-q1_l4-m1_m3-n1_n4-o1_q4-r1_p2-o3|o6_s2-r3|r6
14:12:15.948 [31mWARN [0;39m [main] [33mWURCSParser[0;39m - Because of:
14:12:15.948 [31mWARN [0;39m [main] [33mWURCSParser[0;39m - Incompatible:
The alternative linkage positions cannot be converted to molecule.

14:12:15.948 [34mINFO [0;39m [main] [33mWURCSParser[0;39m - Start process for WURCS: WURCS=2.0/4,13,12/[a2122h-1b_1-5_2*NCC/3=O][a1122h-1b_1-5][a1122h-1a_1-5][a2122h-1b_1-5]/1-1-2-3-3-3-4-4-3-3-3-3-3/a4-b1_b4-c1_c3-d1_c6-i1_d2-e1_e2-f1_f3-g1_g3-h1_i3-j1_i6-l1_j2-k1_l2-m1
14:12:15.958 [34mINFO [0;39m [main] [33mWURCSParser[0;39m - Start process for WURCS: WURCS=2.0/6,10,9/[a2122h-1x_1-5_2*NCC/3=O][a2122h-1b_1-5_2*NCC/3=O][a1122h-1b_1-5][a1122h-1a_1-5][a2112h-1b_1-5][Aad21122h-2x_2-6_5*NCC/3=O]/1-2-3-4-2-5-4-2-5-6/a4-b1_b4-c1_c3-d1_c6-g1_d2-e1_e4-f1_g2-h1_h4-i1_j?-a?|b?|c?|d?|e?|f?|g?|h?|i?}
14:12:15.960 [31mWARN [0;39m [main] [33mWURCSParser[0;39m - This WURCS cannot be converted to molecule: WURCS=2.0/6,10,9/[a2122h-1x_1-5_2*NCC/3=O][a2122h-1b_1-5_2*NCC/3=O][a1122h-1b_1-5][a1122h-1a_1-5][a2112h-1b_1-5][Aad21122h-2x_2-6_5*NCC/3=O]/1-2-3-4-2-5-4-2-5-6/a4-b1_b4-c1_c3-d1_c6-g1_d2-e1_e4-f1_g2-h1_h4-i1_j?-a?|b?|c?|d?|e?|f?|g?|h?|i?}
14:12:15.960 [31mWARN [0;39m [main] [33mWURCSParser[0;39m - Because of:
14:12:15.960 [31mWARN [0;39m [main] [33mWURCSParser[0;39m - Incompatible:
The unknown linkage positions cannot be converted to molecule.
The alternative modification cannot be converted to molecule.

14:12:15.960 [34mINFO [0;39m [main] [33mWURCSParser[0;39m - Start process for WURCS: WURCS=2.0/3,3,2/[a1122h-1x_1-5][a1122h-1a_1-5_6*OC][a1122h-1a_1-5]/1-2-3/a3-b1_a6-c1
14:12:15.960 [34mINFO [0;39m [main] [33mWURCSParser[0;39m - Start process for WURCS: WURCS=2.0/2,3,2/[a2122h-1b_1-5_2*NCC/3=O][a1221m-1b_1-5]/1-1-2/a4-b1_a6-c1
14:12:15.961 [34mINFO [0;39m [main] [33mWURCSParser[0;39m - Start process for WURCS: WURCS=2.0/4,11,11/[a1122h-1a_1-5][a212h-1b_1-5][a2122A-1b_1-5][a1122h-1b_1-5]/1-2-2-3-1-1-3-4-2-2-1/a2-b1_a3-e1_b3-c1_c4-d1_e3-f1_f2-g1_f4-i1_g4-h1_i4-j1_j2-k1_a1-f3~n
14:12:15.962 [34mINFO [0;39m [main] [33mWURCSParser[0;39m - Start process for WURCS: WURCS=2.0/3,5,4/[h2211h][a2112h-1x_1-5][a211h-1x_1-4]/1-2-3-3-3/a4-b1_b3-c1_c2-d1_d5-e1
14:12:15.962 [31mWARN [0;39m [main] [33mWURCSParser[0;39m - This WURCS cannot be converted to molecule: WURCS=2.0/4,11,11/[a1122h-1a_1-5][a212h-1b_1-5][a2122A-1b_1-5][a1122h-1b_1-5]/1-2-2-3-1-1-3-4-2-2-1/a2-b1_a3-e1_b3-c1_c4-d1_e3-f1_f2-g1_f4-i1_g4-h1_i4-j1_j2-k1_a1-f3~n
14:12:15.962 [31mWARN [0;39m [main] [33mWURCSParser[0;39m - Because of:
14:12:15.962 [31mWARN [0;39m [main] [33mWURCSParser[0;39m - Incompatible:
The repeating unit cannot be converted to molecule.

14:12:15.962 [34mINFO [0;39m [main] [33mWURCSParser[0;39m - Start process for WURCS: WURCS=2.0/3,4,3/[a2112h-1x_1-5][a2122h-1b_1-5][a212h-1b_1-5]/1-2-3-3/a4-b1_b2-c1_b3-d1
14:12:15.964 [34mINFO [0;39m [main] [33mWURCSParser[0;39m - Start process for WURCS: WURCS=2.0/3,3,2/[a2122h-1b_1-5_2*NCC/3=O][a2112h-1b_1-5][a2112h-1a_1-5_2*NCC/3=O]/1-2-3/a4-b1_b3-c1
14:12:15.964 [34mINFO [0;39m [main] [33mWURCSParser[0;39m - Start process for WURCS: WURCS=2.0/6,10,9/[a212h-1x_1-5_4*OSO/3=O/3=O][a2122m-1b_1-5][a212h-1b_1-5][a2122h-1b_1-5_6*OSO/3=O/3=O][a2122h-1b_1-5_3*OC_6*OSO/3=O/3=O][a212h-1b_1-5_4*OSO/3=O/3=O]/1-2-3-4-5-6-2-3-4-5/a2-b1_b2-c1_b4-d1_d3-e1_e2-f1_f2-g1_g2-h1_g4-i1_i3-j1
14:12:15.965 [34mINFO [0;39m [main] [33mWURCSParser[0;39m - Start process for WURCS: WURCS=2.0/3,4,3/[a1122h-1a_1-5][a2122h-1a_1-5_2*NCC/3=O][a2112h-1a_1-5]/1-1-2-3/a6-b1_b2-c1_c4-d1
14:12:15.967 [34mINFO [0;39m [main] [33mWURCSParser[0;39m - Start process for WURCS: WURCS=2.0/7,14,13/[a2122h-1x_1-5_2*NCC/3=O][a2122h-1b_1-5_2*NCC/3=O][a1122h-1b_1-5][a1122h-1a_1-5][a2112h-1b_1-5][Aad21122h-2a_2-6_5*NCCO/3=O][a1221m-1a_1-5]/1-2-3-4-2-5-6-6-2-2-4-2-2-7/a4-b1_a6-n1_b4-c1_c3-d1_c4-j1_c6-k1_d2-e1_d4-i1_e4-f1_g8-h2_k2-l1_k6-m1_g2-f3|f6
14:12:15.969 [31mWARN [0;39m [main] [33mWURCSParser[0;39m - This WURCS cannot be converted to molecule: WURCS=2.0/7,14,13/[a2122h-1x_1-5_2*NCC/3=O][a2122h-1b_1-5_2*NCC/3=O][a1122h-1b_1-5][a1122h-1a_1-5][a2112h-1b_1-5][Aad21122h-2a_2-6_5*NCCO/3=O][a1221m-1a_1-5]/1-2-3-4-2-5-6-6-2-2-4-2-2-7/a4-b1_a6-n1_b4-c1_c3-d1_c4-j1_c6-k1_d2-e1_d4-i1_e4-f1_g8-h2_k2-l1_k6-m1_g2-f3|f6
14:12:15.969 [31mWARN [0;39m [main] [33mWURCSParser[0;39m - Because of:
14:12:15.969 [31mWARN [0;39m [main] [33mWURCSParser[0;39m - Incompatible:
The alternative linkage positions cannot be converted to molecule.

14:12:15.969 [34mINFO [0;39m [main] [33mWURCSParser[0;39m - Start process for WURCS: WURCS=2.0/3,11,10/[u2122h_2*NCC/3=O][a1122h-1b_1-5][a1122h-1a_1-5]/1-2-3-3-3-3-3-3-3-3-3/a4-b1_b3-c1_b6-i1_c2-d1_c6-g1_d2-e1_e3-f1_g2-h1_i3-j1_i6-k1
14:12:15.970 [34mINFO [0;39m [main] [33mWURCSParser[0;39m - Start process for WURCS: WURCS=2.0/3,3,2/[a2112h-1x_1-5][a2112h-1a_1-5_2*OSO/3=O/3=O_6*OSO/3=O/3=O][a2112h-1b_1-5]/1-2-3/a3-b1_b4-c1
14:12:15.970 [31mWARN [0;39m [main] [33mWURCSParser[0;39m - This WURCS cannot be converted to molecule: WURCS=2.0/3,11,10/[u2122h_2*NCC/3=O][a1122h-1b_1-5][a1122h-1a_1-5]/1-2-3-3-3-3-3-3-3-3-3/a4-b1_b3-c1_b6-i1_c2-d1_c6-g1_d2-e1_e3-f1_g2-h1_i3-j1_i6-k1
14:12:15.970 [31mWARN [0;39m [main] [33mWURCSParser[0;39m - Because of:
14:12:15.970 [31mWARN [0;39m [main] [33mWURCSParser[0;39m - Incompatible:
The carbon with unknown chemical state cannot be converted to molecule.

14:12:15.970 [34mINFO [0;39m [main] [33mWURCSParser[0;39m - Start process for WURCS: WURCS=2.0/3,3,2/[h2112h_2*NCC/3=O][a2112h-1a_1-5][Aad21122h-2a_2-6_5*NCCO/3=O]/1-2-3/a3-b1_b6-c2
14:12:15.972 [34mINFO [0;39m [main] [33mWURCSParser[0;39m - Start process for WURCS: WURCS=2.0/4,6,5/[a11221h-1a_1-5][a2122h-1a_1-5][a2112h-1a_1-5][a2122h-1a_1-5_2*NCC/3=O]/1-2-3-2-2-4/a3-b1_b3-c1_c2-d1_c3-f1_d2-e1
14:12:15.972 [34mINFO [0;39m [main] [33mWURCSParser[0;39m - Start process for WURCS: WURCS=2.0/5,10,9/[a2122h-1x_1-5_2*NCC/3=O][a2122h-1b_1-5_2*NCC/3=O][a1122h-1b_1-5][a1122h-1a_1-5][a2112h-1x_1-5]/1-2-3-4-4-4-4-4-5-4/a4-b1_b4-c1_c3-d1_c6-f1_d2-e1_f3-g1_f6-j1_g2-h1_h?-i1
14:12:15.974 [31mWARN [0;39m [main] [33mWURCSParser[0;39m - This WURCS cannot be converted to molecule: WURCS=2.0/5,10,9/[a2122h-1x_1-5_2*NCC/3=O][a2122h-1b_1-5_2*NCC/3=O][a1122h-1b_1-5][a1122h-1a_1-5][a2112h-1x_1-5]/1-2-3-4-4-4-4-4-5-4/a4-b1_b4-c1_c3-d1_c6-f1_d2-e1_f3-g1_f6-j1_g2-h1_h?-i1
14:12:15.974 [31mWARN [0;39m [main] [33mWURCSParser[0;39m - Because of:
14:12:15.974 [31mWARN [0;39m [main] [33mWURCSParser[0;39m - Incompatible:
The unknown linkage positions cannot be converted to molecule.

14:12:15.974 [34mINFO [0;39m [main] [33mWURCSParser[0;39m - Start process for WURCS: WURCS=2.0/6,10,9/[AUd21122h][a11221h-1a_1-5][a2122h-1b_1-5][a2112A-1a_1-5][a2122h-1a_1-5_2*N][a2112h-1b_1-5]/1-2-2-3-4-5-6-3-2-6/a5-b1_b3-c1_b4-j1_c2-d1_c3-e1_c7-i1_e4-f1_f4-g1_f6-h1
14:12:15.975 [31mWARN [0;39m [main] [33mWURCSParser[0;39m - This WURCS cannot be converted to molecule: WURCS=2.0/6,10,9/[AUd21122h][a11221h-1a_1-5][a2122h-1b_1-5][a2112A-1a_1-5][a2122h-1a_1-5_2*N][a2112h-1b_1-5]/1-2-2-3-4-5-6-3-2-6/a5-b1_b3-c1_b4-j1_c2-d1_c3-e1_c7-i1_e4-f1_f4-g1_f6-h1
14:12:15.975 [31mWARN [0;39m [main] [33mWURCSParser[0;39m - Because of:
14:12:15.975 [31mWARN [0;39m [main] [33mWURCSParser[0;39m - Incompatible:
The carbon with unknown chemical state cannot be converted to molecule.

14:12:15.975 [34mINFO [0;39m [main] [33mWURCSParser[0;39m - Start process for WURCS: WURCS=2.0/5,6,5/[a2122h-1b_1-5][a2112h-1b_1-5][a2112h-1b_1-5_2*NCC/3=O][a1221m-1a_1-5][a2112h-1a_1-5]/1-2-3-2-4-5/a4-b1_b4-c1_c3-d1_d2-e1_d3-f1
14:12:15.976 [34mINFO [0;39m [main] [33mWURCSParser[0;39m - Start process for WURCS: WURCS=2.0/2,2,1/[a2112h-1a_1-5][a2122A-1b_1-5]/1-2/a2-b1
14:12:15.976 [34mINFO [0;39m [main] [33mWURCSParser[0;39m - Start process for WURCS: WURCS=2.0/4,4,3/[a2112h-1x_1-5][a2112h-1a_1-4][a2122h-1a_1-5_2*NCC/3=O][a2112h-1b_1-4]/1-2-3-4/a2-b1_a3-d1_b2-c1
14:12:15.978 [34mINFO [0;39m [main] [33mWURCSParser[0;39m - Start process for WURCS: WURCS=2.0/4,6,5/[a2112h-1x_1-5_2*NCC/3=O][a2112h-1x_1-5][a2122h-1x_1-5_2*NCC/3=O][a1221m-1x_1-5]/1-2-3-2-4-1/a3-b1_d2-e1_d3-f1_b?-c1_c?-d1
14:12:15.978 [34mINFO [0;39m [main] [33mWURCSParser[0;39m - Start process for WURCS: WURCS=2.0/4,4,4/[a2122h-1b_1-5][a2122A-1b_1-5][a2112h-1a_1-5][a2122h-1a_1-5]/1-2-3-4/a4-b1_b4-c1_c4-d1_a1-d4~n
14:12:15.978 [31mWARN [0;39m [main] [33mWURCSParser[0;39m - This WURCS cannot be converted to molecule: WURCS=2.0/4,6,5/[a2112h-1x_1-5_2*NCC/3=O][a2112h-1x_1-5][a2122h-1x_1-5_2*NCC/3=O][a1221m-1x_1-5]/1-2-3-2-4-1/a3-b1_d2-e1_d3-f1_b?-c1_c?-d1
14:12:15.978 [31mWARN [0;39m [main] [33mWURCSParser[0;39m - Because of:
14:12:15.978 [31mWARN [0;39m [main] [33mWURCSParser[0;39m - Incompatible:
The unknown linkage positions cannot be converted to molecule.

14:12:15.978 [34mINFO [0;39m [main] [33mWURCSParser[0;39m - Start process for WURCS: WURCS=2.0/6,10,9/[a2122h-1x_1-5_2*NCC/3=O][a2122h-1b_1-5_2*NCC/3=O][a1122h-1b_1-5][a1122h-1a_1-5][a2112h-1x_1-5][a1221m-1a_1-5]/1-2-3-4-1-5-4-1-5-6/a4-b1_a6-j1_b4-c1_c3-d1_c6-g1_d?-e1_e?-f1_g?-h1_h?-i1
14:12:15.979 [31mWARN [0;39m [main] [33mWURCSParser[0;39m - This WURCS cannot be converted to molecule: WURCS=2.0/4,4,4/[a2122h-1b_1-5][a2122A-1b_1-5][a2112h-1a_1-5][a2122h-1a_1-5]/1-2-3-4/a4-b1_b4-c1_c4-d1_a1-d4~n
14:12:15.979 [31mWARN [0;39m [main] [33mWURCSParser[0;39m - Because of:
14:12:15.979 [31mWARN [0;39m [main] [33mWURCSParser[0;39m - Incompatible:
The repeating unit cannot be converted to molecule.

14:12:15.979 [34mINFO [0;39m [main] [33mWURCSParser[0;39m - Start process for WURCS: WURCS=2.0/7,10,9/[AUd1122h][Aad1122h-2a_2-6][a2122h-1a_1-5][a2122h-1b_1-5][a2122h-1a_1-5_2*NCC/3=O][a2112h-1b_1-5][a2112h-1a_1-5]/1-2-3-4-4-5-4-3-6-7/a4-b2_a5-c1_c3-d1_c4-e1_c6-g1_e2-f1_g2-h1_h4-i1_i4-j1
14:12:15.980 [31mWARN [0;39m [main] [33mWURCSParser[0;39m - This WURCS cannot be converted to molecule: WURCS=2.0/6,10,9/[a2122h-1x_1-5_2*NCC/3=O][a2122h-1b_1-5_2*NCC/3=O][a1122h-1b_1-5][a1122h-1a_1-5][a2112h-1x_1-5][a1221m-1a_1-5]/1-2-3-4-1-5-4-1-5-6/a4-b1_a6-j1_b4-c1_c3-d1_c6-g1_d?-e1_e?-f1_g?-h1_h?-i1
14:12:15.980 [31mWARN [0;39m [main] [33mWURCSParser[0;39m - Because of:
14:12:15.980 [31mWARN [0;39m [main] [33mWURCSParser[0;39m - Incompatible:
The unknown linkage positions cannot be converted to molecule.

14:12:15.980 [34mINFO [0;39m [main] [33mWURCSParser[0;39m - Start process for WURCS: WURCS=2.0/3,4,3/[ha122h-2b_2-5][a2122h-1a_1-5][a2122h-1x_1-5]/1-2-3-2/a2-b1_b4-c1_c4-d1
14:12:15.980 [31mWARN [0;39m [main] [33mWURCSParser[0;39m - This WURCS cannot be converted to molecule: WURCS=2.0/7,10,9/[AUd1122h][Aad1122h-2a_2-6][a2122h-1a_1-5][a2122h-1b_1-5][a2122h-1a_1-5_2*NCC/3=O][a2112h-1b_1-5][a2112h-1a_1-5]/1-2-3-4-4-5-4-3-6-7/a4-b2_a5-c1_c3-d1_c4-e1_c6-g1_e2-f1_g2-h1_h4-i1_i4-j1
14:12:15.980 [31mWARN [0;39m [main] [33mWURCSParser[0;39m - Because of:
14:12:15.980 [31mWARN [0;39m [main] [33mWURCSParser[0;39m - Incompatible:
The carbon with unknown chemical state cannot be converted to molecule.

14:12:15.980 [34mINFO [0;39m [main] [33mWURCSParser[0;39m - Start process for WURCS: WURCS=2.0/8,11,10/[AUd21122h][a1122h-1a_1-5][a2122h-1b_1-5][a2122h-1a_1-5][a1122h-1b_1-5][a2112h-1a_1-5_2*NCC/3=O][a2122m-1b_1-5_2*NCC/3=O_4*NCC/3=O][a2112A-1a_1-5_2*NCC/3=O_6*N]/1-2-3-4-5-6-4-7-8-8-8/a5-b1_b2-c1_b4-e1_c2-d1_e2-f1_e3-g1_e4-h1_h3-i1_i4-j1_j4-k1
14:12:15.981 [31mWARN [0;39m [main] [33mWURCSParser[0;39m - This WURCS cannot be converted to molecule: WURCS=2.0/8,11,10/[AUd21122h][a1122h-1a_1-5][a2122h-1b_1-5][a2122h-1a_1-5][a1122h-1b_1-5][a2112h-1a_1-5_2*NCC/3=O][a2122m-1b_1-5_2*NCC/3=O_4*NCC/3=O][a2112A-1a_1-5_2*NCC/3=O_6*N]/1-2-3-4-5-6-4-7-8-8-8/a5-b1_b2-c1_b4-e1_c2-d1_e2-f1_e3-g1_e4-h1_h3-i1_i4-j1_j4-k1
14:12:15.981 [31mWARN [0;39m [main] [33mWURCSParser[0;39m - Because of:
14:12:15.981 [31mWARN [0;39m [main] [33mWURCSParser[0;39m - Incompatible:
The carbon with unknown chemical state cannot be converted to molecule.

14:12:15.981 [34mINFO [0;39m [main] [33mWURCSParser[0;39m - Start process for WURCS: WURCS=2.0/2,2,1/[a2122h-1b_1-5][a344h-1x_1-4]/1-2/a6-b1
14:12:15.982 [31mWARN [0;39m [main] [33mWURCSParser[0;39m - This WURCS cannot be converted to molecule: WURCS=2.0/2,2,1/[a2122h-1b_1-5][a344h-1x_1-4]/1-2/a6-b1
14:12:15.982 [34mINFO [0;39m [main] [33mWURCSParser[0;39m - Start process for WURCS: WURCS=2.0/2,2,1/[u2122h_2*N][Aad1122h-2x_2-6_1*OC]/1-2/a6-b2
14:12:15.982 [31mWARN [0;39m [main] [33mWURCSParser[0;39m - Because of:
14:12:15.982 [31mWARN [0;39m [main] [33mWURCSParser[0;39m - Incompatible:
The carbon(s) with relative stereochemistry cannot be converted to molecule.

14:12:15.982 [34mINFO [0;39m [main] [33mWURCSParser[0;39m - Start process for WURCS: WURCS=2.0/2,2,1/[a2112h-1x_1-5][a2112h-1b_1-5_2*NCC/3=O]/1-2/b1-a3|a4
14:12:15.982 [31mWARN [0;39m [main] [33mWURCSParser[0;39m - This WURCS cannot be converted to molecule: WURCS=2.0/2,2,1/[a2112h-1x_1-5][a2112h-1b_1-5_2*NCC/3=O]/1-2/b1-a3|a4
14:12:15.982 [31mWARN [0;39m [main] [33mWURCSParser[0;39m - Because of:
14:12:15.982 [31mWARN [0;39m [main] [33mWURCSParser[0;39m - This WURCS cannot be converted to molecule: WURCS=2.0/2,2,1/[u2122h_2*N][Aad1122h-2x_2-6_1*OC]/1-2/a6-b2
14:12:15.982 [31mWARN [0;39m [main] [33mWURCSParser[0;39m - Incompatible:
The alternative linkage positions cannot be converted to molecule.

14:12:15.982 [31mWARN [0;39m [main] [33mWURCSParser[0;39m - Because of:
14:12:15.982 [31mWARN [0;39m [main] [33mWURCSParser[0;39m - Incompatible:
The carbon with unknown chemical state cannot be converted to molecule.

14:12:15.982 [34mINFO [0;39m [main] [33mWURCSParser[0;39m - Start process for WURCS: WURCS=2.0/3,5,4/[a2122h-1b_1-5_2*NCC/3=O][a2112h-1b_1-5][a1221m-1a_1-5]/1-2-1-3-2/a3-b1_b3-c1_c3-d1_c4-e1
14:12:15.982 [34mINFO [0;39m [main] [33mWURCSParser[0;39m - Start process for WURCS: WURCS=2.0/2,2,1/[a2122h-1a_1-5][a2122A-1b_1-5_6*OC]/1-2/a2-b1
14:12:15.983 [34mINFO [0;39m [main] [33mWURCSParser[0;39m - Start process for WURCS: WURCS=2.0/3,5,4/[a2122h-1b_1-5_2*NCC/3=O][a2122h-1a_1-5_2*NCC/3=O][a1122h-1b_1-5]/1-2-3-3-3/a4-b1_b4-c1_c3-d1_d4-e1
14:12:15.984 [34mINFO [0;39m [main] [33mWURCSParser[0;39m - Start process for WURCS: WURCS=2.0/7,14,13/[a2122h-1x_1-5_2*NCC/3=O][a2122h-1b_1-5_2*NCC/3=O][a1122h-1b_1-5][a1122h-1a_1-5][a2112h-1b_1-5][Aad21122h-2a_2-6_5*NCCO/3=O][a1221m-1a_1-5]/1-2-3-4-2-5-6-2-5-6-4-4-4-7/a4-b1_a6-n1_b4-c1_c3-d1_c6-k1_d2-e1_d4-h1_e4-f1_h4-i1_k3-l1_k6-m1_g2-f3|f6_j2-i3|i6
14:12:15.985 [34mINFO [0;39m [main] [33mWURCSParser[0;39m - Start process for WURCS: WURCS=2.0/4,5,4/[ad222m-1x_1-5_3*OC][ad222m-1b_1-5_3*OC][ad344m-1b_1-5_3*OC][ad122m-1b_1-5_3*OC]/1-2-3-4-4/a4-b1_b4-c1_c4-d1_d4-e1
14:12:15.986 [31mWARN [0;39m [main] [33mWURCSParser[0;39m - This WURCS cannot be converted to molecule: WURCS=2.0/4,5,4/[ad222m-1x_1-5_3*OC][ad222m-1b_1-5_3*OC][ad344m-1b_1-5_3*OC][ad122m-1b_1-5_3*OC]/1-2-3-4-4/a4-b1_b4-c1_c4-d1_d4-e1
14:12:15.986 [31mWARN [0;39m [main] [33mWURCSParser[0;39m - Because of:
14:12:15.986 [31mWARN [0;39m [main] [33mWURCSParser[0;39m - Incompatible:
The carbon(s) with relative stereochemistry cannot be converted to molecule.

14:12:15.986 [34mINFO [0;39m [main] [33mWURCSParser[0;39m - Start process for WURCS: WURCS=2.0/5,8,7/[a2122h-1b_1-5_2*NCC/3=O][a1122h-1b_1-5][a1122h-1a_1-5][a1221m-1a_1-5][a2112h-1b_1-5_2*NCC/3=O]/1-1-2-3-1-4-5-3/a4-b1_b4-c1_c3-d1_c6-h1_d2-e1_e3-f1_e4-g1
14:12:15.986 [31mWARN [0;39m [main] [33mWURCSParser[0;39m - This WURCS cannot be converted to molecule: WURCS=2.0/7,14,13/[a2122h-1x_1-5_2*NCC/3=O][a2122h-1b_1-5_2*NCC/3=O][a1122h-1b_1-5][a1122h-1a_1-5][a2112h-1b_1-5][Aad21122h-2a_2-6_5*NCCO/3=O][a1221m-1a_1-5]/1-2-3-4-2-5-6-2-5-6-4-4-4-7/a4-b1_a6-n1_b4-c1_c3-d1_c6-k1_d2-e1_d4-h1_e4-f1_h4-i1_k3-l1_k6-m1_g2-f3|f6_j2-i3|i6
14:12:15.986 [31mWARN [0;39m [main] [33mWURCSParser[0;39m - Because of:
14:12:15.986 [31mWARN [0;39m [main] [33mWURCSParser[0;39m - Incompatible:
The alternative linkage positions cannot be converted to molecule.

14:12:15.986 [34mINFO [0;39m [main] [33mWURCSParser[0;39m - Start process for WURCS: WURCS=2.0/2,5,5/[a1122m-1a_1-5][a2112m-1a_1-4]/1-1-1-1-2/a3-b1_a4-e1_b2-c1_c3-d1_a1-d2~n
14:12:15.987 [31mWARN [0;39m [main] [33mWURCSParser[0;39m - This WURCS cannot be converted to molecule: WURCS=2.0/2,5,5/[a1122m-1a_1-5][a2112m-1a_1-4]/1-1-1-1-2/a3-b1_a4-e1_b2-c1_c3-d1_a1-d2~n
14:12:15.987 [31mWARN [0;39m [main] [33mWURCSParser[0;39m - Because of:
14:12:15.987 [31mWARN [0;39m [main] [33mWURCSParser[0;39m - Incompatible:
The repeating unit cannot be converted to molecule.

14:12:15.987 [34mINFO [0;39m [main] [33mWURCSParser[0;39m - Start process for WURCS: WURCS=2.0/4,4,4/[a2112h-1a_1-5][a2211m-1a_1-5][a1122h-1b_1-5][a2122h-1a_1-5]/1-2-3-4/a3-b1_a6-d1_b4-c1_a1-c6~n
14:12:15.987 [31mWARN [0;39m [main] [33mWURCSParser[0;39m - This WURCS cannot be converted to molecule: WURCS=2.0/4,4,4/[a2112h-1a_1-5][a2211m-1a_1-5][a1122h-1b_1-5][a2122h-1a_1-5]/1-2-3-4/a3-b1_a6-d1_b4-c1_a1-c6~n
14:12:15.987 [31mWARN [0;39m [main] [33mWURCSParser[0;39m - Because of:
14:12:15.987 [31mWARN [0;39m [main] [33mWURCSParser[0;39m - Incompatible:
The repeating unit cannot be converted to molecule.

14:12:15.987 [34mINFO [0;39m [main] [33mWURCSParser[0;39m - Start process for WURCS: WURCS=2.0/4,9,8/[Axh][a2122h-1a_1-5][a2122h-1b_1-5][a2122h-1a_1-5_6*OC]/1-2-2-3-4-2-4-4-3/a2-b1_b6-c1_c3-d1_c4-i1_d4-e1_e3-f1_e4-g1_g4-h1
14:12:15.991 [34mINFO [0;39m [main] [33mWURCSParser[0;39m - Start process for WURCS: WURCS=2.0/2,2,1/[u2122h_2*NSO/3=O/3=O][a21EEA-1a_1-5_2*OSO/3=O/3=O]/1-2/a4-b1
14:12:15.992 [31mWARN [0;39m [main] [33mWURCSParser[0;39m - This WURCS cannot be converted to molecule: WURCS=2.0/2,2,1/[u2122h_2*NSO/3=O/3=O][a21EEA-1a_1-5_2*OSO/3=O/3=O]/1-2/a4-b1
14:12:15.992 [31mWARN [0;39m [main] [33mWURCSParser[0;39m - Because of:
14:12:15.992 [31mWARN [0;39m [main] [33mWURCSParser[0;39m - Incompatible:
The carbon with unknown chemical state cannot be converted to molecule.

14:12:15.992 [34mINFO [0;39m [main] [33mWURCSParser[0;39m - Start process for WURCS: WURCS=2.0/2,3,2/[a21O2m-1b_1-5][a2122m-1b_1-5]/1-2-2/a3-b1_b2-c1
14:12:15.992 [34mINFO [0;39m [main] [33mWURCSParser[0;39m - Start process for WURCS: WURCS=2.0/2,4,3/[a2122h-1b_1-5_2*NCC/3=O][a2122h-1a_1-5_2*NCC/3=O]/1-2-2-2/a3-b1*OPO*/3O/3=O_b3-c1*OPO*/3O/3=O_c3-d1*OPO*/3O/3=O
14:12:15.993 [34mINFO [0;39m [main] [33mWURCSParser[0;39m - Start process for WURCS: WURCS=2.0/3,8,7/[a2112h-1a_1-5_2*NCC/3=O][a2112h-1b_1-5][a2122h-1b_1-5_2*NCC/3=O]/1-2-3-2-3-2-3-2/a3-b1_a6-c1_c4-d1_d3-e1_e4-f1_f3-g1_g4-h1
14:12:15.995 [34mINFO [0;39m [main] [33mWURCSParser[0;39m - Start process for WURCS: WURCS=2.0/4,4,3/[a2122h-1x_1-5_2*NCC/3=O][a2112h-1b_1-5][Aad21122h-2a_2-6_5*NCC/3=O][a1221m-1a_1-5]/1-2-3-4/a3-b1_a4-d1_b6-c2
14:12:15.997 [34mINFO [0;39m [main] [33mWURCSParser[0;39m - Start process for WURCS: WURCS=2.0/6,10,9/[a2122h-1x_1-5_2*NCC/3=O][a2122h-1b_1-5_2*NCC/3=O][a1122h-1b_1-5][a1122h-1a_1-5][a2112h-1b_1-5][Aad21122h-2a_2-6_5*NCC/3=O]/1-2-3-4-2-2-4-2-5-6/a4-b1_b4-c1_c3-d1_c4-f1_c6-g1_d2-e1_g2-h1_h4-i1_i3-j2
14:12:15.997 [34mINFO [0;39m [main] [33mWURCSParser[0;39m - Start process for WURCS: WURCS=2.0/5,8,8/[a2122h-1a_1-5][a2122h-1b_1-5][a2122A-1b_1-5][a2122h-1b_1-5_4n2-6n1*1OC^RO*2/3CO/6=O/3C][a2112h-1b_1-5_4n1-6n2*1OC^RO*2/3CO/6=O/3C]/1-2-3-3-2-2-4-5/a4-b1_a6-e1_b4-c1_c4-d1_e4-f1_f4-g1_g3-h1_a1-d4~n
14:12:15.999 [31mWARN [0;39m [main] [33mWURCSParser[0;39m - This WURCS cannot be converted to molecule: WURCS=2.0/5,8,8/[a2122h-1a_1-5][a2122h-1b_1-5][a2122A-1b_1-5][a2122h-1b_1-5_4n2-6n1*1OC^RO*2/3CO/6=O/3C][a2112h-1b_1-5_4n1-6n2*1OC^RO*2/3CO/6=O/3C]/1-2-3-3-2-2-4-5/a4-b1_a6-e1_b4-c1_c4-d1_e4-f1_f4-g1_g3-h1_a1-d4~n
14:12:15.999 [31mWARN [0;39m [main] [33mWURCSParser[0;39m - Because of:
14:12:15.999 [31mWARN [0;39m [main] [33mWURCSParser[0;39m - Incompatible:
The repeating unit cannot be converted to molecule.

14:12:15.999 [34mINFO [0;39m [main] [33mWURCSParser[0;39m - Start process for WURCS: WURCS=2.0/2,2,1/[a2d22h-1x_1-5][a2122h-1a_1-5]/1-2/a4-b1
14:12:16.001 [34mINFO [0;39m [main] [33mWURCSParser[0;39m - Start process for WURCS: WURCS=2.0/7,10,9/[a2122h-1x_1-5_2*NCC/3=O][a2122h-1b_1-5_2*NCC/3=O][a1122h-1b_1-5][a1122h-1a_1-5][a2112h-1b_1-5][Aad21122h-2a_2-6_5*NCCO/3=O][a1221m-1a_1-5]/1-2-3-4-2-5-6-4-4-7/a4-b1_a6-j1_b4-c1_c3-d1_c6-h1_d2-e1_e4-f1_f3-g2_h3-i1
14:12:16.007 [34mINFO [0;39m [main] [33mWURCSParser[0;39m - Start process for WURCS: WURCS=2.0/6,15,14/[a2122h-1x_1-5_2*NCC/3=O][a2122h-1b_1-5_2*NCC/3=O][a1122h-1b_1-5][a1122h-1a_1-5][a2112h-1b_1-5][Aad21122h-2a_2-6_5*NCC/3=O]/1-2-3-4-2-5-6-2-5-6-6-4-2-5-6/a4-b1_b4-c1_c3-d1_c6-l1_d2-e1_d4-h1_e4-f1_f6-g2_h3-i1_h6-k2_i3-j2_l2-m1_m4-n1_n6-o2
14:12:16.015 [34mINFO [0;39m [main] [33mWURCSParser[0;39m - Start process for WURCS: WURCS=2.0/4,6,5/[u2122h_2*NCC/3=O][a2122h-1b_1-5_2*NCC/3=O][a2122h-1b_1-5_2*N][a2112m-1a_1-5_2*OC]/1-2-2-2-3-4/a4-b1_a6-f1_b4-c1_c4-d1_d4-e1
14:12:16.016 [31mWARN [0;39m [main] [33mWURCSParser[0;39m - This WURCS cannot be converted to molecule: WURCS=2.0/4,6,5/[u2122h_2*NCC/3=O][a2122h-1b_1-5_2*NCC/3=O][a2122h-1b_1-5_2*N][a2112m-1a_1-5_2*OC]/1-2-2-2-3-4/a4-b1_a6-f1_b4-c1_c4-d1_d4-e1
14:12:16.016 [31mWARN [0;39m [main] [33mWURCSParser[0;39m - Because of:
14:12:16.016 [31mWARN [0;39m [main] [33mWURCSParser[0;39m - Incompatible:
The carbon with unknown chemical state cannot be converted to molecule.

14:12:16.016 [34mINFO [0;39m [main] [33mWURCSParser[0;39m - Start process for WURCS: WURCS=2.0/6,11,10/[a2122h-1x_1-5_2*NCC/3=O][a2122h-1b_1-5_2*NCC/3=O][a1122h-1b_1-5][a1122h-1a_1-5][a2112h-1b_1-5][Aad21122h-2a_2-6_5*NCC/3=O]/1-2-3-4-2-5-6-4-2-5-6/a4-b1_b4-c1_c3-d1_c6-h1_f3-g2_j3-k2_d?-e1_e?-f1_h?-i1_i?-j1
14:12:16.018 [31mWARN [0;39m [main] [33mWURCSParser[0;39m - This WURCS cannot be converted to molecule: WURCS=2.0/6,11,10/[a2122h-1x_1-5_2*NCC/3=O][a2122h-1b_1-5_2*NCC/3=O][a1122h-1b_1-5][a1122h-1a_1-5][a2112h-1b_1-5][Aad21122h-2a_2-6_5*NCC/3=O]/1-2-3-4-2-5-6-4-2-5-6/a4-b1_b4-c1_c3-d1_c6-h1_f3-g2_j3-k2_d?-e1_e?-f1_h?-i1_i?-j1
14:12:16.018 [31mWARN [0;39m [main] [33mWURCSParser[0;39m - Because of:
14:12:16.018 [31mWARN [0;39m [main] [33mWURCSParser[0;39m - Incompatible:
The unknown linkage positions cannot be converted to molecule.

14:12:16.018 [34mINFO [0;39m [main] [33mWURCSParser[0;39m - Start process for WURCS: WURCS=2.0/5,7,6/[a2112h-1x_1-5_2*NCC/3=O][a2112h-1b_1-5][a2122h-1b_1-5_2*NCC/3=O][a1221m-1a_1-5][a2112h-1b_1-5_6*OSO/3=O/3=O]/1-2-3-2-4-3-5/a3-b1_a6-f1_b3-c1_c4-d1_d2-e1_f4-g1
14:12:16.023 [34mINFO [0;39m [main] [33mWURCSParser[0;39m - Start process for WURCS: WURCS=2.0/3,3,2/[a2211m-1a_1-5_2*OC][a2211m-1a_1-5][a1221m-1a_1-5_2*OC_3*OC_4*OC]/1-2-3/a3-b1_b3-c1
14:12:16.024 [34mINFO [0;39m [main] [33mWURCSParser[0;39m - Start process for WURCS: WURCS=2.0/5,13,12/[a2122h-1b_1-5_2*NCC/3=O][a1122h-1b_1-5][a1122h-1a_1-5][a2112h-1b_1-5][a1221m-1a_1-5]/1-1-2-3-1-4-3-1-4-1-5-4-5/a4-b1_a6-m1_b4-c1_c3-d1_c6-g1_d2-e1_e4-f1_g2-h1_h4-i1_i3-j1_j3-k1_j4-l1
14:12:16.027 [34mINFO [0;39m [main] [33mWURCSParser[0;39m - Start process for WURCS: WURCS=2.0/3,3,2/[a2122h-1x_1-5_2*NCC/3=O][a2112h-1b_1-5][Aad21122h-2a_2-6_5*NC=O]/1-2-3/a4-b1_b6-c2
14:12:16.029 [34mINFO [0;39m [main] [33mWURCSParser[0;39m - Start process for WURCS: WURCS=2.0/6,12,11/[a2122h-1b_1-5_2*NCC/3=O][a1122h-1b_1-5][a1122h-1a_1-5][<Q>][a2112h-1b_1-5][a1221m-1a_1-5]/1-1-2-3-1-4-4-1-3-1-5-6/a4-b1_a6-l1_b4-c1_c3-d1_c4-h1_c6-i1_d2-e1_d4-g1_e4-f1_i2-j1_j4-k1
14:12:16.032 [31mWARN [0;39m [main] [33mWURCSParser[0;39m - This WURCS cannot be converted to molecule: WURCS=2.0/6,12,11/[a2122h-1b_1-5_2*NCC/3=O][a1122h-1b_1-5][a1122h-1a_1-5][<Q>][a2112h-1b_1-5][a1221m-1a_1-5]/1-1-2-3-1-4-4-1-3-1-5-6/a4-b1_a6-l1_b4-c1_c3-d1_c4-h1_c6-i1_d2-e1_d4-g1_e4-f1_i2-j1_j4-k1
14:12:16.032 [31mWARN [0;39m [main] [33mWURCSParser[0;39m - Because of:
14:12:16.032 [31mWARN [0;39m [main] [33mWURCSParser[0;39m - Incompatible:
The backbone with unknown carbon length cannot be converted to molecule.
The carbon with unknown chemical state cannot be converted to molecule.

14:12:16.032 [34mINFO [0;39m [main] [33mWURCSParser[0;39m - Start process for WURCS: WURCS=2.0/2,2,1/[a2122h-1b_1-5][a1122h-1a_1-5]/1-2/a3-b1
14:12:16.032 [34mINFO [0;39m [main] [33mWURCSParser[0;39m - Start process for WURCS: WURCS=2.0/4,6,5/[a2112h-1x_1-5_2*NCC/3=O][a2112h-1b_1-5][a2122h-1b_1-5_2*NCC/3=O][a1221m-1a_1-5]/1-2-3-4-2-3/a3-b1_b3-c1_b6-f1_c3-d1_c4-e1
14:12:16.036 [34mINFO [0;39m [main] [33mWURCSParser[0;39m - Start process for WURCS: WURCS=2.0/5,5,4/[a2122A-1a_1-5_4*C_6*N][a2122h-1b_1-5_2*NCC/3=O][a2122m-1b_1-5_2*NCC/3=O][a2112A-1b_1-5][a2122h-1b_1-5]/1-2-3-4-5/a2-b1_b4-c1_b6-e1_c4-d1
14:12:16.037 [34mINFO [0;39m [main] [33mWURCSParser[0;39m - Start process for WURCS: WURCS=2.0/6,22,21/[h2122h_2*NCC/3=O][a2122h-1b_1-5_2*NCC/3=O][a1122h-1b_1-5][a1122h-1a_1-5][a2112h-1b_1-5][a1221m-1a_1-5]/1-2-3-4-2-5-2-5-2-5-2-5-4-2-5-2-5-2-5-2-5-6/a4-b1_a6-v1_b4-c1_c3-d1_c6-m1_d2-e1_d6-i1_e4-f1_f3-g1_g4-h1_i4-j1_j3-k1_k4-l1_m2-n1_m4-r1_n4-o1_o3-p1_p4-q1_r4-s1_s3-t1_t4-u1
14:12:16.039 [34mINFO [0;39m [main] [33mWURCSParser[0;39m - Start process for WURCS: WURCS=2.0/7,13,12/[a2122h-1x_1-5_2*NCC/3=O][a2122h-1b_1-5_2*NCC/3=O][a1122h-1b_1-5][a1122h-1a_1-5][a1221m-1a_1-5][a2112h-1b_1-5][Aad21122h-2a_2-6_5*NCCO/3=O]/1-2-3-4-2-5-6-7-2-4-4-4-5/a4-b1_a6-m1_b4-c1_c3-d1_c6-j1_d2-e1_d4-i1_e3-f1_e4-g1_j3-k1_j6-l1_h2-g3|g6
14:12:16.047 [31mWARN [0;39m [main] [33mWURCSParser[0;39m - This WURCS cannot be converted to molecule: WURCS=2.0/7,13,12/[a2122h-1x_1-5_2*NCC/3=O][a2122h-1b_1-5_2*NCC/3=O][a1122h-1b_1-5][a1122h-1a_1-5][a1221m-1a_1-5][a2112h-1b_1-5][Aad21122h-2a_2-6_5*NCCO/3=O]/1-2-3-4-2-5-6-7-2-4-4-4-5/a4-b1_a6-m1_b4-c1_c3-d1_c6-j1_d2-e1_d4-i1_e3-f1_e4-g1_j3-k1_j6-l1_h2-g3|g6
14:12:16.047 [31mWARN [0;39m [main] [33mWURCSParser[0;39m - Because of:
14:12:16.047 [31mWARN [0;39m [main] [33mWURCSParser[0;39m - Incompatible:
The alternative linkage positions cannot be converted to molecule.

14:12:16.047 [34mINFO [0;39m [main] [33mWURCSParser[0;39m - Start process for WURCS: WURCS=2.0/6,14,13/[a2122h-1x_1-5_2*NCC/3=O][a2122h-1b_1-5_2*NCC/3=O][a1122h-1b_1-5][a1122h-1a_1-5][a2112h-1b_1-5][Aad21122h-2a_2-6_5*NCC/3=O]/1-2-3-4-2-5-6-6-2-4-2-2-5-6/a4-b1_b4-c1_c3-d1_c4-i1_c6-j1_d2-e1_e4-f1_g8-h2_j2-k1_l4-m1_g2-f3|f6_n2-m3|m6_l1-d4|d6|j4|j6}
14:12:16.051 [31mWARN [0;39m [main] [33mWURCSParser[0;39m - This WURCS cannot be converted to molecule: WURCS=2.0/6,14,13/[a2122h-1x_1-5_2*NCC/3=O][a2122h-1b_1-5_2*NCC/3=O][a1122h-1b_1-5][a1122h-1a_1-5][a2112h-1b_1-5][Aad21122h-2a_2-6_5*NCC/3=O]/1-2-3-4-2-5-6-6-2-4-2-2-5-6/a4-b1_b4-c1_c3-d1_c4-i1_c6-j1_d2-e1_e4-f1_g8-h2_j2-k1_l4-m1_g2-f3|f6_n2-m3|m6_l1-d4|d6|j4|j6}
14:12:16.051 [31mWARN [0;39m [main] [33mWURCSParser[0;39m - Because of:
14:12:16.051 [31mWARN [0;39m [main] [33mWURCSParser[0;39m - Incompatible:
The alternative linkage positions cannot be converted to molecule.
The alternative modification cannot be converted to molecule.

14:12:16.051 [34mINFO [0;39m [main] [33mWURCSParser[0;39m - Start process for WURCS: WURCS=2.0/6,6,6/[a2211m-1a_1-5][a2122h-1a_1-5][a2112h-1b_1-5][a2122h-1a_1-5_3*OCC/3=O][h2h][a2122h-1b_1-5]/1-2-3-4-5-6/a3-b1_b4-c1_c2-d1_c3-e1*OPO*/3O/3=O_c4-f1_a1-f4~n
14:12:16.052 [31mWARN [0;39m [main] [33mWURCSParser[0;39m - This WURCS cannot be converted to molecule: WURCS=2.0/6,6,6/[a2211m-1a_1-5][a2122h-1a_1-5][a2112h-1b_1-5][a2122h-1a_1-5_3*OCC/3=O][h2h][a2122h-1b_1-5]/1-2-3-4-5-6/a3-b1_b4-c1_c2-d1_c3-e1*OPO*/3O/3=O_c4-f1_a1-f4~n
14:12:16.052 [31mWARN [0;39m [main] [33mWURCSParser[0;39m - Because of:
14:12:16.052 [31mWARN [0;39m [main] [33mWURCSParser[0;39m - Incompatible:
The repeating unit cannot be converted to molecule.

14:12:16.052 [34mINFO [0;39m [main] [33mWURCSParser[0;39m - Start process for WURCS: WURCS=2.0/6,17,16/[a2122h-1x_1-5_2*NCC/3=O][a2122h-1b_1-5_2*NCC/3=O][a1122h-1b_1-5][a1122h-1a_1-5][a2112h-1b_1-5][Aad21122h-2a_2-6_5*NCC/3=O]/1-2-3-4-2-5-6-2-5-6-4-2-5-6-2-5-6/a4-b1_b4-c1_c3-d1_c6-k1_d2-e1_d6-h1_e4-f1_f3-g2_h4-i1_i3-j2_k2-l1_k4-o1_l4-m1_m3-n2_o4-p1_p3-q2
14:12:16.087 [34mINFO [0;39m [main] [33mWURCSParser[0;39m - Start process for WURCS: WURCS=2.0/5,5,4/[AUd21122h][a11222h-1a_1-5_2*OP^XOCCN/3O/3=O][a2122h-1b_1-5][a2112h-1b_1-5][a2112h-1b_1-4]/1-2-3-4-5/a5-b1_b4-c1_c4-d1_d3-e1
14:12:16.088 [31mWARN [0;39m [main] [33mWURCSParser[0;39m - This WURCS cannot be converted to molecule: WURCS=2.0/5,5,4/[AUd21122h][a11222h-1a_1-5_2*OP^XOCCN/3O/3=O][a2122h-1b_1-5][a2112h-1b_1-5][a2112h-1b_1-4]/1-2-3-4-5/a5-b1_b4-c1_c4-d1_d3-e1
14:12:16.088 [31mWARN [0;39m [main] [33mWURCSParser[0;39m - Because of:
14:12:16.088 [31mWARN [0;39m [main] [33mWURCSParser[0;39m - Incompatible:
The carbon with unknown chemical state cannot be converted to molecule.
Warning:
The MAP could be normalized.
The validation for the linkages on the MAP can not be checked, because the StarIndices on the MAP may also be changed.

14:12:16.088 [34mINFO [0;39m [main] [33mWURCSParser[0;39m - Start process for WURCS: WURCS=2.0/5,13,12/[a2112h-1x_1-5_2*NCC/3=O][a2112h-1b_1-5][a2122h-1b_1-5_2*NCC/3=O][a2122h-1b_1-5_2*NCC/3=O_6*OSO/3=O/3=O][Aad21122h-2a_2-6_5*NCCO/3=O]/1-2-3-2-4-2-4-2-4-2-4-2-5/a3-b1_b3-c1_c4-d1_d3-e1_e4-f1_f3-g1_g4-h1_h3-i1_i4-j1_j3-k1_k4-l1_l3-m2
14:12:16.101 [34mINFO [0;39m [main] [33mWURCSParser[0;39m - Start process for WURCS: WURCS=2.0/3,3,2/[a2112h-1x_1-5_2*NCC/3=O][a2112h-1b_1-5][a2112h-1a_1-5]/1-2-3/a4-b1_b4-c1
14:12:16.103 [34mINFO [0;39m [main] [33mWURCSParser[0;39m - Start process for WURCS: WURCS=2.0/2,5,5/[a1122h-1b_1-5][a2122h-1b_1-5]/1-1-1-1-2/a4-b1_a6-e1_b4-c1_c4-d1_a1-d4~n
14:12:16.104 [31mWARN [0;39m [main] [33mWURCSParser[0;39m - This WURCS cannot be converted to molecule: WURCS=2.0/2,5,5/[a1122h-1b_1-5][a2122h-1b_1-5]/1-1-1-1-2/a4-b1_a6-e1_b4-c1_c4-d1_a1-d4~n
14:12:16.104 [31mWARN [0;39m [main] [33mWURCSParser[0;39m - Because of:
14:12:16.104 [31mWARN [0;39m [main] [33mWURCSParser[0;39m - Incompatible:
The repeating unit cannot be converted to molecule.

14:12:16.104 [34mINFO [0;39m [main] [33mWURCSParser[0;39m - Start process for WURCS: WURCS=2.0/6,10,9/[u2122h_2*NCC/3=O][a2122h-1b_1-5_2*NCC/3=O][a1122h-1b_1-5][a1122h-1a_1-5][a2112h-1b_1-5_2*NCC/3=O_4*OSO/3=O/3=O][a1221m-1a_1-5]/1-2-3-4-2-5-4-2-5-6/a4-b1_a6-j1_b4-c1_c3-d1_c6-g1_d2-e1_e4-f1_g2-h1_h4-i1
14:12:16.105 [31mWARN [0;39m [main] [33mWURCSParser[0;39m - This WURCS cannot be converted to molecule: WURCS=2.0/6,10,9/[u2122h_2*NCC/3=O][a2122h-1b_1-5_2*NCC/3=O][a1122h-1b_1-5][a1122h-1a_1-5][a2112h-1b_1-5_2*NCC/3=O_4*OSO/3=O/3=O][a1221m-1a_1-5]/1-2-3-4-2-5-4-2-5-6/a4-b1_a6-j1_b4-c1_c3-d1_c6-g1_d2-e1_e4-f1_g2-h1_h4-i1
14:12:16.105 [31mWARN [0;39m [main] [33mWURCSParser[0;39m - Because of:
14:12:16.105 [31mWARN [0;39m [main] [33mWURCSParser[0;39m - Incompatible:
The carbon with unknown chemical state cannot be converted to molecule.

14:12:16.105 [34mINFO [0;39m [main] [33mWURCSParser[0;39m - Start process for WURCS: WURCS=2.0/6,12,11/[a2122h-1x_1-5_2*NCC/3=O][a1221m-1x_1-5][a2122h-1b_1-5_2*NCC/3=O][a1122h-1b_1-5][a1122h-1a_1-5][a2112h-1b_1-5]/1-2-3-4-5-3-6-3-6-5-3-6/a4-c1_c4-d1_a?-b1_d?-e1_d?-j1_e?-f1_e?-h1_f?-g1_h?-i1_j?-k1_k?-l1
14:12:16.107 [31mWARN [0;39m [main] [33mWURCSParser[0;39m - This WURCS cannot be converted to molecule: WURCS=2.0/6,12,11/[a2122h-1x_1-5_2*NCC/3=O][a1221m-1x_1-5][a2122h-1b_1-5_2*NCC/3=O][a1122h-1b_1-5][a1122h-1a_1-5][a2112h-1b_1-5]/1-2-3-4-5-3-6-3-6-5-3-6/a4-c1_c4-d1_a?-b1_d?-e1_d?-j1_e?-f1_e?-h1_f?-g1_h?-i1_j?-k1_k?-l1
14:12:16.107 [31mWARN [0;39m [main] [33mWURCSParser[0;39m - Because of:
14:12:16.107 [31mWARN [0;39m [main] [33mWURCSParser[0;39m - Incompatible:
The unknown linkage positions cannot be converted to molecule.

14:12:16.107 [34mINFO [0;39m [main] [33mWURCSParser[0;39m - Start process for WURCS: WURCS=2.0/6,7,6/[a2122h-1x_1-5_2*NCC/3=O][a2112h-1a_1-5][a2122h-1b_1-5_2*NCC/3=O][a1122h-1b_1-5][a212h-1b_1-4][a1122h-1a_1-5]/1-2-3-4-5-6-6/a3-b1_a4-c1_c4-d1_d2-e1_d3-f1_d6-g1
14:12:16.111 [34mINFO [0;39m [main] [33mWURCSParser[0;39m - Start process for WURCS: WURCS=2.0/6,10,9/[a2122h-1x_1-5_2*NCC/3=O][a2122h-1b_1-5_2*NCC/3=O][a1122h-1b_1-5][a1122h-1a_1-5][a2112h-1b_1-5_2*NCC/3=O][a1221m-1a_1-5]/1-2-3-4-2-5-2-5-2-6/a4-b1_a6-j1_b4-c1_c3-d1_c4-i1_d2-e1_d4-g1_e4-f1_g4-h1
14:12:16.113 [34mINFO [0;39m [main] [33mWURCSParser[0;39m - Start process for WURCS: WURCS=2.0/7,14,13/[a2122h-1x_1-5_2*NCC/3=O][a2122h-1b_1-5_2*NCC/3=O][a1122h-1b_1-5][a1122h-1a_1-5][a2112h-1b_1-5][Aad21122h-2a_2-6_5*NCCO/3=O][a1221m-1a_1-5]/1-2-3-4-2-5-6-2-4-2-5-7-2-5/a4-b1_a6-l1_b4-c1_c3-d1_c4-h1_c6-i1_d2-e1_e4-f1_i2-j1_j4-k1_m4-n1_g2-f3|f6_m1-d4|d6|i4|i6}
14:12:16.116 [31mWARN [0;39m [main] [33mWURCSParser[0;39m - This WURCS cannot be converted to molecule: WURCS=2.0/7,14,13/[a2122h-1x_1-5_2*NCC/3=O][a2122h-1b_1-5_2*NCC/3=O][a1122h-1b_1-5][a1122h-1a_1-5][a2112h-1b_1-5][Aad21122h-2a_2-6_5*NCCO/3=O][a1221m-1a_1-5]/1-2-3-4-2-5-6-2-4-2-5-7-2-5/a4-b1_a6-l1_b4-c1_c3-d1_c4-h1_c6-i1_d2-e1_e4-f1_i2-j1_j4-k1_m4-n1_g2-f3|f6_m1-d4|d6|i4|i6}
14:12:16.116 [31mWARN [0;39m [main] [33mWURCSParser[0;39m - Because of:
14:12:16.116 [31mWARN [0;39m [main] [33mWURCSParser[0;39m - Incompatible:
The alternative linkage positions cannot be converted to molecule.
The alternative modification cannot be converted to molecule.

14:12:16.116 [34mINFO [0;39m [main] [33mWURCSParser[0;39m - Start process for WURCS: WURCS=2.0/6,10,9/[h2122h_2*NCC/3=O][a2122h-1b_1-5_2*NCC/3=O][a1122h-1b_1-5][a1122h-1a_1-5][a2112h-1b_1-5_2*NCC/3=O][a1221m-1a_1-5]/1-2-3-4-2-5-4-2-5-6/a4-b1_a6-j1_b4-c1_d2-e1_e4-f1_g2-h1_h4-i1_d1-c3|c6_g1-c3|c6
14:12:16.118 [31mWARN [0;39m [main] [33mWURCSParser[0;39m - This WURCS cannot be converted to molecule: WURCS=2.0/6,10,9/[h2122h_2*NCC/3=O][a2122h-1b_1-5_2*NCC/3=O][a1122h-1b_1-5][a1122h-1a_1-5][a2112h-1b_1-5_2*NCC/3=O][a1221m-1a_1-5]/1-2-3-4-2-5-4-2-5-6/a4-b1_a6-j1_b4-c1_d2-e1_e4-f1_g2-h1_h4-i1_d1-c3|c6_g1-c3|c6
14:12:16.118 [31mWARN [0;39m [main] [33mWURCSParser[0;39m - Because of:
14:12:16.118 [31mWARN [0;39m [main] [33mWURCSParser[0;39m - Incompatible:
The alternative linkage positions cannot be converted to molecule.

14:12:16.118 [34mINFO [0;39m [main] [33mWURCSParser[0;39m - Start process for WURCS: WURCS=2.0/4,8,7/[h1122h_2-5][a2122A-1b_1-5][a2122h-1a_1-5_2*NCC/3=O][a2122h-1a_1-5_2*NSO/3=O/3=O]/1-2-3-2-4-2-3-2/a4-b1_b4-c1_c4-d1_d4-e1_e4-f1_f4-g1_g4-h1
14:12:16.119 [34mINFO [0;39m [main] [33mWURCSParser[0;39m - Start process for WURCS: WURCS=2.0/6,8,8/[a2211m-1a_1-5][a2122A-1b_1-5][a2122h-1b_1-5][a1122h-1b_1-5][a2112h-1a_1-5][a1122h-1b_1-5_4n2-6n1*1OC^RO*2/3CO/6=O/3C]/1-2-3-4-3-5-3-6/a2-b1_a4-c1_c4-d1_d4-e1_e4-f1_f4-g1_g6-h1_a1-g3~n
14:12:16.122 [31mWARN [0;39m [main] [33mWURCSParser[0;39m - This WURCS cannot be converted to molecule: WURCS=2.0/6,8,8/[a2211m-1a_1-5][a2122A-1b_1-5][a2122h-1b_1-5][a1122h-1b_1-5][a2112h-1a_1-5][a1122h-1b_1-5_4n2-6n1*1OC^RO*2/3CO/6=O/3C]/1-2-3-4-3-5-3-6/a2-b1_a4-c1_c4-d1_d4-e1_e4-f1_f4-g1_g6-h1_a1-g3~n
14:12:16.122 [31mWARN [0;39m [main] [33mWURCSParser[0;39m - Because of:
14:12:16.122 [31mWARN [0;39m [main] [33mWURCSParser[0;39m - Incompatible:
The repeating unit cannot be converted to molecule.

14:12:16.122 [34mINFO [0;39m [main] [33mWURCSParser[0;39m - Start process for WURCS: WURCS=2.0/5,5,4/[a2122h-1a_1-5_2*OSO/3=O/3=O_3*OSO/3=O/3=O_6*OSO/3=O/3=O][a2121A-1a_1-5_2*OSO/3=O/3=O][a2122h-1a_1-5_2*NSO/3=O/3=O_3*OSO/3=O/3=O_6*OSO/3=O/3=O][a2122A-1b_1-5][a2122h-1a_1-5_2*NSO/3=O/3=O_3*OC_4*OC_6*OSO/3=O/3=O]/1-2-3-4-5/a4-b1_b4-c1_c4-d1_d4-e1
14:12:16.123 [34mINFO [0;39m [main] [33mWURCSParser[0;39m - Start process for WURCS: WURCS=2.0/8,21,20/[a2122h-1x_1-5_2*NCC/3=O][a2122h-1b_1-5_2*NCC/3=O][a1122h-1b_1-5][a1122h-1a_1-5][a1221m-1a_1-5][a2112h-1b_1-5][Aad21122h-2a_2-6_5*NCCO/3=O][a2112h-1a_1-5]/1-2-3-4-2-5-6-7-7-2-6-7-4-2-6-7-7-2-6-8-5/a4-b1_a6-u1_b4-c1_c3-d1_c6-m1_d2-e1_d4-j1_e3-f1_e4-g1_h8-i2_j4-k1_m2-n1_m6-r1_n4-o1_p8-q2_r4-s1_s3-t1_h2-g3|g6_l2-k3|k6_p2-o3|o6
14:12:16.126 [31mWARN [0;39m [main] [33mWURCSParser[0;39m - This WURCS cannot be converted to molecule: WURCS=2.0/8,21,20/[a2122h-1x_1-5_2*NCC/3=O][a2122h-1b_1-5_2*NCC/3=O][a1122h-1b_1-5][a1122h-1a_1-5][a1221m-1a_1-5][a2112h-1b_1-5][Aad21122h-2a_2-6_5*NCCO/3=O][a2112h-1a_1-5]/1-2-3-4-2-5-6-7-7-2-6-7-4-2-6-7-7-2-6-8-5/a4-b1_a6-u1_b4-c1_c3-d1_c6-m1_d2-e1_d4-j1_e3-f1_e4-g1_h8-i2_j4-k1_m2-n1_m6-r1_n4-o1_p8-q2_r4-s1_s3-t1_h2-g3|g6_l2-k3|k6_p2-o3|o6
14:12:16.126 [31mWARN [0;39m [main] [33mWURCSParser[0;39m - Because of:
14:12:16.126 [31mWARN [0;39m [main] [33mWURCSParser[0;39m - Incompatible:
The alternative linkage positions cannot be converted to molecule.

14:12:16.126 [34mINFO [0;39m [main] [33mWURCSParser[0;39m - Start process for WURCS: WURCS=2.0/8,16,15/[a2122h-1x_1-5_2*NCC/3=O][a2122h-1b_1-5_2*NCC/3=O][a1122h-1b_1-5][a1122h-1a_1-5][a2112h-1b_1-5][Aad21122h-2a_2-6_5*NCCO/3=O][Aad21122h-2a_2-6_5*NCC/3=O][a1221m-1a_1-5]/1-2-3-4-2-5-6-2-4-2-5-7-2-5-7-8/a4-b1_a6-p1_b4-c1_c3-d1_c6-i1_d2-e1_d4-h1_e4-f1_i2-j1_i6-m1_j4-k1_m4-n1_g2-f3|f6_l2-k3|k6_o2-n3|n6
14:12:16.127 [34mINFO [0;39m [main] [33mWURCSParser[0;39m - Start process for WURCS: WURCS=2.0/3,3,2/[a2112h-1x_1-5_2*NCC/3=O][a2112m-1b_1-5][a2122h-1b_1-5_2*NCC/3=O]/1-2-3/a3-b1_a6-c1
14:12:16.128 [31mWARN [0;39m [main] [33mWURCSParser[0;39m - This WURCS cannot be converted to molecule: WURCS=2.0/8,16,15/[a2122h-1x_1-5_2*NCC/3=O][a2122h-1b_1-5_2*NCC/3=O][a1122h-1b_1-5][a1122h-1a_1-5][a2112h-1b_1-5][Aad21122h-2a_2-6_5*NCCO/3=O][Aad21122h-2a_2-6_5*NCC/3=O][a1221m-1a_1-5]/1-2-3-4-2-5-6-2-4-2-5-7-2-5-7-8/a4-b1_a6-p1_b4-c1_c3-d1_c6-i1_d2-e1_d4-h1_e4-f1_i2-j1_i6-m1_j4-k1_m4-n1_g2-f3|f6_l2-k3|k6_o2-n3|n6
14:12:16.128 [31mWARN [0;39m [main] [33mWURCSParser[0;39m - Because of:
14:12:16.128 [31mWARN [0;39m [main] [33mWURCSParser[0;39m - Incompatible:
The alternative linkage positions cannot be converted to molecule.

14:12:16.128 [34mINFO [0;39m [main] [33mWURCSParser[0;39m - Start process for WURCS: WURCS=2.0/6,14,13/[h2122h_2*NCC/3=O][a2122h-1b_1-5_2*NCC/3=O][a1122h-1b_1-5][a1122h-1a_1-5][a2112h-1b_1-5][Aad21122h-2a_2-6_5*NCC/3=O]/1-2-3-4-2-5-6-4-2-5-6-2-5-6/a4-b1_b4-c1_c3-d1_c6-h1_d2-e1_e4-f1_f3-g2_h2-i1_h4-l1_i4-j1_j6-k2_l4-m1_m3-n2
14:12:16.128 [34mINFO [0;39m [main] [33mWURCSParser[0;39m - Start process for WURCS: WURCS=2.0/7,11,10/[a2122h-1b_1-5_2*NCC/3=O][a1122h-1b_1-5][a1122h-1a_1-5][a2122h-1x_1-5_2*NCC/3=O][a2112h-1x_1-5][Aad21122h-2x_2-6_5*NCC/3=O][a1221m-1a_1-5]/1-1-2-3-4-5-3-4-5-6-7/a4-b1_a6-k1_b4-c1_c3-d1_c6-g1_d?-e1_e?-f1_g?-h1_h?-i1_i?-j2
14:12:16.130 [31mWARN [0;39m [main] [33mWURCSParser[0;39m - This WURCS cannot be converted to molecule: WURCS=2.0/7,11,10/[a2122h-1b_1-5_2*NCC/3=O][a1122h-1b_1-5][a1122h-1a_1-5][a2122h-1x_1-5_2*NCC/3=O][a2112h-1x_1-5][Aad21122h-2x_2-6_5*NCC/3=O][a1221m-1a_1-5]/1-1-2-3-4-5-3-4-5-6-7/a4-b1_a6-k1_b4-c1_c3-d1_c6-g1_d?-e1_e?-f1_g?-h1_h?-i1_i?-j2
14:12:16.130 [31mWARN [0;39m [main] [33mWURCSParser[0;39m - Because of:
14:12:16.130 [31mWARN [0;39m [main] [33mWURCSParser[0;39m - Incompatible:
The unknown linkage positions cannot be converted to molecule.

14:12:16.130 [34mINFO [0;39m [main] [33mWURCSParser[0;39m - Start process for WURCS: WURCS=2.0/4,4,3/[h2112h_2*NCC/3=O][a2112h-1b_1-5][a2122h-1b_1-5_2*NCC/3=O][a1221m-1a_1-5]/1-2-3-4/a3-b1_a6-c1_c4-d1
14:12:16.131 [34mINFO [0;39m [main] [33mWURCSParser[0;39m - Start process for WURCS: WURCS=2.0/4,4,3/[a2112h-1a_1-5_2*NCC/3=O][a2112h-1b_1-5][a2122h-1b_1-5_2*NCC/3=O][Aad21122h-2a_2-6_5*NCC/3=O]/1-2-3-4/a3-b1_a6-d2_b3-c1
14:12:16.133 [34mINFO [0;39m [main] [33mWURCSParser[0;39m - Start process for WURCS: WURCS=2.0/5,7,6/[<Q>][a11221h-1x_1-5][a2122h-1x_1-5_2*NCC/3=O][a2112h-1x_1-5][a2122h-1x_1-5]/1-2-2-3-2-4-5/a5-b1_b3-c1_b7-g1_c3-d1_c7-e1_e7-f1
14:12:16.134 [31mWARN [0;39m [main] [33mWURCSParser[0;39m - This WURCS cannot be converted to molecule: WURCS=2.0/5,7,6/[<Q>][a11221h-1x_1-5][a2122h-1x_1-5_2*NCC/3=O][a2112h-1x_1-5][a2122h-1x_1-5]/1-2-2-3-2-4-5/a5-b1_b3-c1_b7-g1_c3-d1_c7-e1_e7-f1
14:12:16.134 [31mWARN [0;39m [main] [33mWURCSParser[0;39m - Because of:
14:12:16.134 [31mWARN [0;39m [main] [33mWURCSParser[0;39m - Incompatible:
The backbone with unknown carbon length cannot be converted to molecule.
The carbon with unknown chemical state cannot be converted to molecule.

14:12:16.134 [34mINFO [0;39m [main] [33mWURCSParser[0;39m - Start process for WURCS: WURCS=2.0/7,11,10/[h2122h_2*NCC/3=O][a2122h-1b_1-5_2*NCC/3=O][a1122h-1b_1-5][a1122h-1a_1-5][a2112h-1b_1-5][Aad21122h-2a_2-6_5*NCC/3=O][a1221m-1a_1-5]/1-2-3-4-2-5-6-4-2-5-7/a4-b1_a6-k1_b4-c1_c3-d1_c6-h1_d2-e1_e4-f1_f6-g2_h2-i1_i4-j1
14:12:16.142 [34mINFO [0;39m [main] [33mWURCSParser[0;39m - Start process for WURCS: WURCS=2.0/2,2,1/[a2122h-1a_1-5][a2122h-1b_1-5]/1-2/a6-b1
14:12:16.143 [34mINFO [0;39m [main] [33mWURCSParser[0;39m - Start process for WURCS: WURCS=2.0/7,15,14/[a2122h-1x_1-5_2*NCC/3=O][a2122h-1b_1-5_2*NCC/3=O][a1122h-1b_1-5][a1122h-1a_1-5][a2112h-1b_1-5][Aad21122h-2a_2-6_5*NCC/3=O][a1221m-1a_1-5]/1-2-3-4-2-5-6-4-2-5-6-2-5-6-7/a4-b1_a6-o1_b4-c1_c3-d1_c6-h1_d2-e1_e4-f1_h2-i1_h6-l1_i4-j1_l4-m1_f?-g2_j?-k2_m?-n2
14:12:16.143 [34mINFO [0;39m [main] [33mWURCSParser[0;39m - Start process for WURCS: WURCS=2.0/3,4,3/[u1122h][a1122h-1a_1-5][a1122h-1b_1-5]/1-2-3-3/a2-b1_b2-c1_c2-d1
14:12:16.143 [31mWARN [0;39m [main] [33mWURCSParser[0;39m - This WURCS cannot be converted to molecule: WURCS=2.0/3,4,3/[u1122h][a1122h-1a_1-5][a1122h-1b_1-5]/1-2-3-3/a2-b1_b2-c1_c2-d1
14:12:16.143 [31mWARN [0;39m [main] [33mWURCSParser[0;39m - Because of:
14:12:16.143 [31mWARN [0;39m [main] [33mWURCSParser[0;39m - Incompatible:
The carbon with unknown chemical state cannot be converted to molecule.

14:12:16.143 [34mINFO [0;39m [main] [33mWURCSParser[0;39m - Start process for WURCS: WURCS=2.0/3,3,2/[h2112h_2*NCC/3=O][a2112h-1b_1-5][Aad21122h-2a_2-6_5*NCCO/3=O]/1-2-3/a3-b1_a6-c2
14:12:16.145 [31mWARN [0;39m [main] [33mWURCSParser[0;39m - This WURCS cannot be converted to molecule: WURCS=2.0/7,15,14/[a2122h-1x_1-5_2*NCC/3=O][a2122h-1b_1-5_2*NCC/3=O][a1122h-1b_1-5][a1122h-1a_1-5][a2112h-1b_1-5][Aad21122h-2a_2-6_5*NCC/3=O][a1221m-1a_1-5]/1-2-3-4-2-5-6-4-2-5-6-2-5-6-7/a4-b1_a6-o1_b4-c1_c3-d1_c6-h1_d2-e1_e4-f1_h2-i1_h6-l1_i4-j1_l4-m1_f?-g2_j?-k2_m?-n2
14:12:16.145 [31mWARN [0;39m [main] [33mWURCSParser[0;39m - Because of:
14:12:16.145 [31mWARN [0;39m [main] [33mWURCSParser[0;39m - Incompatible:
The unknown linkage positions cannot be converted to molecule.

14:12:16.145 [34mINFO [0;39m [main] [33mWURCSParser[0;39m - Start process for WURCS: WURCS=2.0/2,2,1/[a2112m-1x_1-5_4*OSO/3=O/3=O][a2211m-1a_1-5]/1-2/a2-b1
14:12:16.145 [34mINFO [0;39m [main] [33mWURCSParser[0;39m - Start process for WURCS: WURCS=2.0/3,3,2/[a1221m-1x_1-5][a2122A-1b_1-5_2-3*OC^XO*/3CO/6=O/3C][a2122h-1b_1-5]/1-2-3/a4-b1_b4-c1
14:12:16.146 [34mINFO [0;39m [main] [33mWURCSParser[0;39m - Start process for WURCS: WURCS=2.0/5,15,14/[a2122h-1b_1-5_2*NCC/3=O][a1122h-1b_1-5][a1122h-1a_1-5][a1221m-1a_1-5][a2112h-1b_1-5]/1-1-2-3-1-4-5-1-4-5-3-1-4-5-4/a4-b1_a6-o1_b4-c1_c3-d1_c6-k1_d2-e1_d4-h1_e3-f1_e4-g1_h3-i1_h4-j1_k2-l1_l3-m1_l4-n1
14:12:16.147 [34mINFO [0;39m [main] [33mWURCSParser[0;39m - Start process for WURCS: WURCS=2.0/6,12,11/[a2122h-1x_1-5_2*NCC/3=O][a2122h-1b_1-5_2*NCC/3=O][a1122h-1b_1-5][a1122h-1a_1-5][a2112h-1b_1-5][Aad21122h-2a_2-6_5*NCC/3=O]/1-2-3-4-2-5-6-2-4-2-2-5/a4-b1_b4-c1_c3-d1_c4-h1_c6-i1_d2-e1_e4-f1_i2-j1_k4-l1_g2-f3|f6_k1-d4|d6|i4|i6}
14:12:16.149 [31mWARN [0;39m [main] [33mWURCSParser[0;39m - This WURCS cannot be converted to molecule: WURCS=2.0/6,12,11/[a2122h-1x_1-5_2*NCC/3=O][a2122h-1b_1-5_2*NCC/3=O][a1122h-1b_1-5][a1122h-1a_1-5][a2112h-1b_1-5][Aad21122h-2a_2-6_5*NCC/3=O]/1-2-3-4-2-5-6-2-4-2-2-5/a4-b1_b4-c1_c3-d1_c4-h1_c6-i1_d2-e1_e4-f1_i2-j1_k4-l1_g2-f3|f6_k1-d4|d6|i4|i6}
14:12:16.149 [31mWARN [0;39m [main] [33mWURCSParser[0;39m - Because of:
14:12:16.149 [31mWARN [0;39m [main] [33mWURCSParser[0;39m - Incompatible:
The alternative linkage positions cannot be converted to molecule.
The alternative modification cannot be converted to molecule.

14:12:16.149 [34mINFO [0;39m [main] [33mWURCSParser[0;39m - Start process for WURCS: WURCS=2.0/3,3,2/[a2122h-1x_1-5][a2112h-1b_1-5][Aad21122h-2x_2-6_5*NCC/3=O]/1-2-3/a4-b1_b6-c2
14:12:16.150 [34mINFO [0;39m [main] [33mWURCSParser[0;39m - Start process for WURCS: WURCS=2.0/5,7,6/[AUd21122h][axxxxxh-1a_1-5][a2112h-1b_1-5][Aad21122h-2a_2-6_5*NCC/3=O][a2122h-1b_1-5]/1-2-2-3-4-4-5/a5-b1_b3-c1_b4-g1_c3-d1_d3-e2_e8-f2
14:12:16.151 [31mWARN [0;39m [main] [33mWURCSParser[0;39m - This WURCS cannot be converted to molecule: WURCS=2.0/5,7,6/[AUd21122h][axxxxxh-1a_1-5][a2112h-1b_1-5][Aad21122h-2a_2-6_5*NCC/3=O][a2122h-1b_1-5]/1-2-2-3-4-4-5/a5-b1_b3-c1_b4-g1_c3-d1_d3-e2_e8-f2
14:12:16.151 [31mWARN [0;39m [main] [33mWURCSParser[0;39m - Because of:
14:12:16.151 [31mWARN [0;39m [main] [33mWURCSParser[0;39m - Incompatible:
The anomeric configuration with unknown configuration of anomeric reference atom cannot be converted to molecule.
The carbon with unknown chemical state cannot be converted to molecule.

14:12:16.151 [34mINFO [0;39m [main] [33mWURCSParser[0;39m - Start process for WURCS: WURCS=2.0/7,18,17/[a2122h-1x_1-5_2*NCC/3=O][a2122h-1b_1-5_2*NCC/3=O][a1122h-1b_1-5][a1122h-1a_1-5][a2112h-1b_1-5][Aad21122h-2a_2-6_5*NCCO/3=O][Aad21122h-2a_2-6_5*NCC/3=O]/1-2-3-4-2-5-6-2-5-6-2-4-2-5-7-2-5-7/a4-b1_b4-c1_c3-d1_c4-k1_c6-l1_d2-e1_d4-h1_e4-f1_h4-i1_l2-m1_l6-p1_m4-n1_p4-q1_g2-f3|f6_j2-i3|i6_o2-n3|n6_r2-q3|q6
14:12:16.153 [31mWARN [0;39m [main] [33mWURCSParser[0;39m - This WURCS cannot be converted to molecule: WURCS=2.0/7,18,17/[a2122h-1x_1-5_2*NCC/3=O][a2122h-1b_1-5_2*NCC/3=O][a1122h-1b_1-5][a1122h-1a_1-5][a2112h-1b_1-5][Aad21122h-2a_2-6_5*NCCO/3=O][Aad21122h-2a_2-6_5*NCC/3=O]/1-2-3-4-2-5-6-2-5-6-2-4-2-5-7-2-5-7/a4-b1_b4-c1_c3-d1_c4-k1_c6-l1_d2-e1_d4-h1_e4-f1_h4-i1_l2-m1_l6-p1_m4-n1_p4-q1_g2-f3|f6_j2-i3|i6_o2-n3|n6_r2-q3|q6
14:12:16.153 [31mWARN [0;39m [main] [33mWURCSParser[0;39m - Because of:
14:12:16.153 [31mWARN [0;39m [main] [33mWURCSParser[0;39m - Incompatible:
The alternative linkage positions cannot be converted to molecule.

14:12:16.153 [34mINFO [0;39m [main] [33mWURCSParser[0;39m - Start process for WURCS: WURCS=2.0/3,3,2/[a2122h-1x_1-5_2*NCC/3=O][a211h-1a_1-?][a1221m-1a_1-5]/1-2-3/a3-b1_a4-c1
14:12:16.154 [31mWARN [0;39m [main] [33mWURCSParser[0;39m - This WURCS cannot be converted to molecule: WURCS=2.0/3,3,2/[a2122h-1x_1-5_2*NCC/3=O][a211h-1a_1-?][a1221m-1a_1-5]/1-2-3/a3-b1_a4-c1
14:12:16.154 [31mWARN [0;39m [main] [33mWURCSParser[0;39m - Because of:
14:12:16.154 [31mWARN [0;39m [main] [33mWURCSParser[0;39m - Incompatible:
The unknown linkage positions cannot be converted to molecule.

14:12:16.154 [34mINFO [0;39m [main] [33mWURCSParser[0;39m - Start process for WURCS: WURCS=2.0/4,4,3/[a2112h-1x_1-5_2*NCC/3=O][a2112h-1b_1-5][Aad21122h-2a_2-6_5*NCC/3=O][Aad21122h-2a_2-6_5*NCCO/3=O]/1-2-3-4/a3-b1_a6-d2_b3-c2
14:12:16.156 [34mINFO [0;39m [main] [33mWURCSParser[0;39m - Start process for WURCS: WURCS=2.0/5,12,11/[u2122h_2*NCC/3=O][a1122h-1b_1-5][a1122h-1a_1-5][a2122h-1b_1-5_2*NCC/3=O][a2112h-1b_1-5]/1-2-3-4-5-3-4-5-4-5-4-5/a4-b1_b3-c1_b6-f1_c2-d1_d4-e1_f2-g1_f6-i1_g4-h1_i4-j1_j3-k1_k4-l1
14:12:16.157 [31mWARN [0;39m [main] [33mWURCSParser[0;39m - This WURCS cannot be converted to molecule: WURCS=2.0/5,12,11/[u2122h_2*NCC/3=O][a1122h-1b_1-5][a1122h-1a_1-5][a2122h-1b_1-5_2*NCC/3=O][a2112h-1b_1-5]/1-2-3-4-5-3-4-5-4-5-4-5/a4-b1_b3-c1_b6-f1_c2-d1_d4-e1_f2-g1_f6-i1_g4-h1_i4-j1_j3-k1_k4-l1
14:12:16.157 [31mWARN [0;39m [main] [33mWURCSParser[0;39m - Because of:
14:12:16.157 [31mWARN [0;39m [main] [33mWURCSParser[0;39m - Incompatible:
The carbon with unknown chemical state cannot be converted to molecule.

14:12:16.157 [34mINFO [0;39m [main] [33mWURCSParser[0;39m - Start process for WURCS: WURCS=2.0/5,6,5/[a2122h-1x_1-5][a2112h-1b_1-5][Aad21122h-2a_2-6_5*NCC/3=O][a2112h-1b_1-5_2*NCC/3=O][a1221m-1a_1-5]/1-2-3-4-2-5/a4-b1_b3-c2_b4-d1_d3-e1_e2-f1
14:12:16.160 [34mINFO [0;39m [main] [33mWURCSParser[0;39m - Start process for WURCS: WURCS=2.0/2,2,1/[a2222h-1x_1-5][a2122h-1a_1-5]/1-2/a4-b1
14:12:16.161 [34mINFO [0;39m [main] [33mWURCSParser[0;39m - Start process for WURCS: WURCS=2.0/2,5,4/[u2122h][a2122h-1b_1-5]/1-2-2-2-2/a2-b1_b2-c1_c2-d1_d2-e1
14:12:16.161 [31mWARN [0;39m [main] [33mWURCSParser[0;39m - This WURCS cannot be converted to molecule: WURCS=2.0/2,5,4/[u2122h][a2122h-1b_1-5]/1-2-2-2-2/a2-b1_b2-c1_c2-d1_d2-e1
14:12:16.161 [31mWARN [0;39m [main] [33mWURCSParser[0;39m - Because of:
14:12:16.161 [31mWARN [0;39m [main] [33mWURCSParser[0;39m - Incompatible:
The carbon with unknown chemical state cannot be converted to molecule.

14:12:16.161 [34mINFO [0;39m [main] [33mWURCSParser[0;39m - Start process for WURCS: WURCS=2.0/6,12,11/[a2122h-1b_1-5_2*NCC/3=O][a1122h-1b_1-5][a1122h-1a_1-5][a2112h-1b_1-5][Aad21122h-2a_2-6][Aad21122h-2a_2-6_5*NCCO/3=O]/1-1-2-3-1-4-5-1-3-1-4-6/a4-b1_b4-c1_c3-d1_c4-h1_c6-i1_d2-e1_e4-f1_f6-g2_i2-j1_j4-k1_k3-l2
14:12:16.162 [34mINFO [0;39m [main] [33mWURCSParser[0;39m - Start process for WURCS: WURCS=2.0/3,5,4/[a2122h-1b_1-5][a2112h-1b_1-5][a2122h-1b_1-5_2*NCC/3=O]/1-2-3-2-2/a4-b1_b3-c1_c4-d1_d3-e1
14:12:16.164 [34mINFO [0;39m [main] [33mWURCSParser[0;39m - Start process for WURCS: WURCS=2.0/3,4,3/[a2122h-1x_1-5][a2211m-1a_1-5][a211h-1a_1-4]/1-2-3-2/a4-b1_b4-c1*OPO*/3O/3=O_c2-d1
14:12:16.165 [34mINFO [0;39m [main] [33mWURCSParser[0;39m - Start process for WURCS: WURCS=2.0/3,3,2/[AUd22111m_5*NCC/3=O_7*NC=O][a2112m-1b_1-5_2*NCC/3=O][a212h-1b_1-5]/1-2-3/a4-b1_b3-c1
14:12:16.166 [31mWARN [0;39m [main] [33mWURCSParser[0;39m - This WURCS cannot be converted to molecule: WURCS=2.0/3,3,2/[AUd22111m_5*NCC/3=O_7*NC=O][a2112m-1b_1-5_2*NCC/3=O][a212h-1b_1-5]/1-2-3/a4-b1_b3-c1
14:12:16.166 [31mWARN [0;39m [main] [33mWURCSParser[0;39m - Because of:
14:12:16.166 [31mWARN [0;39m [main] [33mWURCSParser[0;39m - Incompatible:
The carbon with unknown chemical state cannot be converted to molecule.

14:12:16.166 [34mINFO [0;39m [main] [33mWURCSParser[0;39m - Start process for WURCS: WURCS=2.0/4,6,5/[a2122h-1b_1-5][a2112h-1b_1-5][a2122h-1b_1-5_2*NCC/3=O][Aad21122h-2a_2-6_5*NCC/3=O]/1-2-3-2-4-2/a4-b1_b4-c1_b6-f1_c4-d1_d3-e2
14:12:16.171 [34mINFO [0;39m [main] [33mWURCSParser[0;39m - Start process for WURCS: WURCS=2.0/6,10,9/[a2122h-1x_1-5_2*NCC/3=O][a1221m-1a_1-5][a2122h-1b_1-5_2*NCC/3=O][a1122h-1b_1-5][a1122h-1a_1-5][a2112h-1b_1-5]/1-2-3-4-5-3-6-5-3-6/a4-c1_c4-d1_d3-e1_d6-h1_a?-b1_e?-f1_f?-g1_h?-i1_i?-j1
14:12:16.173 [31mWARN [0;39m [main] [33mWURCSParser[0;39m - This WURCS cannot be converted to molecule: WURCS=2.0/6,10,9/[a2122h-1x_1-5_2*NCC/3=O][a1221m-1a_1-5][a2122h-1b_1-5_2*NCC/3=O][a1122h-1b_1-5][a1122h-1a_1-5][a2112h-1b_1-5]/1-2-3-4-5-3-6-5-3-6/a4-c1_c4-d1_d3-e1_d6-h1_a?-b1_e?-f1_f?-g1_h?-i1_i?-j1
14:12:16.173 [31mWARN [0;39m [main] [33mWURCSParser[0;39m - Because of:
14:12:16.173 [31mWARN [0;39m [main] [33mWURCSParser[0;39m - Incompatible:
The unknown linkage positions cannot be converted to molecule.

14:12:16.173 [34mINFO [0;39m [main] [33mWURCSParser[0;39m - Start process for WURCS: WURCS=2.0/3,3,2/[ad222m-1x_1-5][ad222m-1b_1-5_3*OC][ad222m-1b_1-5]/1-2-3/a4-b1_b4-c1
14:12:16.174 [34mINFO [0;39m [main] [33mWURCSParser[0;39m - Start process for WURCS: WURCS=2.0/6,13,12/[a2122h-1x_1-5_2*NCC/3=O][a2122h-1b_1-5_2*NCC/3=O][a1122h-1b_1-5][a1122h-1a_1-5][a2112h-1b_1-5][a1221m-1a_1-5]/1-2-3-4-2-5-2-6-5-4-2-5-6/a4-b1_a6-m1_b4-c1_c3-d1_c6-j1_d2-e1_d6-g1_e4-f1_g3-h1_g4-i1_j2-k1_k4-l1
14:12:16.179 [34mINFO [0;39m [main] [33mWURCSParser[0;39m - Start process for WURCS: WURCS=2.0/6,9,8/[h2112h_2*NCC/3=O][a2112h-1b_1-5][a1221m-1a_1-5][a2122A-1b_1-5][a2112h-1a_1-5_2*NCC/3=O][a2122h-1b_1-5_2*NCC/3=O_6*OSO/3=O/3=O]/1-2-3-2-4-2-5-2-6/a3-b1_a6-i1_b2-c1_b3-d1_b4-f1_d3-e1_f4-g1_g3-h1
14:12:16.182 [34mINFO [0;39m [main] [33mWURCSParser[0;39m - Start process for WURCS: WURCS=2.0/7,11,10/[h2122h_2*NCC/3=O][a2122h-1b_1-5_2*NCC/3=O][a1122h-1b_1-5][a1122h-1a_1-5][a2112h-1b_1-5][Aad21122h-2a_2-6_5*NCC/3=O][a1221m-1a_1-5]/1-2-3-4-2-5-4-2-5-6-7/a4-b1_a6-k1_b4-c1_c3-d1_c6-g1_d2-e1_e3-f1_g2-h1_h3-i1_i3-j2
14:12:16.187 [34mINFO [0;39m [main] [33mWURCSParser[0;39m - Start process for WURCS: WURCS=2.0/3,4,3/[a2122h-1a_1-5_2*NSO/3=O/3=O_6*OSO/3=O/3=O][a2122A-1b_1-5][a21EEA-1a_1-5_2*OSO/3=O/3=O]/1-2-1-3/a4-b1_b4-c1_c4-d1
14:12:16.189 [34mINFO [0;39m [main] [33mWURCSParser[0;39m - Start process for WURCS: WURCS=2.0/7,19,18/[a2122h-1x_1-5_2*NCC/3=O][a2122h-1b_1-5_2*NCC/3=O][a1122h-1b_1-5][a1122h-1a_1-5][a2112h-1b_1-5][Aad21122h-2a_2-6_5*NCC/3=O][Aad21122h-2a_2-6_5*NCCO/3=O]/1-2-3-4-2-5-6-6-2-5-7-2-4-2-5-6-2-5-6/a4-b1_b4-c1_c3-d1_c4-l1_c6-m1_d2-e1_d4-i1_e4-f1_g8-h2_i4-j1_m2-n1_m6-q1_n4-o1_q4-r1_g2-f3|f6_k2-j3|j6_p2-o3|o6_s2-r3|r6
14:12:16.190 [34mINFO [0;39m [main] [33mWURCSParser[0;39m - Start process for WURCS: WURCS=2.0/6,14,13/[a2122h-1b_1-5_2*NCC/3=O][a1122h-1b_1-5][a1122h-1a_1-5][a2112h-1b_1-5][a2112m-1a_1-5][a1221m-1a_1-5]/1-1-2-3-1-4-1-4-3-1-4-5-6-6/a4-b1_a6-l1_b4-c1_c3-d1_c6-i1_d2-e1_d4-g1_e4-f1_g4-h1_i2-j1_j4-k1_m1-e3|g3|j3}_n1-e3|g3|j3}
14:12:16.192 [31mWARN [0;39m [main] [33mWURCSParser[0;39m - This WURCS cannot be converted to molecule: WURCS=2.0/7,19,18/[a2122h-1x_1-5_2*NCC/3=O][a2122h-1b_1-5_2*NCC/3=O][a1122h-1b_1-5][a1122h-1a_1-5][a2112h-1b_1-5][Aad21122h-2a_2-6_5*NCC/3=O][Aad21122h-2a_2-6_5*NCCO/3=O]/1-2-3-4-2-5-6-6-2-5-7-2-4-2-5-6-2-5-6/a4-b1_b4-c1_c3-d1_c4-l1_c6-m1_d2-e1_d4-i1_e4-f1_g8-h2_i4-j1_m2-n1_m6-q1_n4-o1_q4-r1_g2-f3|f6_k2-j3|j6_p2-o3|o6_s2-r3|r6
14:12:16.192 [31mWARN [0;39m [main] [33mWURCSParser[0;39m - Because of:
14:12:16.192 [31mWARN [0;39m [main] [33mWURCSParser[0;39m - This WURCS cannot be converted to molecule: WURCS=2.0/6,14,13/[a2122h-1b_1-5_2*NCC/3=O][a1122h-1b_1-5][a1122h-1a_1-5][a2112h-1b_1-5][a2112m-1a_1-5][a1221m-1a_1-5]/1-1-2-3-1-4-1-4-3-1-4-5-6-6/a4-b1_a6-l1_b4-c1_c3-d1_c6-i1_d2-e1_d4-g1_e4-f1_g4-h1_i2-j1_j4-k1_m1-e3|g3|j3}_n1-e3|g3|j3}
14:12:16.192 [31mWARN [0;39m [main] [33mWURCSParser[0;39m - Incompatible:
The alternative linkage positions cannot be converted to molecule.

14:12:16.192 [31mWARN [0;39m [main] [33mWURCSParser[0;39m - Because of:
14:12:16.192 [31mWARN [0;39m [main] [33mWURCSParser[0;39m - Incompatible:
The alternative modification cannot be converted to molecule.
Warning:
Only one modification is allowed to be connected to the CarbonDescriptor "1".

14:12:16.192 [34mINFO [0;39m [main] [33mWURCSParser[0;39m - Start process for WURCS: WURCS=2.0/2,3,2/[u211h][a2122h-1b_1-5]/1-2-2/a4-b1_b2-c1
14:12:16.192 [34mINFO [0;39m [main] [33mWURCSParser[0;39m - Start process for WURCS: WURCS=2.0/4,4,4/[a2122h-1b_1-5_2*NCC/3=O][a2112h-1a_1-5][a1122dh-1b_1-5][a2d22m-1a_1-5]/1-2-3-4/a3-b1_b4-c1_c3-d1_a1-b3~n
14:12:16.192 [31mWARN [0;39m [main] [33mWURCSParser[0;39m - This WURCS cannot be converted to molecule: WURCS=2.0/2,3,2/[u211h][a2122h-1b_1-5]/1-2-2/a4-b1_b2-c1
14:12:16.192 [31mWARN [0;39m [main] [33mWURCSParser[0;39m - Because of:
14:12:16.192 [31mWARN [0;39m [main] [33mWURCSParser[0;39m - Incompatible:
The carbon with unknown chemical state cannot be converted to molecule.

14:12:16.192 [34mINFO [0;39m [main] [33mWURCSParser[0;39m - Start process for WURCS: WURCS=2.0/2,3,2/[u2122h][ha122h-2b_2-5]/1-2-2/a6-b2_b1-c2
14:12:16.192 [31mWARN [0;39m [main] [33mWURCSParser[0;39m - This WURCS cannot be converted to molecule: WURCS=2.0/2,3,2/[u2122h][ha122h-2b_2-5]/1-2-2/a6-b2_b1-c2
14:12:16.192 [31mWARN [0;39m [main] [33mWURCSParser[0;39m - Because of:
14:12:16.192 [31mWARN [0;39m [main] [33mWURCSParser[0;39m - Incompatible:
The carbon with unknown chemical state cannot be converted to molecule.

14:12:16.192 [31mWARN [0;39m [main] [33mWURCSParser[0;39m - This WURCS cannot be converted to molecule: WURCS=2.0/4,4,4/[a2122h-1b_1-5_2*NCC/3=O][a2112h-1a_1-5][a1122dh-1b_1-5][a2d22m-1a_1-5]/1-2-3-4/a3-b1_b4-c1_c3-d1_a1-b3~n
14:12:16.192 [31mWARN [0;39m [main] [33mWURCSParser[0;39m - Because of:
14:12:16.192 [34mINFO [0;39m [main] [33mWURCSParser[0;39m - Start process for WURCS: WURCS=2.0/5,5,4/[u2122h][a1122h-1a_1-5][a2112A-1a_1-5_4*OCC/3=O][a2122h-1b_1-5][a2112h-1a_1-5_4*OC]/1-2-3-4-5/a3-b1_a6-e1_b3-c1_c3-d1
14:12:16.192 [31mWARN [0;39m [main] [33mWURCSParser[0;39m - Incompatible:
The repeating unit cannot be converted to molecule.

14:12:16.192 [34mINFO [0;39m [main] [33mWURCSParser[0;39m - Start process for WURCS: WURCS=2.0/7,11,10/[a2122h-1x_1-5_2*NCC/3=O][a2122h-1b_1-5_2*NCC/3=O][a1122h-1b_1-5][a1122h-1a_1-5][a1221m-1a_1-5][a2112h-1b_1-5][Aad21122h-2a_2-6_5*NCCO/3=O]/1-2-3-4-2-5-6-7-4-2-5/a4-b1_a6-k1_b4-c1_c3-d1_c6-i1_d2-e1_e3-f1_e4-g1_i2-j1_h2-g3|g6
14:12:16.193 [31mWARN [0;39m [main] [33mWURCSParser[0;39m - This WURCS cannot be converted to molecule: WURCS=2.0/5,5,4/[u2122h][a1122h-1a_1-5][a2112A-1a_1-5_4*OCC/3=O][a2122h-1b_1-5][a2112h-1a_1-5_4*OC]/1-2-3-4-5/a3-b1_a6-e1_b3-c1_c3-d1
14:12:16.193 [31mWARN [0;39m [main] [33mWURCSParser[0;39m - Because of:
14:12:16.193 [31mWARN [0;39m [main] [33mWURCSParser[0;39m - Incompatible:
The carbon with unknown chemical state cannot be converted to molecule.

14:12:16.193 [34mINFO [0;39m [main] [33mWURCSParser[0;39m - Start process for WURCS: WURCS=2.0/8,17,16/[a2122h-1x_1-5_2*NCC/3=O][a2122h-1b_1-5_2*NCC/3=O][a1122h-1b_1-5][a1122h-1a_1-5][a1221m-1a_1-5][a2112h-1b_1-5][Aad21122h-2a_2-6_5*NCCO/3=O][Aad21122h-2a_2-6_5*NCC/3=O]/1-2-3-4-2-5-6-7-7-2-4-2-5-2-5-6-8/a4-b1_a6-m1_b4-c1_c3-d1_c4-j1_c6-k1_d2-e1_e3-f1_e4-g1_h8-i2_k2-l1_n3-o1_n4-p1_h2-g3|g6_q2-p3|p6_n1-d4|d6|k4|k6}
14:12:16.193 [31mWARN [0;39m [main] [33mWURCSParser[0;39m - This WURCS cannot be converted to molecule: WURCS=2.0/7,11,10/[a2122h-1x_1-5_2*NCC/3=O][a2122h-1b_1-5_2*NCC/3=O][a1122h-1b_1-5][a1122h-1a_1-5][a1221m-1a_1-5][a2112h-1b_1-5][Aad21122h-2a_2-6_5*NCCO/3=O]/1-2-3-4-2-5-6-7-4-2-5/a4-b1_a6-k1_b4-c1_c3-d1_c6-i1_d2-e1_e3-f1_e4-g1_i2-j1_h2-g3|g6
14:12:16.193 [31mWARN [0;39m [main] [33mWURCSParser[0;39m - Because of:
14:12:16.193 [31mWARN [0;39m [main] [33mWURCSParser[0;39m - Incompatible:
The alternative linkage positions cannot be converted to molecule.

14:12:16.193 [34mINFO [0;39m [main] [33mWURCSParser[0;39m - Start process for WURCS: WURCS=2.0/4,8,7/[a2122h-1b_1-5_2*NCC/3=O][a2112h-1b_1-5][a1221m-1a_1-5][Aad21122h-2a_2-6_5*NCC/3=O]/1-2-1-2-1-3-2-4/a4-b1_b3-c1_c4-d1_d3-e1_e3-f1_e4-g1_g3-h2
14:12:16.195 [31mWARN [0;39m [main] [33mWURCSParser[0;39m - This WURCS cannot be converted to molecule: WURCS=2.0/8,17,16/[a2122h-1x_1-5_2*NCC/3=O][a2122h-1b_1-5_2*NCC/3=O][a1122h-1b_1-5][a1122h-1a_1-5][a1221m-1a_1-5][a2112h-1b_1-5][Aad21122h-2a_2-6_5*NCCO/3=O][Aad21122h-2a_2-6_5*NCC/3=O]/1-2-3-4-2-5-6-7-7-2-4-2-5-2-5-6-8/a4-b1_a6-m1_b4-c1_c3-d1_c4-j1_c6-k1_d2-e1_e3-f1_e4-g1_h8-i2_k2-l1_n3-o1_n4-p1_h2-g3|g6_q2-p3|p6_n1-d4|d6|k4|k6}
14:12:16.195 [31mWARN [0;39m [main] [33mWURCSParser[0;39m - Because of:
14:12:16.195 [31mWARN [0;39m [main] [33mWURCSParser[0;39m - Incompatible:
The alternative linkage positions cannot be converted to molecule.
The alternative modification cannot be converted to molecule.

14:12:16.195 [34mINFO [0;39m [main] [33mWURCSParser[0;39m - Start process for WURCS: WURCS=2.0/4,12,11/[a2122h-1x_1-5_2*NCC/3=O][a1122h-1x_1-5][a1221m-1x_1-5][a2112h-1x_1-5]/1-1-2-2-1-3-4-2-1-1-1-3/a?-b1_a?-l1_b?-c1_c?-d1_c?-h1_c?-k1_d?-e1_e?-f1_e?-g1_h?-i1_h?-j1
14:12:16.197 [31mWARN [0;39m [main] [33mWURCSParser[0;39m - This WURCS cannot be converted to molecule: WURCS=2.0/4,12,11/[a2122h-1x_1-5_2*NCC/3=O][a1122h-1x_1-5][a1221m-1x_1-5][a2112h-1x_1-5]/1-1-2-2-1-3-4-2-1-1-1-3/a?-b1_a?-l1_b?-c1_c?-d1_c?-h1_c?-k1_d?-e1_e?-f1_e?-g1_h?-i1_h?-j1
14:12:16.197 [31mWARN [0;39m [main] [33mWURCSParser[0;39m - Because of:
14:12:16.197 [31mWARN [0;39m [main] [33mWURCSParser[0;39m - Incompatible:
The unknown linkage positions cannot be converted to molecule.

14:12:16.197 [34mINFO [0;39m [main] [33mWURCSParser[0;39m - Start process for WURCS: WURCS=2.0/3,4,3/[u211h][a2122h-1b_1-5][a212h-1b_1-5]/1-2-2-3/a2-b1_a4-c1_c2-d1
14:12:16.197 [31mWARN [0;39m [main] [33mWURCSParser[0;39m - This WURCS cannot be converted to molecule: WURCS=2.0/3,4,3/[u211h][a2122h-1b_1-5][a212h-1b_1-5]/1-2-2-3/a2-b1_a4-c1_c2-d1
14:12:16.197 [31mWARN [0;39m [main] [33mWURCSParser[0;39m - Because of:
14:12:16.197 [31mWARN [0;39m [main] [33mWURCSParser[0;39m - Incompatible:
The carbon with unknown chemical state cannot be converted to molecule.

14:12:16.197 [34mINFO [0;39m [main] [33mWURCSParser[0;39m - Start process for WURCS: WURCS=2.0/4,4,3/[a2122h-1b_1-5][Aad21122h-2a_2-6_5*NCCO/3=O][a2122h-1a_1-5][Aadxxxxxh-2a_2-6_5*NCCO/3=O_8*OSO/3=O/3=O]/1-2-3-4/a6-b2_b8-c1_c6-d2
14:12:16.198 [34mINFO [0;39m [main] [33mWURCSParser[0;39m - Start process for WURCS: WURCS=2.0/3,6,5/[u2112h_2*NCC/3=O_4*OSO/3=O/3=O][a2122A-1b_1-5][a2112h-1b_1-5_2*NCC/3=O_4*OSO/3=O/3=O]/1-2-3-2-3-2/a3-b1_b4-c1_c3-d1_d4-e1_e3-f1
14:12:16.198 [31mWARN [0;39m [main] [33mWURCSParser[0;39m - This WURCS cannot be converted to molecule: WURCS=2.0/4,4,3/[a2122h-1b_1-5][Aad21122h-2a_2-6_5*NCCO/3=O][a2122h-1a_1-5][Aadxxxxxh-2a_2-6_5*NCCO/3=O_8*OSO/3=O/3=O]/1-2-3-4/a6-b2_b8-c1_c6-d2
14:12:16.198 [31mWARN [0;39m [main] [33mWURCSParser[0;39m - Because of:
14:12:16.198 [31mWARN [0;39m [main] [33mWURCSParser[0;39m - Incompatible:
The anomeric configuration with unknown configuration of anomeric reference atom cannot be converted to molecule.

14:12:16.198 [34mINFO [0;39m [main] [33mWURCSParser[0;39m - Start process for WURCS: WURCS=2.0/2,2,1/[a212h-1x_1-5][a2112h-1b_1-5]/1-2/a4-b1
14:12:16.199 [34mINFO [0;39m [main] [33mWURCSParser[0;39m - Start process for WURCS: WURCS=2.0/3,3,2/[a2112h-1x_1-5][a2112h-1a_1-5_2*NCC/3=O][a2112h-1b_1-5]/1-2-3/a6-b1_b3-c1
14:12:16.199 [31mWARN [0;39m [main] [33mWURCSParser[0;39m - This WURCS cannot be converted to molecule: WURCS=2.0/3,6,5/[u2112h_2*NCC/3=O_4*OSO/3=O/3=O][a2122A-1b_1-5][a2112h-1b_1-5_2*NCC/3=O_4*OSO/3=O/3=O]/1-2-3-2-3-2/a3-b1_b4-c1_c3-d1_d4-e1_e3-f1
14:12:16.199 [31mWARN [0;39m [main] [33mWURCSParser[0;39m - Because of:
14:12:16.199 [31mWARN [0;39m [main] [33mWURCSParser[0;39m - Incompatible:
The carbon with unknown chemical state cannot be converted to molecule.

14:12:16.199 [34mINFO [0;39m [main] [33mWURCSParser[0;39m - Start process for WURCS: WURCS=2.0/8,21,20/[a2122h-1x_1-5_2*NCC/3=O][a2122h-1b_1-5_2*NCC/3=O][a1122h-1b_1-5][a1122h-1a_1-5][a1221m-1a_1-5][a2112h-1b_1-5][a2112h-1a_1-5][Aad21122h-2a_2-6_5*NCCO/3=O]/1-2-3-4-2-5-6-7-2-6-8-4-2-6-8-8-2-5-6-8-5/a4-b1_a6-u1_b4-c1_c3-d1_c6-l1_d2-e1_d4-i1_e3-f1_e4-g1_g3-h1_i4-j1_l2-m1_l6-q1_m4-n1_o8-p2_q3-r1_q4-s1_k2-j3|j6_o2-n3|n6_t2-s3|s6
14:12:16.200 [34mINFO [0;39m [main] [33mWURCSParser[0;39m - Start process for WURCS: WURCS=2.0/7,19,18/[a2122h-1x_1-5_2*NCC/3=O][a2122h-1b_1-5_2*NCC/3=O][a1122h-1b_1-5][a1122h-1a_1-5][a2112h-1b_1-5][Aad21122h-2a_2-6_5*NCC/3=O][a1221m-1a_1-5]/1-2-3-4-2-5-6-2-5-2-4-2-5-2-5-6-2-5-7/a4-b1_a6-s1_b4-c1_c3-d1_c4-j1_c6-k1_d2-e1_d4-h1_e4-f1_h4-i1_k2-l1_k6-q1_l4-m1_m3-n1_n4-o1_q4-r1_g2-f3|f6_p2-o3|o6
14:12:16.202 [31mWARN [0;39m [main] [33mWURCSParser[0;39m - This WURCS cannot be converted to molecule: WURCS=2.0/8,21,20/[a2122h-1x_1-5_2*NCC/3=O][a2122h-1b_1-5_2*NCC/3=O][a1122h-1b_1-5][a1122h-1a_1-5][a1221m-1a_1-5][a2112h-1b_1-5][a2112h-1a_1-5][Aad21122h-2a_2-6_5*NCCO/3=O]/1-2-3-4-2-5-6-7-2-6-8-4-2-6-8-8-2-5-6-8-5/a4-b1_a6-u1_b4-c1_c3-d1_c6-l1_d2-e1_d4-i1_e3-f1_e4-g1_g3-h1_i4-j1_l2-m1_l6-q1_m4-n1_o8-p2_q3-r1_q4-s1_k2-j3|j6_o2-n3|n6_t2-s3|s6
14:12:16.202 [31mWARN [0;39m [main] [33mWURCSParser[0;39m - Because of:
14:12:16.202 [31mWARN [0;39m [main] [33mWURCSParser[0;39m - Incompatible:
The alternative linkage positions cannot be converted to molecule.

14:12:16.202 [34mINFO [0;39m [main] [33mWURCSParser[0;39m - Start process for WURCS: WURCS=2.0/6,6,6/[a2112h-1a_1-5_2*NCC/3=O][a2122h-1a_1-5_2*NCC/3=O][a1211m-1a_1-5][a2122h-1a_1-5][a1221m-1a_1-5][a2122A-1b_1-5]/1-2-3-4-5-6/a4-b1_b3-c1_c4-d1_d3-e1_e4-f1_a1-e3~n
14:12:16.203 [31mWARN [0;39m [main] [33mWURCSParser[0;39m - This WURCS cannot be converted to molecule: WURCS=2.0/6,6,6/[a2112h-1a_1-5_2*NCC/3=O][a2122h-1a_1-5_2*NCC/3=O][a1211m-1a_1-5][a2122h-1a_1-5][a1221m-1a_1-5][a2122A-1b_1-5]/1-2-3-4-5-6/a4-b1_b3-c1_c4-d1_d3-e1_e4-f1_a1-e3~n
14:12:16.203 [31mWARN [0;39m [main] [33mWURCSParser[0;39m - Because of:
14:12:16.203 [31mWARN [0;39m [main] [33mWURCSParser[0;39m - Incompatible:
The repeating unit cannot be converted to molecule.

14:12:16.203 [34mINFO [0;39m [main] [33mWURCSParser[0;39m - Start process for WURCS: WURCS=2.0/4,6,5/[a2112h-1x_1-5_2*NCC/3=O][a2112h-1b_1-5][a2122h-1a_1-5_2*NCC/3=O][a2122h-1b_1-5_2*NCC/3=O]/1-2-3-4-2-4/a3-b1_a6-d1_b4-c1_d4-e1_e4-f1
14:12:16.203 [31mWARN [0;39m [main] [33mWURCSParser[0;39m - This WURCS cannot be converted to molecule: WURCS=2.0/7,19,18/[a2122h-1x_1-5_2*NCC/3=O][a2122h-1b_1-5_2*NCC/3=O][a1122h-1b_1-5][a1122h-1a_1-5][a2112h-1b_1-5][Aad21122h-2a_2-6_5*NCC/3=O][a1221m-1a_1-5]/1-2-3-4-2-5-6-2-5-2-4-2-5-2-5-6-2-5-7/a4-b1_a6-s1_b4-c1_c3-d1_c4-j1_c6-k1_d2-e1_d4-h1_e4-f1_h4-i1_k2-l1_k6-q1_l4-m1_m3-n1_n4-o1_q4-r1_g2-f3|f6_p2-o3|o6
14:12:16.203 [31mWARN [0;39m [main] [33mWURCSParser[0;39m - Because of:
14:12:16.203 [31mWARN [0;39m [main] [33mWURCSParser[0;39m - Incompatible:
The alternative linkage positions cannot be converted to molecule.

14:12:16.203 [34mINFO [0;39m [main] [33mWURCSParser[0;39m - Start process for WURCS: WURCS=2.0/3,3,2/[a2221m-1a_1-?][a2211m-1a_1-5][a1221m-1a_1-5_2*OC_3*OC]/1-2-3/a5-b1_b3-c1
14:12:16.203 [31mWARN [0;39m [main] [33mWURCSParser[0;39m - This WURCS cannot be converted to molecule: WURCS=2.0/3,3,2/[a2221m-1a_1-?][a2211m-1a_1-5][a1221m-1a_1-5_2*OC_3*OC]/1-2-3/a5-b1_b3-c1
14:12:16.203 [31mWARN [0;39m [main] [33mWURCSParser[0;39m - Because of:
14:12:16.203 [31mWARN [0;39m [main] [33mWURCSParser[0;39m - Incompatible:
The unknown linkage positions cannot be converted to molecule.

14:12:16.203 [34mINFO [0;39m [main] [33mWURCSParser[0;39m - Start process for WURCS: WURCS=2.0/4,4,4/[a2211m-1b_1-5][a2112h-1b_1-5][a2211m-1a_1-5][a2122h-1b_1-5]/1-2-3-4/a4-b1_b2-c1_b4-d1_a1-d4~n
14:12:16.204 [31mWARN [0;39m [main] [33mWURCSParser[0;39m - This WURCS cannot be converted to molecule: WURCS=2.0/4,4,4/[a2211m-1b_1-5][a2112h-1b_1-5][a2211m-1a_1-5][a2122h-1b_1-5]/1-2-3-4/a4-b1_b2-c1_b4-d1_a1-d4~n
14:12:16.204 [31mWARN [0;39m [main] [33mWURCSParser[0;39m - Because of:
14:12:16.204 [31mWARN [0;39m [main] [33mWURCSParser[0;39m - Incompatible:
The repeating unit cannot be converted to molecule.

14:12:16.204 [34mINFO [0;39m [main] [33mWURCSParser[0;39m - Start process for WURCS: WURCS=2.0/6,14,13/[u2122h_2*NCC/3=O][a2122h-1b_1-5_2*NCC/3=O][a1122h-1b_1-5][a1122h-1a_1-5][a1221m-1a_1-5][a2112h-1b_1-5]/1-2-3-4-2-5-6-2-5-6-4-2-5-6/a4-b1_b4-c1_c3-d1_c6-k1_d2-e1_d4-h1_e3-f1_e4-g1_h3-i1_h4-j1_k2-l1_l3-m1_l4-n1
14:12:16.205 [31mWARN [0;39m [main] [33mWURCSParser[0;39m - This WURCS cannot be converted to molecule: WURCS=2.0/6,14,13/[u2122h_2*NCC/3=O][a2122h-1b_1-5_2*NCC/3=O][a1122h-1b_1-5][a1122h-1a_1-5][a1221m-1a_1-5][a2112h-1b_1-5]/1-2-3-4-2-5-6-2-5-6-4-2-5-6/a4-b1_b4-c1_c3-d1_c6-k1_d2-e1_d4-h1_e3-f1_e4-g1_h3-i1_h4-j1_k2-l1_l3-m1_l4-n1
14:12:16.205 [31mWARN [0;39m [main] [33mWURCSParser[0;39m - Because of:
14:12:16.205 [31mWARN [0;39m [main] [33mWURCSParser[0;39m - Incompatible:
The carbon with unknown chemical state cannot be converted to molecule.

14:12:16.206 [34mINFO [0;39m [main] [33mWURCSParser[0;39m - Start process for WURCS: WURCS=2.0/5,8,7/[a2112h-1x_1-5][a2122h-1b_1-5_2*NCC/3=O][a1221m-1a_1-5][a2112h-1b_1-5][Aad21122h-2a_2-6_5*NCC/3=O]/1-2-3-4-2-3-4-5/a3-b1_b3-c1_b4-d1_d3-e1_e3-f1_e4-g1_g3-h2
14:12:16.210 [34mINFO [0;39m [main] [33mWURCSParser[0;39m - Start process for WURCS: WURCS=2.0/4,7,6/[Aad1122h-2x_2-6][a2122h-1a_1-5][a2122h-1b_1-5][a2122h-1a_1-5_2*NCC/3=O]/1-2-3-3-4-3-2/a5-b1_b3-c1_b4-d1_b6-f1_d2-e1_f2-g1
14:12:16.213 [34mINFO [0;39m [main] [33mWURCSParser[0;39m - Start process for WURCS: WURCS=2.0/4,4,3/[a2122h-1b_1-5][a2112h-1b_1-5][a2122h-1b_1-5_2*NCC/3=O][Aad21122h-2a_2-6_5*NCC/3=O]/1-2-3-4/a4-b1_b3-c1_c?-d2
14:12:16.213 [31mWARN [0;39m [main] [33mWURCSParser[0;39m - This WURCS cannot be converted to molecule: WURCS=2.0/4,4,3/[a2122h-1b_1-5][a2112h-1b_1-5][a2122h-1b_1-5_2*NCC/3=O][Aad21122h-2a_2-6_5*NCC/3=O]/1-2-3-4/a4-b1_b3-c1_c?-d2
14:12:16.213 [31mWARN [0;39m [main] [33mWURCSParser[0;39m - Because of:
14:12:16.213 [31mWARN [0;39m [main] [33mWURCSParser[0;39m - Incompatible:
The unknown linkage positions cannot be converted to molecule.

14:12:16.214 [34mINFO [0;39m [main] [33mWURCSParser[0;39m - Start process for WURCS: WURCS=2.0/3,3,2/[a2122h-1b_1-5_2*NCC/3=O][a2112h-1b_1-5][Aad21122h-2a_2-6]/1-2-3/a4-b1_b3-c2
14:12:16.215 [34mINFO [0;39m [main] [33mWURCSParser[0;39m - Start process for WURCS: WURCS=2.0/3,3,2/[Aad21122h-2x_2-6_5*NCCO/3=O][a2112h-1x_1-5][a212h-1x_1-5]/1-2-3/a?-b1_b?-c1
14:12:16.215 [31mWARN [0;39m [main] [33mWURCSParser[0;39m - This WURCS cannot be converted to molecule: WURCS=2.0/3,3,2/[Aad21122h-2x_2-6_5*NCCO/3=O][a2112h-1x_1-5][a212h-1x_1-5]/1-2-3/a?-b1_b?-c1
14:12:16.215 [31mWARN [0;39m [main] [33mWURCSParser[0;39m - Because of:
14:12:16.215 [31mWARN [0;39m [main] [33mWURCSParser[0;39m - Incompatible:
The unknown linkage positions cannot be converted to molecule.

14:12:16.215 [34mINFO [0;39m [main] [33mWURCSParser[0;39m - Start process for WURCS: WURCS=2.0/2,2,1/[h221h][a2211m-1a_1-?]/1-2/a4-b1
14:12:16.215 [31mWARN [0;39m [main] [33mWURCSParser[0;39m - This WURCS cannot be converted to molecule: WURCS=2.0/2,2,1/[h221h][a2211m-1a_1-?]/1-2/a4-b1
14:12:16.215 [31mWARN [0;39m [main] [33mWURCSParser[0;39m - Because of:
14:12:16.215 [31mWARN [0;39m [main] [33mWURCSParser[0;39m - Incompatible:
The unknown linkage positions cannot be converted to molecule.

14:12:16.215 [34mINFO [0;39m [main] [33mWURCSParser[0;39m - Start process for WURCS: WURCS=2.0/3,3,2/[a2122A-1b_1-5][a212h-1b_1-5][a2211h-1a_1-5]/1-2-3/a2-b1_b2-c1
14:12:16.216 [34mINFO [0;39m [main] [33mWURCSParser[0;39m - Start process for WURCS: WURCS=2.0/7,12,11/[a2122h-1x_1-5_2*NCC/3=O][a2122h-1b_1-5_2*NCC/3=O][a1122h-1b_1-5][a1122h-1a_1-5][a1221m-1a_1-5][a2112h-1b_1-5_2*NCC/3=O][a2112h-1b_1-5]/1-2-3-4-2-2-4-2-5-6-6-7/a4-b1_a6-i1_b4-c1_d2-e1_d6-f1_g2-h1_j1-a4|b4|c4|d4|e4|f4|g4|h4|i4}_k1-a4|b4|c4|d4|e4|f4|g4|h4|i4}_l1-a4|b4|c4|d4|e4|f4|g4|h4|i4}_c?-d1_c?-g1
14:12:16.218 [31mWARN [0;39m [main] [33mWURCSParser[0;39m - This WURCS cannot be converted to molecule: WURCS=2.0/7,12,11/[a2122h-1x_1-5_2*NCC/3=O][a2122h-1b_1-5_2*NCC/3=O][a1122h-1b_1-5][a1122h-1a_1-5][a1221m-1a_1-5][a2112h-1b_1-5_2*NCC/3=O][a2112h-1b_1-5]/1-2-3-4-2-2-4-2-5-6-6-7/a4-b1_a6-i1_b4-c1_d2-e1_d6-f1_g2-h1_j1-a4|b4|c4|d4|e4|f4|g4|h4|i4}_k1-a4|b4|c4|d4|e4|f4|g4|h4|i4}_l1-a4|b4|c4|d4|e4|f4|g4|h4|i4}_c?-d1_c?-g1
14:12:16.219 [31mWARN [0;39m [main] [33mWURCSParser[0;39m - Because of:
14:12:16.219 [31mWARN [0;39m [main] [33mWURCSParser[0;39m - Incompatible:
The unknown linkage positions cannot be converted to molecule.
The alternative modification cannot be converted to molecule.
Warning:
Only one modification is allowed to be connected to the CarbonDescriptor "2".
Too many linkages on the backbone.

14:12:16.219 [34mINFO [0;39m [main] [33mWURCSParser[0;39m - Start process for WURCS: WURCS=2.0/4,5,4/[hxh][a2122h-1x_1-5][a2112h-1b_1-5][a2122h-1b_1-5_2*NCC/3=O]/1-2-3-4-3/a3n2-b1n1*1NCCOP^XO*2/6O/6=O_b4-c1_c3-d1_d4-e1
14:12:16.220 [34mINFO [0;39m [main] [33mWURCSParser[0;39m - Start process for WURCS: WURCS=2.0/7,12,11/[a2122h-1a_1-5_2*N][a2122h-1b_1-5_2*N][Aad1122h-2a_2-6][a11221h-1a_1-5_4*OPO/3O/3=O][a2122h-1a_1-5][a11221h-1a_1-5][a2112h-1a_1-5]/1-2-3-3-4-4-5-5-3-6-7-6/a6-b1_b6-c2_c4-d2_c5-e1_e3-f1_f3-g1_f7-l1_g3-h1_h2-i2_i4-j1_i7-k1
14:12:16.230 [34mINFO [0;39m [main] [33mWURCSParser[0;39m - Start process for WURCS: WURCS=2.0/8,11,10/[a2122h-1x_1-5_2*NCC/3=O][a2122h-1b_1-5_2*NCC/3=O][a1122h-1b_1-5][a1122h-1a_1-5][axxxxh-1x_1-?_2*NCC/3=O][a2112h-1b_1-5][Aad21122h-2a_2-6_5*NCC/3=O_?*OCC/3=O][Aad21122h-2a_2-6_5*NCC/3=O]/1-2-3-4-5-6-7-4-5-6-8/a4-b1_b4-c1_e4-f1_f3-g2_i4-j1_j3-k2_c?-d1_c?-h1_d?-e1_h?-i1
14:12:16.232 [31mWARN [0;39m [main] [33mWURCSParser[0;39m - This WURCS cannot be converted to molecule: WURCS=2.0/8,11,10/[a2122h-1x_1-5_2*NCC/3=O][a2122h-1b_1-5_2*NCC/3=O][a1122h-1b_1-5][a1122h-1a_1-5][axxxxh-1x_1-?_2*NCC/3=O][a2112h-1b_1-5][Aad21122h-2a_2-6_5*NCC/3=O_?*OCC/3=O][Aad21122h-2a_2-6_5*NCC/3=O]/1-2-3-4-5-6-7-4-5-6-8/a4-b1_b4-c1_e4-f1_f3-g2_i4-j1_j3-k2_c?-d1_c?-h1_d?-e1_h?-i1
14:12:16.232 [31mWARN [0;39m [main] [33mWURCSParser[0;39m - Because of:
14:12:16.232 [31mWARN [0;39m [main] [33mWURCSParser[0;39m - Incompatible:
The unknown linkage positions cannot be converted to molecule.

14:12:16.232 [34mINFO [0;39m [main] [33mWURCSParser[0;39m - Start process for WURCS: WURCS=2.0/3,3,2/[a1122h-1x_1-5][a1122h-1a_1-5_6*OPO/3O/3=O][a1122h-1a_1-5]/1-2-3/a6-b1_b2-c1
14:12:16.233 [34mINFO [0;39m [main] [33mWURCSParser[0;39m - Start process for WURCS: WURCS=2.0/2,2,1/[a2211m-1a_1-5_3*OC_4*OC][a2211m-1a_1-5_2*OC_3*OC_4*OC]/1-2/a2-b1
14:12:16.234 [34mINFO [0;39m [main] [33mWURCSParser[0;39m - Start process for WURCS: WURCS=2.0/4,6,5/[h2122h_2*NCC/3=O][a2122h-1b_1-5_2*NCC/3=O][a1122h-1b_1-5][a1122h-1a_1-5]/1-2-3-4-2-4/a4-b1_b4-c1_c3-d1_c6-f1_d2-e1
14:12:16.237 [34mINFO [0;39m [main] [33mWURCSParser[0;39m - Start process for WURCS: WURCS=2.0/6,12,11/[h2122h_2*NCC/3=O][a2122h-1b_1-5_2*NCC/3=O][a1122h-1b_1-5][a1122h-1a_1-5][a2112h-1b_1-5][Aad21122h-2a_2-6_5*NCC/3=O]/1-2-3-4-2-5-2-5-4-2-5-6/a4-b1_b4-c1_c3-d1_c6-i1_d2-e1_d4-g1_e4-f1_g4-h1_i2-j1_j4-k1_k6-l2
14:12:16.247 [34mINFO [0;39m [main] [33mWURCSParser[0;39m - Start process for WURCS: WURCS=2.0/5,11,10/[a2122h-1b_1-5_2*NCC/3=O][a1122h-1b_1-5][a1122h-1a_1-5][a2112h-1b_1-5][a1221m-1a_1-5]/1-1-2-3-1-4-1-3-1-5-5/a4-b1_a6-k1_b4-c1_c3-d1_c4-g1_c6-h1_d2-e1_e4-f1_h2-i1_i3-j1
14:12:16.262 [34mINFO [0;39m [main] [33mWURCSParser[0;39m - Start process for WURCS: WURCS=2.0/2,2,1/[a2122A-1a_1-5_6*OC][a2211m-1a_1-5]/1-2/a4-b1
14:12:16.263 [34mINFO [0;39m [main] [33mWURCSParser[0;39m - Start process for WURCS: WURCS=2.0/4,6,6/[a2122h-1b_1-5][a2112h-1a_1-5][a2112h-1b_1-5][a2112h-1a_1-5_4-6*OC^XO*/3CO/6=O/3C]/1-2-3-1-4-1/a6-b1_b3-c1_b4-d1_b6-f1_d4-e1_a1-c3~n
14:12:16.264 [31mWARN [0;39m [main] [33mWURCSParser[0;39m - This WURCS cannot be converted to molecule: WURCS=2.0/4,6,6/[a2122h-1b_1-5][a2112h-1a_1-5][a2112h-1b_1-5][a2112h-1a_1-5_4-6*OC^XO*/3CO/6=O/3C]/1-2-3-1-4-1/a6-b1_b3-c1_b4-d1_b6-f1_d4-e1_a1-c3~n
14:12:16.265 [31mWARN [0;39m [main] [33mWURCSParser[0;39m - Because of:
14:12:16.265 [31mWARN [0;39m [main] [33mWURCSParser[0;39m - Incompatible:
The repeating unit cannot be converted to molecule.

14:12:16.265 [34mINFO [0;39m [main] [33mWURCSParser[0;39m - Start process for WURCS: WURCS=2.0/7,20,19/[a2122h-1x_1-5][a2122h-1b_1-5][a212h-1b_1-5][a211h-1a_1-4][a212h-1a_1-5][a2112h-1b_1-5][a1221m-1a_1-5]/1-2-2-2-3-4-2-2-2-2-5-5-5-6-7-5-5-5-6-7/a4-b1_b4-c1_b6-r1_c4-d1_c6-q1_d2-e1_d4-g1_d6-p1_e3-f1_g4-h1_h4-i1_h6-m1_i4-j1_i6-l1_j6-k1_m2-n1_n2-o1_r2-s1_s2-t1
14:12:16.299 [34mINFO [0;39m [main] [33mWURCSParser[0;39m - Start process for WURCS: WURCS=2.0/7,18,17/[a2122h-1x_1-5_2*NCC/3=O][a2122h-1b_1-5_2*NCC/3=O][a1122h-1b_1-5][a1122h-1a_1-5][a1221m-1a_1-5][a2112h-1b_1-5][Aad21122h-2a_2-6_5*NCC/3=O]/1-2-3-4-2-5-6-7-2-4-2-6-7-2-5-6-7-5/a4-b1_a6-r1_b4-c1_c3-d1_c6-j1_d2-e1_d4-i1_e3-f1_e4-g1_j2-k1_j6-n1_k4-l1_n3-o1_n4-p1_h2-g3|g6_m2-l3|l6_q2-p3|p6
14:12:16.302 [31mWARN [0;39m [main] [33mWURCSParser[0;39m - This WURCS cannot be converted to molecule: WURCS=2.0/7,18,17/[a2122h-1x_1-5_2*NCC/3=O][a2122h-1b_1-5_2*NCC/3=O][a1122h-1b_1-5][a1122h-1a_1-5][a1221m-1a_1-5][a2112h-1b_1-5][Aad21122h-2a_2-6_5*NCC/3=O]/1-2-3-4-2-5-6-7-2-4-2-6-7-2-5-6-7-5/a4-b1_a6-r1_b4-c1_c3-d1_c6-j1_d2-e1_d4-i1_e3-f1_e4-g1_j2-k1_j6-n1_k4-l1_n3-o1_n4-p1_h2-g3|g6_m2-l3|l6_q2-p3|p6
14:12:16.302 [31mWARN [0;39m [main] [33mWURCSParser[0;39m - Because of:
14:12:16.302 [31mWARN [0;39m [main] [33mWURCSParser[0;39m - Incompatible:
The alternative linkage positions cannot be converted to molecule.

14:12:16.302 [34mINFO [0;39m [main] [33mWURCSParser[0;39m - Start process for WURCS: WURCS=2.0/5,5,4/[a2122h-1b_1-5][a2112h-1b_1-5][a2122h-1b_1-5_2*NCC/3=O][a2112h-1b_1-5_3*OSO/3=O/3=O][a1221m-1a_1-5]/1-2-3-4-5/a4-b1_b3-c1_c3-d1_c4-e1
14:12:16.305 [34mINFO [0;39m [main] [33mWURCSParser[0;39m - Start process for WURCS: WURCS=2.0/4,4,3/[a2122h-1x_1-5][a2211m-1b_1-5][a2112h-1a_1-5][a1211A-1a_1-5]/1-2-3-4/a4-b1_b4-c1_c4-d1
14:12:16.307 [34mINFO [0;39m [main] [33mWURCSParser[0;39m - Start process for WURCS: WURCS=2.0/8,16,15/[a2122h-1x_1-5_2*NCC/3=O][a2122h-1b_1-5_2*NCC/3=O][a1122h-1b_1-5][a1122h-1a_1-5][a1221m-1a_1-5][a2112h-1b_1-5][Aad21122h-2a_2-6_5*NCCO/3=O][a2112h-1b_1-5_2*NCC/3=O]/1-2-3-4-2-5-6-7-2-4-2-6-7-2-5-8/a4-b1_b4-c1_c3-d1_c4-i1_c6-j1_d2-e1_e3-f1_e4-g1_j2-k1_k4-l1_n3-o1_n4-p1_h2-g3|g6_m2-l3|l6_n1-d4|d6|j4|j6}
14:12:16.309 [31mWARN [0;39m [main] [33mWURCSParser[0;39m - This WURCS cannot be converted to molecule: WURCS=2.0/8,16,15/[a2122h-1x_1-5_2*NCC/3=O][a2122h-1b_1-5_2*NCC/3=O][a1122h-1b_1-5][a1122h-1a_1-5][a1221m-1a_1-5][a2112h-1b_1-5][Aad21122h-2a_2-6_5*NCCO/3=O][a2112h-1b_1-5_2*NCC/3=O]/1-2-3-4-2-5-6-7-2-4-2-6-7-2-5-8/a4-b1_b4-c1_c3-d1_c4-i1_c6-j1_d2-e1_e3-f1_e4-g1_j2-k1_k4-l1_n3-o1_n4-p1_h2-g3|g6_m2-l3|l6_n1-d4|d6|j4|j6}
14:12:16.309 [31mWARN [0;39m [main] [33mWURCSParser[0;39m - Because of:
14:12:16.309 [31mWARN [0;39m [main] [33mWURCSParser[0;39m - Incompatible:
The alternative linkage positions cannot be converted to molecule.
The alternative modification cannot be converted to molecule.

14:12:16.309 [34mINFO [0;39m [main] [33mWURCSParser[0;39m - Start process for WURCS: WURCS=2.0/3,12,11/[a2122h-1x_1-5_2*NCC/3=O][a1122h-1b_1-5][a1122h-1a_1-5]/1-2-3-3-3-3-3-3-3-3-3-3/a4-b1_b3-c1_b6-i1_c2-d1_c6-f1_d2-e1_f2-g1_f6-h1_i3-j1_i6-k1_k2-l1
14:12:16.315 [34mINFO [0;39m [main] [33mWURCSParser[0;39m - Start process for WURCS: WURCS=2.0/6,9,8/[a2122h-1b_1-5_2*NCC/3=O][a1122h-1b_1-5][a1122h-1a_1-5][a2112h-1b_1-5][Aad21122h-2a_2-6_5*NCCO/3=O][a2112m-1b_1-5]/1-1-2-3-1-4-5-3-6/a4-b1_a6-i1_b4-c1_c3-d1_c6-h1_d2-e1_e4-f1_f3-g2
14:12:16.320 [34mINFO [0;39m [main] [33mWURCSParser[0;39m - Start process for WURCS: WURCS=2.0/4,4,3/[a211h-1a_1-5][a2211m-1a_1-5][a2122h-1b_1-5][a212h-1b_1-5]/1-2-3-4/a2-b1_b3-c1_b4-d1
14:12:16.321 [34mINFO [0;39m [main] [33mWURCSParser[0;39m - Start process for WURCS: WURCS=2.0/4,4,4/[o222h][a2122h-1a_1-5_2*NCC/3=O_6*OPO/3O/3=O][a2112h-1a_1-5_2*NCC/3=O][a2112h-1b_1-5_2*NCC/3=O]/1-2-3-4/a2-b1_b3-c1_c4-d1_a5-d6*OPO*/3O/3=O~n
14:12:16.322 [31mWARN [0;39m [main] [33mWURCSParser[0;39m - This WURCS cannot be converted to molecule: WURCS=2.0/4,4,4/[o222h][a2122h-1a_1-5_2*NCC/3=O_6*OPO/3O/3=O][a2112h-1a_1-5_2*NCC/3=O][a2112h-1b_1-5_2*NCC/3=O]/1-2-3-4/a2-b1_b3-c1_c4-d1_a5-d6*OPO*/3O/3=O~n
14:12:16.322 [31mWARN [0;39m [main] [33mWURCSParser[0;39m - Because of:
14:12:16.322 [31mWARN [0;39m [main] [33mWURCSParser[0;39m - Incompatible:
The repeating unit cannot be converted to molecule.

14:12:16.322 [34mINFO [0;39m [main] [33mWURCSParser[0;39m - Start process for WURCS: WURCS=2.0/3,4,3/[a1122h-1b_1-5][a1122h-1a_1-5][a21d2h-1b_1-5_2*NCC/3=O]/1-2-3-2/a3-b1_a6-d1_b2-c1
14:12:16.323 [34mINFO [0;39m [main] [33mWURCSParser[0;39m - Start process for WURCS: WURCS=2.0/4,10,9/[a2122h-1x_1-5_2*NCC/3=O][a2122h-1b_1-5_2*NCC/3=O][a1122h-1b_1-5][a1122h-1a_1-5]/1-2-3-4-4-4-4-4-4-4/a4-b1_b4-c1_c3-d1_c6-g1_g3-h1_g6-i1_d?-e1_e?-f1_i?-j1
14:12:16.324 [31mWARN [0;39m [main] [33mWURCSParser[0;39m - This WURCS cannot be converted to molecule: WURCS=2.0/4,10,9/[a2122h-1x_1-5_2*NCC/3=O][a2122h-1b_1-5_2*NCC/3=O][a1122h-1b_1-5][a1122h-1a_1-5]/1-2-3-4-4-4-4-4-4-4/a4-b1_b4-c1_c3-d1_c6-g1_g3-h1_g6-i1_d?-e1_e?-f1_i?-j1
14:12:16.324 [31mWARN [0;39m [main] [33mWURCSParser[0;39m - Because of:
14:12:16.324 [31mWARN [0;39m [main] [33mWURCSParser[0;39m - Incompatible:
The unknown linkage positions cannot be converted to molecule.

14:12:16.324 [34mINFO [0;39m [main] [33mWURCSParser[0;39m - Start process for WURCS: WURCS=2.0/3,3,2/[u2122h][a2122h-1a_1-5][a2122h-1a_1-5_6*N]/1-2-3/a4-b1_b4-c1
14:12:16.324 [31mWARN [0;39m [main] [33mWURCSParser[0;39m - This WURCS cannot be converted to molecule: WURCS=2.0/3,3,2/[u2122h][a2122h-1a_1-5][a2122h-1a_1-5_6*N]/1-2-3/a4-b1_b4-c1
14:12:16.324 [31mWARN [0;39m [main] [33mWURCSParser[0;39m - Because of:
14:12:16.324 [31mWARN [0;39m [main] [33mWURCSParser[0;39m - Incompatible:
The carbon with unknown chemical state cannot be converted to molecule.

14:12:16.325 [34mINFO [0;39m [main] [33mWURCSParser[0;39m - Start process for WURCS: WURCS=2.0/2,7,6/[a2122h-1x_1-5][a2122h-1a_1-5]/1-2-2-2-2-2-2/a4-b1_b4-c1_b6-d1_d4-e1_e4-f1_f4-g1
14:12:16.327 [34mINFO [0;39m [main] [33mWURCSParser[0;39m - Start process for WURCS: WURCS=2.0/3,7,6/[a2122h-1b_1-5_2*NCC/3=O][a1122h-1b_1-5][a1122h-1a_1-5]/1-2-3-3-3-3-3/a4-b1_b3-c1_b6-e1_c2-d1_e3-f1_e6-g1
