map	glycans	rescodes	nAtom	nC	nO	nN	nS	nP	nHal	nAromAtom	nRing	nAromRing	ringSizes	nCarbonyl	nEsterC	maxChainC	attach
*NCC/3=O	56026	3203	4	2	1	1	0	0	0	0	0	0	-	1	0	2	N
*OCC/3=O	23318	10718	4	2	2	0	0	0	0	0	0	0	-	1	1	2	O
*OC(CCCCCC$4)	18535	7672	8	7	1	0	0	0	0	6	1	1	6	0	0	1	O
*OC(CCCCCC$4)/3=O	10627	4980	9	7	2	0	0	0	0	6	1	1	6	1	1	1	O
*OC	10093	5298	2	1	1	0	0	0	0	0	0	0	-	0	0	1	O
*OSO/3=O/3=O	8159	1520	5	0	4	0	1	0	0	0	0	0	-	0	0	0	O
*N	7356	2603	1	0	0	1	0	0	0	0	0	0	-	0	0	0	N
*OPO/3O/3=O	2679	1168	5	0	4	0	0	1	0	0	0	0	-	0	0	0	O
*F	1673	1474	1	0	0	0	0	0	1	0	0	0	-	0	0	0	F
*C	1630	1334	1	1	0	0	0	0	0	0	0	0	-	0	0	1	C
*NCCO/3=O	1460	129	5	2	2	1	0	0	0	0	0	0	-	1	0	2	N
*OCCCC	1302	1006	5	4	1	0	0	0	0	0	0	0	-	0	0	4	O
*OCCC/4C/4C/3=O	1194	779	7	5	2	0	0	0	0	0	0	0	-	1	1	3	O
*NSO/3=O/3=O	1188	195	5	0	3	1	1	0	0	0	0	0	-	0	0	0	N
*OCC=C	925	644	4	3	1	0	0	0	0	0	0	0	-	0	0	3	O
*OP^XOCCNC/7C/7C/3O/3=O	899	751	11	5	4	1	0	1	0	0	0	0	-	0	0	2	O
*OS(CCCCCC$4/7)C/3=O/3=O	829	791	11	7	3	0	1	0	0	6	1	1	6	0	0	1	O
*OSC/3=O/3=O	716	703	5	1	3	0	1	0	0	0	0	0	-	0	0	1	O
*OCCCCCCCCCCCCCCCC/3=O	675	548	18	16	2	0	0	0	0	0	0	0	-	1	1	16	O
*Cl	605	513	1	0	0	0	0	0	1	0	0	0	-	0	0	0	Cl
*OP^XOCCN/3O/3=O	602	159	8	2	4	1	0	1	0	0	0	0	-	0	0	2	O
*OC(CCCCCC$4/7)OC	588	500	10	8	2	0	0	0	0	6	1	1	6	0	0	1	O
*OC(CCCCCC$4)/3(CCCCCC$10)/3(CCCCCC$16)	567	528	20	19	1	0	0	0	0	18	3	3	6,6,6	0	0	1	O
*I	541	489	1	0	0	0	0	0	1	0	0	0	-	0	0	0	I
*OCCCCCCCCCCCCCCCCCC/3=O	518	432	20	18	2	0	0	0	0	0	0	0	-	1	1	18	O
*OC(CCCCCC$4/8)O(/7)O(/6)O/3=O	499	434	12	7	5	0	0	0	0	6	1	1	6	1	1	1	O
*OCCCC/3=O	471	418	6	4	2	0	0	0	0	0	0	0	-	1	1	4	O
*Br	454	392	1	0	0	0	0	0	1	0	0	0	-	0	0	0	Br
*OCC	438	364	3	2	1	0	0	0	0	0	0	0	-	0	0	2	O
*OCCCCCCCCC=^ZCCCCCCCCC/3=O	427	366	20	18	2	0	0	0	0	0	0	0	-	1	1	18	O
*NC(CCCCCC$4)/3=O	420	402	9	7	1	1	0	0	0	6	1	1	6	1	0	1	N
*OCCC/3=O	390	347	5	3	2	0	0	0	0	0	0	0	-	1	1	3	O
*S	375	272	1	0	0	0	1	0	0	0	0	0	-	0	0	0	S
*NC	342	259	2	1	0	1	0	0	0	0	0	0	-	0	0	1	N
*OCCCCCCCCCCCCCC/3=O	342	311	16	14	2	0	0	0	0	0	0	0	-	1	1	14	O
*NCCF/4F/4F/3=O	325	304	7	2	1	1	0	0	3	0	0	0	-	1	0	2	N
*NC/2C	324	215	3	2	0	1	0	0	0	0	0	0	-	0	0	1	N
*OCCCCCCCCC=^ZCCC=^ZCCCCCC/3=O	274	231	20	18	2	0	0	0	0	0	0	0	-	1	1	18	O
*OC(CCCCCC$4/7)C/3=O	266	225	10	8	2	0	0	0	0	6	1	1	6	1	1	1	O
*OCC/3C	264	247	4	3	1	0	0	0	0	0	0	0	-	0	0	3	O
*OCCC/4C/3=O	263	179	6	4	2	0	0	0	0	0	0	0	-	1	1	3	O
*OCCCCCCCCCCCC/3=O	249	181	14	12	2	0	0	0	0	0	0	0	-	1	1	12	O
*NCOC(CCCCCC$6)/3=O	222	194	11	8	2	1	0	0	0	6	1	1	6	1	1	1	N
*SO/2=O/2=O	216	103	4	0	3	0	1	0	0	0	0	0	-	0	0	0	S
*OSCF/4F/4F/3=O/3=O	208	198	8	1	3	0	1	0	3	0	0	0	-	0	0	1	O
*OCCCl/3=O	206	172	5	2	2	0	0	0	1	0	0	0	-	1	1	2	O
*OCCCCCCCCC=^ZCCCCCCC/3=O	199	183	18	16	2	0	0	0	0	0	0	0	-	1	1	16	O
*OCCCCCCCC/3=O	190	150	10	8	2	0	0	0	0	0	0	0	-	1	1	8	O
*OCCCCCCCCCCC=^ZCCCCCCC/3=O	186	158	20	18	2	0	0	0	0	0	0	0	-	1	1	18	O
*NC=O	184	72	3	1	1	1	0	0	0	0	0	0	-	1	0	1	N
*NC^S(CCCCCC$4)/3C	183	177	9	8	0	1	0	0	0	6	1	1	6	0	0	2	N
*NCCNCC$2/5C	174	135	7	5	0	2	0	0	0	0	1	0	6	0	0	1	N
*OCCCCCCCCCC/3=O	170	128	12	10	2	0	0	0	0	0	0	0	-	1	1	10	O
*OP^XOP^XOCCN/5O/5=O/3O/3=O	170	14	12	2	7	1	0	2	0	0	0	0	-	0	0	2	O
*CO	164	90	2	1	1	0	0	0	0	0	0	0	-	0	0	1	C
*NC^R(CCCCCC$4)/3C	162	156	9	8	0	1	0	0	0	6	1	1	6	0	0	2	N
*NCOCCCl/6Cl/6Cl/3=O	161	114	9	3	2	1	0	0	3	0	0	0	-	1	1	2	N
*OC=O	159	139	3	1	2	0	0	0	0	0	0	0	-	1	1	1	O
*OCCCCC/6=O/3=O	158	133	8	5	3	0	0	0	0	0	0	0	-	2	1	5	O
*OCCCCCC/3=O	158	117	8	6	2	0	0	0	0	0	0	0	-	1	1	6	O
*OCCC	155	141	4	3	1	0	0	0	0	0	0	0	-	0	0	3	O
*(CCCCCC$2/5)O(/4)O	154	62	8	6	2	0	0	0	0	6	1	1	6	0	0	0	C
*N(CCCCCN$3)	154	4	7	5	0	2	0	0	0	6	1	1	6	0	0	0	N
*NCCCCC$2	154	137	6	5	0	1	0	0	0	0	1	0	6	0	0	0	N
*OC(CCCCCC$4/7)OC/3=O	154	113	11	8	3	0	0	0	0	6	1	1	6	1	1	1	O
*NC(CCCCCC$4/5)CC$2	151	123	10	9	0	1	0	0	0	6	2	1	6,6	0	0	0	N
*OCCCCCCCC	151	119	9	8	1	0	0	0	0	0	0	0	-	0	0	8	O
*NCCOCC$2	148	134	6	4	1	1	0	0	0	0	1	0	6	0	0	0	N
*OCCCCC=^ZCCC=^ZCCC=^ZCCC=^ZCCCCCC/3=O	147	137	22	20	2	0	0	0	0	0	0	0	-	1	1	20	O
*1O(CCCCCC$3/7)O(/5)O(/4)*2	146	99	9	6	3	0	0	0	0	6	1	1	6	0	0	0	O
*N=^XCC/3O	144	6	4	2	1	1	0	0	0	0	0	0	-	0	0	2	N
*OCC=^EC(CCCCCC$6/9)O(/8)OC/3=O	144	92	14	10	4	0	0	0	0	6	1	1	6	1	1	3	O
*NCCNCCCCC$5	138	127	9	7	0	2	0	0	0	0	1	0	6	0	0	2	N
*OCCCCCCCCC=^ZCCC=^ZCCC=^ZCCC/3=O	135	124	20	18	2	0	0	0	0	0	0	0	-	1	1	18	O
*1O(CCCCCC$3/6)NCCNC/12C/10=O(/4)*2	132	132	14	10	2	2	0	0	0	6	1	1	6	1	0	2	O
*OCN/3=O	129	108	4	1	2	1	0	0	0	0	0	0	-	1	1	1	O
*1O(CCCCCC$3/6)NCCOC/10=O(/4)*2	127	127	13	9	3	1	0	0	0	6	1	1	6	1	0	2	O
*NC(CCCCCC$4/5)OC	127	115	10	8	1	1	0	0	0	6	1	1	6	0	0	1	N
*1O(CCCCCC$3/6)NC(CCCCCC$11/14)OCO($13/4)*2/10=O	126	126	19	14	4	1	0	0	0	12	3	2	5,6,6	1	0	1	O
*NCCNCCOCC$5/3=O	126	126	10	6	2	2	0	0	0	0	1	0	6	1	0	2	N
*NCC(CCCCCN$5)/3=O	121	121	10	7	1	2	0	0	0	6	1	1	6	1	0	2	N
*OP^XOCC^XC^XCC^RC^X$5/10O/9O/8O/7O/6O/3O/3=O	121	121	16	6	9	0	0	1	0	0	1	0	6	0	0	0	O
*(CCCCCC$2)	120	116	6	6	0	0	0	0	0	6	1	1	6	0	0	0	C
*NC(CCCCCC$4/6)F	118	102	9	7	0	1	0	0	1	6	1	1	6	0	0	1	N
*1O(CCCCCC$3/6)NS(CCCCCC$11/14)F/10=O/10=O(/4)*2	116	116	18	12	3	1	1	0	1	12	2	2	6,6	0	0	0	O
*N(CCCCCCCCCC$7/6CC$3)	116	84	13	12	0	1	0	0	0	12	2	2	6,6	0	0	0	N
*OCCCC/5C/3=O	116	102	7	5	2	0	0	0	0	0	0	0	-	1	1	4	O
*NCCCCCC$3	114	114	7	6	0	1	0	0	0	0	1	0	6	0	0	0	N
*NCC(CCCCCC$5)	113	105	9	8	0	1	0	0	0	6	1	1	6	0	0	2	N
*NCC(CCCNCC$5)	111	86	9	7	0	2	0	0	0	6	1	1	6	0	0	2	N
*NC(CCCCCC$4/7)OCO($6)	109	93	11	8	2	1	0	0	0	6	2	1	5,6	0	0	1	N
*NCCCNCCCCC$6/3=O	108	108	11	8	1	2	0	0	0	0	1	0	6	1	0	3	N
*1O(CCCCCC$3/6)NCN(CCCCCC$12/15)CF/18F/18F/10=O(/4)*2	107	107	21	14	2	2	0	0	3	12	2	2	6,6	1	0	1	O
*OCCCCCCCC=^ZCCC=^ZCCC=^ZCCCCCC/3=O	107	100	22	20	2	0	0	0	0	0	0	0	-	1	1	20	O
*OCCO	107	92	4	2	2	0	0	0	0	0	0	0	-	0	0	2	O
*OCC=^EC(CCCCCC$6/9)O/3=O	106	77	12	9	3	0	0	0	0	6	1	1	6	1	1	3	O
*NCCC	105	98	4	3	0	1	0	0	0	0	0	0	-	0	0	3	N
*NCNCC/5C/3=O	105	105	7	4	1	2	0	0	0	0	0	0	-	1	0	3	N
*OC^RCO/4=O/3C	103	57	6	3	3	0	0	0	0	0	0	0	-	1	1	3	O
*NC(CCCCCC$4/5)F	102	102	9	7	0	1	0	0	1	6	1	1	6	0	0	1	N
*NCCC^RCCCCCCCCCCC/5O/3=O	101	20	17	14	2	1	0	0	0	0	0	0	-	1	0	14	N
*1O(CCCCCC$3/6)NC(CCCCNC$11/4)*2/10=O	100	100	16	12	2	2	0	0	0	12	2	2	6,6	1	0	1	O
*NC(CCCCCC$4/7)Cl	99	86	9	7	0	1	0	0	1	6	1	1	6	0	0	1	N
*NC(CCCCCC$4/7)OCO($6)/3=O	98	98	12	8	3	1	0	0	0	6	2	1	5,6	1	0	1	N
*OCCCCCC=^ZCCC=^ZCCC=^ZCCCCCC/3=O	98	87	20	18	2	0	0	0	0	0	0	0	-	1	1	18	O
*NCCOC	97	90	5	3	1	1	0	0	0	0	0	0	-	0	0	2	N
*OCC=^EC(CCCCCC$6/9)O(/8)O/3=O	97	55	13	9	4	0	0	0	0	6	1	1	6	1	1	3	O
*OCCC^RCCCCCCCCCCC/5O/3=O	97	18	17	14	3	0	0	0	0	0	0	0	-	1	1	14	O
*NC(CCCCCC$4)	95	79	8	7	0	1	0	0	0	6	1	1	6	0	0	1	N
*NCN(CCCCCC$5/9)F(/6)F/3=O	95	95	12	7	1	2	0	0	2	6	1	1	6	1	0	1	N
*NCCC/3=O	94	84	5	3	1	1	0	0	0	0	0	0	-	1	0	3	N
*OCC/3C/3C	94	79	5	4	1	0	0	0	0	0	0	0	-	0	0	3	O
*OCCCCC/3=O	94	94	7	5	2	0	0	0	0	0	0	0	-	1	1	5	O
*SC	94	64	2	1	0	0	1	0	0	0	0	0	-	0	0	1	S
*OCCCCCCCCCCCCCCCCCCCC/3=O	92	92	22	20	2	0	0	0	0	0	0	0	-	1	1	20	O
*OC^XO*/3CO/6=O/3C	92	19	7	3	4	0	0	0	0	0	0	0	-	1	1	3	O
*NS(CCCCCC$4/7)C/3=O/3=O	91	91	11	7	2	1	1	0	0	6	1	1	6	0	0	1	N
*(CCCCCC$2/5)O(/4)OC	89	71	9	7	2	0	0	0	0	6	1	1	6	0	0	1	C
*1O(CCCCCC$3/6)NC/9C(/4)*2	89	89	10	8	1	1	0	0	0	6	1	1	6	0	0	1	O
*NC(CCCCNC$4)/3=O	89	89	9	6	1	2	0	0	0	6	1	1	6	1	0	1	N
*NCCCCCCC$4	88	58	8	7	0	1	0	0	0	0	1	0	6	0	0	1	N
*NC(CCCCCC$4/7)OC	87	87	10	8	1	1	0	0	0	6	1	1	6	0	0	1	N
*OCCCCCCCCCC	86	68	11	10	1	0	0	0	0	0	0	0	-	0	0	10	O
*NC(CCCCCC$4/5)F/3=O	85	85	10	7	1	1	0	0	1	6	1	1	6	1	0	1	N
*OP^XOCC^SCO/7=O/6N/3O/3=O	85	85	11	3	6	1	0	1	0	0	0	0	-	1	1	3	O
*(CCCCCC$2/5)O	84	74	7	6	1	0	0	0	0	6	1	1	6	0	0	0	C
*NCC	84	59	3	2	0	1	0	0	0	0	0	0	-	0	0	2	N
*OCCCCC=^ZCCC=^ZCCC=^ZCCCCCCCCC/3=O	84	78	22	20	2	0	0	0	0	0	0	0	-	1	1	20	O
*NCCN(CCCCCC$6)/5CC$2	82	66	12	10	0	2	0	0	0	6	2	1	6,6	0	0	0	N
*1O(CCCCCC$3/7)O(/4)*2	81	76	8	6	2	0	0	0	0	6	1	1	6	0	0	0	O
*NC(CCCCCC$4/7)F/3=O	81	81	10	7	1	1	0	0	1	6	1	1	6	1	0	1	N
*1O(CCCCCC$3/6)NCN(CCCCCC$12/13)F/10=O(/4)*2	80	80	18	13	2	2	0	0	1	12	2	2	6,6	1	0	1	O
*NS(CCCCCC$4/7)F/3=O/3=O	80	80	11	6	2	1	1	0	1	6	1	1	6	0	0	0	N
*1O(CCCCCC$3/6)NCN(CCCCCC$12/15)OC/10=O(/4)*2	79	79	19	14	3	2	0	0	0	12	2	2	6,6	1	0	1	O
*NC(CCNCCN$4)/3=O	79	79	9	5	1	3	0	0	0	6	1	1	6	1	0	1	N
*NCN(CCCCCC$5/8)CF/11F/11F/3=O	79	79	14	8	1	2	0	0	3	6	1	1	6	1	0	1	N
*OCCCCCCCCCCC=^ZCCC=^ZCCCCCC/3=O	79	79	22	20	2	0	0	0	0	0	0	0	-	1	1	20	O
*OCCCCCCCCCCC=^ZCCCCCCCCC/3=O	78	78	22	20	2	0	0	0	0	0	0	0	-	1	1	20	O
*NC(CCCCCC$4/7)O(CCCCCC$11)	77	72	15	13	1	1	0	0	0	12	2	2	6,6	0	0	1	N
*NCCCNC/6C	77	72	7	5	0	2	0	0	0	0	0	0	-	0	0	3	N
*NC(CCCCCN$4)	76	76	8	6	0	2	0	0	0	6	1	1	6	0	0	1	N
*NC(CCCNCC$4)	76	75	8	6	0	2	0	0	0	6	1	1	6	0	0	1	N
*OCCCCCCCCC=^ZCCCCC/3=O	73	73	16	14	2	0	0	0	0	0	0	0	-	1	1	14	O
*1O(CCCCCC$3/6)NCNCCCCC$12/10=O(/4)*2	72	72	16	12	2	2	0	0	0	6	2	1	5,6	1	0	1	O
*1O(CCCCCC$3/6)NS(CCCCCC$11/13)OC/10=O/10=O(/4)*2	71	71	19	13	4	1	1	0	0	12	2	2	6,6	0	0	1	O
*NCCCNCCOCC$6	71	61	10	7	1	2	0	0	0	0	1	0	6	0	0	3	N
*NS(CCCCCC$4)/3=O/3=O	70	70	10	6	2	1	1	0	0	6	1	1	6	0	0	0	N
*O(CCCCCC$3/6)NSC/10=O/10=O(/4)*	70	70	12	7	3	1	1	0	0	6	1	1	6	0	0	1	O
*NC(CCCCCC$4/7)Cl(/6)Cl	69	61	10	7	0	1	0	0	2	6	1	1	6	0	0	1	N
*NCC(CCCCCC$5/6)C$3	69	55	10	9	0	1	0	0	0	6	2	1	5,6	0	0	0	N
*1O(CCCCCC$3/6)NCC(CCCNCC$12/4)*2/10=O	68	68	17	13	2	2	0	0	0	12	2	2	6,6	1	0	2	O
*OCCCCCCCCCCCCCCCC	66	58	17	16	1	0	0	0	0	0	0	0	-	0	0	16	O
*O(CCCCCC$3)	65	64	7	6	1	0	0	0	0	6	1	1	6	0	0	0	O
*NS(CCCCCC$4/6)F/3=O/3=O	64	64	11	6	2	1	1	0	1	6	1	1	6	0	0	0	N
*OCCCCCCCC=^ZCCC=^ZCCC=^ZCCC=^ZCCC/3=O	64	64	22	20	2	0	0	0	0	0	0	0	-	1	1	20	O
*NC(CCCCCC$4/8)F(/5)F	62	62	10	7	0	1	0	0	2	6	1	1	6	0	0	1	N
*O(CCCCCC$3/6)OC	62	38	9	7	2	0	0	0	0	6	1	1	6	0	0	1	O
*N*	61	44	1	0	0	1	0	0	0	0	0	0	-	0	0	0	N
*NC(CCCCNC$4)	60	60	8	6	0	2	0	0	0	6	1	1	6	0	0	1	N
*NCN(CCCCCC$5/8)OCO($7)/3=O	60	60	13	8	3	2	0	0	0	6	2	1	5,6	1	0	1	N
*OCCCCCCCCC/3=O	59	40	11	9	2	0	0	0	0	0	0	0	-	1	1	9	O
*(CCCCCC$2/6)NSC/9=O/9=O(/3)O*	58	58	12	7	3	1	1	0	0	6	1	1	6	0	0	1	C
*NCC/3C	58	57	4	3	0	1	0	0	0	0	0	0	-	0	0	3	N
*NCN(CCCCCC$5/6)OC/3=O	58	58	12	8	2	2	0	0	0	6	1	1	6	1	0	1	N
*NS(CCCCCC$4/5)F/3=O/3=O	58	58	11	6	2	1	1	0	1	6	1	1	6	0	0	0	N
*OCCCC=^ZCCC=^ZCCC=^ZCCC=^ZCCC=^ZCCC=^ZCCC/3=O	58	53	24	22	2	0	0	0	0	0	0	0	-	1	1	22	O
*NC(CCCNCN$4)	57	51	8	5	0	3	0	0	0	6	1	1	6	0	0	1	N
*NS(CCCCCC$4/7)OC/3=O/3=O	56	56	12	7	3	1	1	0	0	6	1	1	6	0	0	1	N
*NCCCC(CCCCCC$7)/5CC$2	55	41	13	12	0	1	0	0	0	6	2	1	6,6	0	0	1	N
*NC(CCCCCN$4)/3=O	54	54	9	6	1	2	0	0	0	6	1	1	6	1	0	1	N
*NCC(CCCCNC$5)/3=O	54	54	10	7	1	2	0	0	0	6	1	1	6	1	0	2	N
*NCCF/4F/4F	54	54	6	2	0	1	0	0	3	0	0	0	-	0	0	2	N
*N(CNCCS$3)	53	34	6	3	0	2	1	0	0	5	1	1	5	0	0	0	N
*NC(CCCCCC$4/6)F/3=O	53	53	10	7	1	1	0	0	1	6	1	1	6	1	0	1	N
*OCCCCCCC=^ZCCC=^ZCCC=^ZCCC=^ZCCCCCC/3=O	52	45	24	22	2	0	0	0	0	0	0	0	-	1	1	22	O
*CC	51	38	2	2	0	0	0	0	0	0	0	0	-	0	0	2	C
*1O(CCCCCC$3/6)NCC(CCCCS$12/4)CN*2/18C/17=O/10=O	48	48	20	14	3	2	1	0	0	11	2	2	5,6	2	0	2	O
*OC=^ZCCCCCCCCCCCCCCCCC	48	48	19	18	1	0	0	0	0	0	0	0	-	0	0	18	O
*OCCCCCC=^ZCCC=^ZCCC=^ZCCC=^ZCCC/3=O	48	48	20	18	2	0	0	0	0	0	0	0	-	1	1	18	O
*N(CCCCCC$3)	47	44	7	6	0	1	0	0	0	6	1	1	6	0	0	0	N
*NCN(CCCCCC$5/6)F/3=O	47	47	11	7	1	2	0	0	1	6	1	1	6	1	0	1	N
*OCCN	46	39	4	2	1	1	0	0	0	0	0	0	-	0	0	2	O
*NC(CCCNCC$4)/3=O	45	45	9	6	1	2	0	0	0	6	1	1	6	1	0	1	N
*NCNCCC/3=O	45	45	7	4	1	2	0	0	0	0	0	0	-	1	0	3	N
*NC(CCCCCC$4/7)F	44	33	9	7	0	1	0	0	1	6	1	1	6	0	0	1	N
*NSCC/3=O/3=O	44	44	6	2	2	1	1	0	0	0	0	0	-	0	0	2	N
*OC=^ZCCCCCCCCCCCCCCC	44	44	17	16	1	0	0	0	0	0	0	0	-	0	0	16	O
*NCN(CCCCCC$5/8)OC/3=O	43	43	12	8	2	2	0	0	0	6	1	1	6	1	0	1	N
*NS(CCCCCC$4/7)Cl/3=O/3=O	43	43	11	6	2	1	1	0	1	6	1	1	6	0	0	0	N
*NSC(CCCCCC$5)/3=O/3=O	43	43	11	7	2	1	1	0	0	6	1	1	6	0	0	1	N
*OCCCCCCCCCCCCCCCCCCCCCC/3=O	43	43	24	22	2	0	0	0	0	0	0	0	-	1	1	22	O
*1O(CCCCCC$3/6)NS(CCCCCC$11/4)*2/10=O/10=O	42	42	17	12	3	1	1	0	0	12	2	2	6,6	0	0	0	O
*NC(CCCCCC$4/8)F(/6)F	42	37	10	7	0	1	0	0	2	6	1	1	6	0	0	1	N
*NC(CCCCCCCCCC$8/7CC$4)	42	41	14	13	0	1	0	0	0	12	2	2	6,6	0	0	1	N
*NCC/3C/3C	42	41	5	4	0	1	0	0	0	0	0	0	-	0	0	3	N
*NCCCCCCC$4/3=O	42	42	9	7	1	1	0	0	0	0	1	0	6	1	0	1	N
*S(CCCCCC$3)	42	34	7	6	0	0	1	0	0	6	1	1	6	0	0	0	S
*1O(CCCCCC$3/6)NCN(CCCCCC$12/15)F/10=O(/4)*2	41	41	18	13	2	2	0	0	1	12	2	2	6,6	1	0	1	O
*NC^SCNC(CCCCCC$7)/5CC$3	41	29	13	11	0	2	0	0	0	6	2	1	5,6	0	0	1	N
*OC=^ZCCCCCCCC=^ZCCCCCCCCC	41	41	19	18	1	0	0	0	0	0	0	0	-	0	0	18	O
*OC=^ZCCCCCCCCCC=^ZCCCCCCC	41	41	19	18	1	0	0	0	0	0	0	0	-	0	0	18	O
*NC(CCCCCC$4/8)Cl(/6)Cl/3=O	40	40	11	7	1	1	0	0	2	6	1	1	6	1	0	1	N
*NCN/3=N	40	17	4	1	0	3	0	0	0	0	0	0	-	0	0	1	N
*NC^RCNC(CCCCCC$7)/5CC$3	40	27	13	11	0	2	0	0	0	6	2	1	5,6	0	0	1	N
*NS(CCCCCC$4/5)OC/3=O/3=O	40	40	12	7	3	1	1	0	0	6	1	1	6	0	0	1	N
*OCCCC=^ZCCC=^ZCCC=^ZCCC=^ZCCC=^ZCCCCCC/3=O	40	35	24	22	2	0	0	0	0	0	0	0	-	1	1	22	O
*OCCCCCCC=^ZCCC=^ZCCC=^ZCCC=^ZCCC=^ZCCC/3=O	40	35	24	22	2	0	0	0	0	0	0	0	-	1	1	22	O
*OCCCCCCCCCCCCC=^ZCCC=^ZCCCCCC/3=O	40	40	24	22	2	0	0	0	0	0	0	0	-	1	1	22	O
*1O(CCCCCC$3/6)NCN(CCCCCC$12/4)*2/10=O	39	39	17	13	2	2	0	0	0	12	2	2	6,6	1	0	1	O
*(CCCCCC$2/6)O(/5)O(/4)O	38	26	9	6	3	0	0	0	0	6	1	1	6	0	0	0	C
*OP^XOCC^RC^SCC^RC^R$5/10O/9O/8O/7O/6O/3O/3=O	38	38	16	6	9	0	0	1	0	0	1	0	6	0	0	0	O
*1O(CCCCCC$3/6)NSCC/10=O/10=O(/4)CN*2/16C/15=O	37	37	17	10	4	2	1	0	0	6	1	1	6	1	0	2	O
*OPO*/3O/3=O	37	27	5	0	4	0	0	1	0	0	0	0	-	0	0	0	O
*NCN(CCCCCC$5/7)OC/3=O	36	36	12	8	2	2	0	0	0	6	1	1	6	1	0	1	N
*O(CCCCCC$3/4)OC	36	36	9	7	2	0	0	0	0	6	1	1	6	0	0	1	O
*OC(CCCCCC$4)/3(CCCCCC$10)/3(CCCCCC$16/13)OC(/7)OC	36	32	24	21	3	0	0	0	0	18	3	3	6,6,6	0	0	1	O
*OCCC/4C	36	35	5	4	1	0	0	0	0	0	0	0	-	0	0	3	O
*SC(CCCCCC$4)	36	36	8	7	0	0	1	0	0	6	1	1	6	0	0	1	S
*NS(CCNCN$4/6)C/3=O/3=O	35	35	10	4	2	3	1	0	0	5	1	1	5	0	0	1	N
*SCC	35	34	3	2	0	0	1	0	0	0	0	0	-	0	0	2	S
*O(CCCCCC$3/6)N	34	32	8	6	1	1	0	0	0	6	1	1	6	0	0	0	O
*OCCCCC=^ZCCC=^ZCCC=^ZCCC=^ZCCC=^ZCCC/3=O	34	34	22	20	2	0	0	0	0	0	0	0	-	1	1	20	O
*PO/2O/2=O	33	16	4	0	3	0	0	1	0	0	0	0	-	0	0	0	P
*NC(CCCCCC$4/5)Cl	32	16	9	7	0	1	0	0	1	6	1	1	6	0	0	1	N
*NCCNCCCC$5	32	28	8	6	0	2	0	0	0	0	1	0	5	0	0	2	N
*NCCOC/3=O	32	32	6	3	2	1	0	0	0	0	0	0	-	1	0	2	N
*NCN(CCCCCC$5/7)F/3=O	32	32	11	7	1	2	0	0	1	6	1	1	6	1	0	1	N
*NCN(CCCCCC$5/8)F/3=O	32	32	11	7	1	2	0	0	1	6	1	1	6	1	0	1	N
*NS(CCCCCC$4/6)OC/3=O/3=O	32	32	12	7	3	1	1	0	0	6	1	1	6	0	0	1	N
*OPOPO/5O/5=O/3O/3=O	32	29	9	0	7	0	0	2	0	0	0	0	-	0	0	0	O
*1O(CCCCCC$3/6)NCNCCCCCC$12/10=O(/4)*2	31	31	17	13	2	2	0	0	0	6	2	1	6,6	1	0	1	O
*1O(CCCCCC$3/6)NSC/10=O/10=O(/4)CN*2/15C/14=O	31	31	16	9	4	2	1	0	0	6	1	1	6	1	0	1	O
*NCCCCC$3	31	29	6	5	0	1	0	0	0	0	1	0	5	0	0	0	N
*NCN(CCCCCC$5/8)Cl/3=O	31	31	11	7	1	2	0	0	1	6	1	1	6	1	0	1	N
*OCCCCCCC/3=O	31	31	9	7	2	0	0	0	0	0	0	0	-	1	1	7	O
*1OC^RO*2/3CO/6=O/3C	30	11	7	3	4	0	0	0	0	0	0	0	-	1	1	3	O
*NCCC^ROCCCCCCCCCCCC/7=O/5CCCCCCCCCCC/3=O	30	5	30	26	3	1	0	0	0	0	0	0	-	2	1	14	N
*NCCNC/5C/3=O	30	30	7	4	1	2	0	0	0	0	0	0	-	1	0	2	N
*NCNCCCCCC$5/3=O	30	30	10	7	1	2	0	0	0	0	1	0	6	1	0	1	N
*OCCCCCCCCCCCCC=^ZCCCCCCCCC/3=O	30	30	24	22	2	0	0	0	0	0	0	0	-	1	1	22	O
*OCCC^ROCCCCCCCCCCCCCC/7=O/5CCCCCCCCCCC/3=O	30	5	32	28	4	0	0	0	0	0	0	0	-	2	2	14	O
*OPOC/3O/3=O	30	1	6	1	4	0	0	1	0	0	0	0	-	0	0	1	O
*NCN(CCCCCC$5)/3=O	29	29	10	7	1	2	0	0	0	6	1	1	6	1	0	1	N
*NCN/3=O	28	28	4	1	1	2	0	0	0	0	0	0	-	1	0	1	N
*NS(CCCCCC$4/6)Cl/3=O/3=O	28	28	11	6	2	1	1	0	1	6	1	1	6	0	0	0	N
*O(CCCCCC$3/6)C	28	28	8	7	1	0	0	0	0	6	1	1	6	0	0	1	O
*NS(CCCCCC$4/5)Cl/3=O/3=O	27	27	11	6	2	1	1	0	1	6	1	1	6	0	0	0	N
*OCCCCCCCCCCCCCCCCC/3=O	27	27	19	17	2	0	0	0	0	0	0	0	-	1	1	17	O
*OP^XOPO/5O/5=O/3O/3=O	27	21	9	0	7	0	0	2	0	0	0	0	-	0	0	0	O
*OPOPOPO/7O/7=O/5O/5=O/3O/3=O	26	23	13	0	10	0	0	3	0	0	0	0	-	0	0	0	O
*(CCCCCC$2/5)OC(/4)OC	25	24	10	8	2	0	0	0	0	6	1	1	6	0	0	1	C
*C=C	25	22	2	2	0	0	0	0	0	0	0	0	-	0	0	2	C
*OCC=^EC(CCCCCC$6)/3=O	25	13	11	9	2	0	0	0	0	6	1	1	6	1	1	3	O
*OCCCCCCCCCCCCCCC=^ZCCCCCCCCC/3=O	25	25	26	24	2	0	0	0	0	0	0	0	-	1	1	24	O
*OCCCCCCCCCCCCCCCCCC	25	25	19	18	1	0	0	0	0	0	0	0	-	0	0	18	O
*(CCCCCC$2/5)OC	24	22	8	7	1	0	0	0	0	6	1	1	6	0	0	1	C
*1O(CCCCCC$3/6)NC(CCCCCC$11/14)F(/13)F/10=O(/4)CN*2/21C/20=O	24	24	22	15	3	2	0	0	2	12	2	2	6,6	2	0	1	O
*COC/2=O	24	23	4	2	2	0	0	0	0	0	0	0	-	1	1	1	C
*NC(CCCCCC$4/6)OC	24	24	10	8	1	1	0	0	0	6	1	1	6	0	0	1	N
*NCCCC	24	24	5	4	0	1	0	0	0	0	0	0	-	0	0	4	N
*NS(CCCCCC$4/6)C/3=O/3=O	24	24	11	7	2	1	1	0	0	6	1	1	6	0	0	1	N
*NSC/3=O/3=O	24	22	5	1	2	1	1	0	0	0	0	0	-	0	0	1	N
*OPO/3O/3O	24	12	5	0	4	0	0	1	0	0	0	0	-	0	0	0	O
*CO/2=O	23	21	3	1	2	0	0	0	0	0	0	0	-	1	1	1	C
*NCC/3=S	23	19	4	2	0	1	1	0	0	0	0	0	-	0	0	2	N
*NCNCCCCC$5/3=O	23	23	9	6	1	2	0	0	0	0	1	0	5	1	0	1	N
*OCCCCCCCCCCCCCCCCCCCCCCCC/3=O	23	23	26	24	2	0	0	0	0	0	0	0	-	1	1	24	O
*OC^RCN/4=O/3C	23	6	6	3	2	1	0	0	0	0	0	0	-	1	0	3	O
*=C	22	22	1	1	0	0	0	0	0	0	0	0	-	0	0	1	C
*CC=O	22	10	3	2	1	0	0	0	0	0	0	0	-	1	0	2	C
*1O(CCCCCC$3/4)*2	20	20	7	6	1	0	0	0	0	6	1	1	6	0	0	0	O
*NCC(CCCNCC$5)/3=O	20	20	10	7	1	2	0	0	0	6	1	1	6	1	0	2	N
*NCCC/4C	20	20	5	4	0	1	0	0	0	0	0	0	-	0	0	3	N
*NC^SC^SC^SC^RCCO/7=^ZC$3/6O/5O/4O	20	2	12	7	4	1	0	0	0	0	1	0	6	0	0	1	N
*OCCCCCCCCCCCC	20	12	13	12	1	0	0	0	0	0	0	0	-	0	0	12	O
*OCCCCCCCCCCCCCCC/3=O	20	20	17	15	2	0	0	0	0	0	0	0	-	1	1	15	O
*OCCC^RCCCC^RCCCC^RCCCCC/17C/13C/9C/5C	20	10	21	20	1	0	0	0	0	0	0	0	-	0	0	16	O
*OCC^SCC/4C/3=O	20	8	7	5	2	0	0	0	0	0	0	0	-	1	1	4	O
*OC/2C	19	8	3	2	1	0	0	0	0	0	0	0	-	0	0	1	O
*S(CCCCCC$3/6)C/2=O/2=O	19	19	10	7	2	0	1	0	0	6	1	1	6	0	0	1	S
*(CCCCCC$2/5)OCO($4)	18	18	9	7	2	0	0	0	0	6	2	1	5,6	0	0	0	C
*1O(CCCCCC$3/6)C=^ZCCO($5/4)*2/11=O	18	18	12	9	3	0	0	0	0	6	2	1	6,6	1	1	0	O
*1(CCCCCCCC$4/3CCCC$2/12)OC(/11)OC(/10)OC(/9)OC(/8)OCO($7/5)*2	17	17	23	17	6	0	0	0	0	12	3	2	5,6,6	0	0	1	C
*1NC=^ECN*2/4CNC=^ZN$3/9N/7=O	17	16	10	4	1	5	0	0	0	0	1	0	6	1	0	0	N
*1O(CCCCCC$3/6)NS(CCCCCC$11/14)Cl/10=O/10=O(/4)CN*2/21C/20=O	17	17	22	14	4	2	1	0	1	12	2	2	6,6	1	0	1	O
*1OCC^SN*2/5CCCC$4/3=O	17	17	9	6	2	1	0	0	0	0	1	0	6	1	1	1	O
*NS(CCCCCC$4/5)C/3=O/3=O	17	17	11	7	2	1	1	0	0	6	1	1	6	0	0	1	N
*OP	17	15	2	0	1	0	0	1	0	0	0	0	-	0	0	0	O
*1O(CCCCCC$3/6)NC(CCCCCC$11/13)OC/10=O(/4)CN*2/21C/20=O	16	16	22	16	4	2	0	0	0	12	2	2	6,6	2	0	1	O
*1O(CCCCCC$3/6)NC(CCCCS$11/4)CN*2/17C/16=O/10=O	16	16	19	13	3	2	1	0	0	11	2	2	5,6	2	0	1	O
*1O(CCCCCC$3/6)NS(CCCCCC$11/12)F/10=O/10=O(/4)CN*2/21C/20=O	16	16	22	14	4	2	1	0	1	12	2	2	6,6	1	0	1	O
*1O(CCCCCC$3/6)NS(CCCCCC$11/13)F/10=O/10=O(/4)CN*2/21C/20=O	16	16	22	14	4	2	1	0	1	12	2	2	6,6	1	0	1	O
*CC/2=O	16	4	3	2	1	0	0	0	0	0	0	0	-	1	0	2	C
*NCC(CCCCCC$5)/3=O	16	16	10	8	1	1	0	0	0	6	1	1	6	1	0	2	N
*OCCCCCCCCC=^ZCCCCCCCCC	16	16	19	18	1	0	0	0	0	0	0	0	-	0	0	18	O
*OCCOC	16	16	5	3	2	0	0	0	0	0	0	0	-	0	0	2	O
*(CCCCCC$2/5)O(/3)O	15	15	8	6	2	0	0	0	0	6	1	1	6	0	0	0	C
*1O(CCCCCC$3/7)OC(/4)*2	15	14	9	7	2	0	0	0	0	6	1	1	6	0	0	1	O
*N*/2C	15	15	2	1	0	1	0	0	0	0	0	0	-	0	0	1	N
*OCC=^ECCCC=^ECCCC=^ECCCC=CC/17C/13C/9C/5C	15	15	21	20	1	0	0	0	0	0	0	0	-	0	0	16	O
*OCCCl/4Cl/4Cl/3=N	15	15	7	2	1	1	0	0	3	0	0	0	-	0	0	2	O
*OCC^RC/4O/3=O	15	11	6	3	3	0	0	0	0	0	0	0	-	1	1	3	O
*OC^RC=O/3C	15	5	5	3	2	0	0	0	0	0	0	0	-	1	0	3	O
*OP^XOP^XOPO/7O/7=O/5O/5=O/3O/3=O	15	12	13	0	10	0	0	3	0	0	0	0	-	0	0	0	O
*1O(CCCCCC$3/6)NC(CCCCCC$11/12)F/10=O(/4)CN*2/20C/19=O	14	14	21	15	3	2	0	0	1	12	2	2	6,6	2	0	1	O
*1O(CCCCCC$3/6)NCNCC/10=O(/4)CN*2/16C/15=O	14	14	17	11	3	3	0	0	0	6	1	1	6	2	0	2	O
*1O(CCCCCC$3/6)NS(CCCCCC$11/14)OC/10=O/10=O(/4)*2	14	14	19	13	4	1	1	0	0	12	2	2	6,6	0	0	1	O
*NC(CCCCO$4)/3=O	14	13	8	5	2	1	0	0	0	5	1	1	5	1	0	1	N
*O(CCCCCC$3/4)O*	14	14	8	6	2	0	0	0	0	6	1	1	6	0	0	0	O
*OC(CCCCNC$4)/3=O	14	14	9	6	2	1	0	0	0	6	1	1	6	1	1	1	O
*OCC=^ZCC/4C/3=O	14	14	7	5	2	0	0	0	0	0	0	0	-	1	1	4	O
*OCO*/3C/3C	14	14	5	3	2	0	0	0	0	0	0	0	-	0	0	3	O
*1(CCCCCCCCC$5/10C$2/8CCCC$7/15)O(/9)=O(/6)=O(/4)O(/3)*2	13	7	18	14	4	0	0	0	0	14	3	3	6,6,6	2	0	0	C
*1O(CCCCCC$3/6)NS(CCCCCC$11/14)C/10=O/10=O(/4)CN*2/21C/20=O	13	13	22	15	4	2	1	0	0	12	2	2	6,6	1	0	1	O
*NCCC/4C/4C/3=O	13	12	7	5	1	1	0	0	0	0	0	0	-	1	0	3	N
*NCCN	13	13	4	2	0	2	0	0	0	0	0	0	-	0	0	2	N
*OC(CCCCCCCC$6/5CCCC$4/14)O(/13)O(/12)O(/11)O(/10)O(/9)O(/7)CO*/22=O/3=O	13	13	24	14	10	0	0	0	0	12	2	2	6,6	2	2	1	O
*OCCCCCCCCCC=^ZCCC=^ZCCC=^ZCCCCCC/3=O	13	13	24	22	2	0	0	0	0	0	0	0	-	1	1	22	O
*OCCO/3=O	13	6	5	2	3	0	0	0	0	0	0	0	-	1	1	2	O
*OCC^SC/4O/3=O	13	8	6	3	3	0	0	0	0	0	0	0	-	1	1	3	O
*1O(CCCCCC$3/6)NC(CCSCN$11/4)CN*2/17C/16=O/10=O	12	12	19	12	3	3	1	0	0	11	2	2	5,6	2	0	1	O
*1O(CCCCCC$3/7)OCO($6/4)*2	12	11	10	7	3	0	0	0	0	6	2	1	5,6	0	0	0	O
*1O(CCCCCC$3/8)CC=CC/11C(/7)O(/5)O(/4)*2	12	12	14	11	3	0	0	0	0	6	1	1	6	0	0	4	O
*O(CCCCCC$3/4)N	12	11	8	6	1	1	0	0	0	6	1	1	6	0	0	0	O
*O(CCCCCC$3/6)O	12	12	8	6	2	0	0	0	0	6	1	1	6	0	0	0	O
*OCCCO/5=O/3=O	12	7	7	3	4	0	0	0	0	0	0	0	-	2	2	3	O
*(CCCCCC$2/3)*	11	11	6	6	0	0	0	0	0	6	1	1	6	0	0	0	C
*1(CCCCCCCC$4/5CC$2/3)*2	11	11	10	10	0	0	0	0	0	10	2	2	6,6	0	0	0	C
*1O(CCCCCC$3/7)OC(/6)OC(/4)*2	11	11	11	8	3	0	0	0	0	6	1	1	6	0	0	1	O
*1O(CCCCCC$3/7)OCC=^ZC($6/4)*2/10=O	11	8	12	9	3	0	0	0	0	6	2	1	6,6	1	1	0	O
*C(CCCCCC$3/6)O(/5)OC	11	11	10	8	2	0	0	0	0	6	1	1	6	0	0	1	C
*C(CCCCCC$3/6)OCO($5)	11	10	10	8	2	0	0	0	0	6	2	1	5,6	0	0	1	C
*C^SC^RC^SCC^RC^RC^RCC^RC^SC$7/11O/10O/8CC$5/15=O/7C/6CC$3/4CC$2/4O/3C	11	11	23	19	4	0	0	0	0	0	4	0	5,6,6,6	1	0	1	C
*N(CCCCCC$3/6)C	11	11	8	7	0	1	0	0	0	6	1	1	6	0	0	1	N
*NC^XCC/3C	11	11	5	4	0	1	0	0	0	0	0	0	-	0	0	4	N
*O(CCCCCC$3/6)C=^ZCCO($5)/11=O/9C	11	8	13	10	3	0	0	0	0	6	2	1	6,6	1	1	1	O
*SC/2=O/2=O	11	11	4	1	2	0	1	0	0	0	0	0	-	0	0	1	S
*(CCCCCC$2/5)OC(/4)O	10	7	9	7	2	0	0	0	0	6	1	1	6	0	0	1	C
*(CCCCCC$2/6)O(/5)OC(/4)O	10	8	10	7	3	0	0	0	0	6	1	1	6	0	0	1	C
*1(NCCNCCCCCCCC$2/13CCCC$12/11$3/8$4/7CCCC$6/10)CNC($9/5)*2/24=O	10	10	24	20	1	3	0	0	0	20	6	5	5,5,5,5,6,6	1	0	0	N
*1O(CCCCCC$3/6)NCNCC/12C/10=O(/4)CN*2/17C/16=O	10	10	18	12	3	3	0	0	0	6	1	1	6	2	0	3	O
*1O(CCCCCC$3/8)CC=CC/11C(/7)O(/4)*2	10	10	13	11	2	0	0	0	0	6	1	1	6	0	0	4	O
*N(CCCCCC$3/5)OC	10	10	9	7	1	1	0	0	0	6	1	1	6	0	0	1	N
*N(CCCCCCCO$5/6CC$3/9)=O(/7)C	10	10	13	10	2	1	0	0	0	10	2	2	6,6	1	1	1	N
*NCCN/3=O	10	3	5	2	1	2	0	0	0	0	0	0	-	1	0	2	N
*O(CCCCCC$3/5)Br	10	10	8	6	1	0	0	0	1	6	1	1	6	0	0	0	O
*OCC(CCCCCC$5)	10	10	9	8	1	0	0	0	0	6	1	1	6	0	0	2	O
*OCC=^ECC/4C/3=O	10	10	7	5	2	0	0	0	0	0	0	0	-	1	1	4	O
*OCCCCCCCCC=^ECCCCCCCCC/3=O	10	10	20	18	2	0	0	0	0	0	0	0	-	1	1	18	O
*(CCCCCC$2/6)OC(/5)OC(/4)OC	9	8	12	9	3	0	0	0	0	6	1	1	6	0	0	1	C
*(CCCCCCC$3/4SC$2)	9	9	9	8	0	0	1	0	0	9	2	2	5,6	0	0	0	C
*1NC=^ECN=*2/4CNC=^ZN$3/9N/7=O	9	9	10	4	1	5	0	0	0	0	1	0	6	1	0	0	N
*1O(CCCCCC$3/6)NC(CCCCCC$11/15)F(/13)F/10=O(/4)CN*2/21C/20=O	9	9	22	15	3	2	0	0	2	12	2	2	6,6	2	0	1	O
*1O(CCCCCC$3/6)NC(CCNCCN$11/4)CN*2/18C/17=O/10=O	9	9	20	13	3	4	0	0	0	12	2	2	6,6	2	0	1	O
*1O(CCCCCC$3/6)NCCC/11C/10=O(/4)CN*2/16C/15=O	9	9	17	12	3	2	0	0	0	6	1	1	6	2	0	3	O
*1O(CCCCCC$3/6)NCCOC/10=O(/4)CN*2/16C/15=O	9	9	17	11	4	2	0	0	0	6	1	1	6	2	0	2	O
*1O(CCCCCC$3/6)NCN(CCCCCC$12/13)F/10=O(/4)CN*2/21C/20=O	9	9	22	15	3	3	0	0	1	12	2	2	6,6	2	0	1	O
*1O(CCCCCC$3/6)NCNC(CCCCCC$13/4)CN*2/20C/19=O/10=O	9	9	22	16	3	3	0	0	0	12	2	2	6,6	2	0	1	O
*=N	9	9	1	0	0	1	0	0	0	0	0	0	-	0	0	0	N
*N*/2*	9	9	1	0	0	1	0	0	0	0	0	0	-	0	0	0	N
*NCCCCO/6=O/3=O	9	4	8	4	3	1	0	0	0	0	0	0	-	2	1	4	N
*O(CCCCCCCCO$7/8$3/5)OCC=^ZC($4)/13=O	9	6	15	11	4	0	0	0	0	9	3	2	5,6,6	1	1	0	O
*OSO	9	7	3	0	2	0	1	0	0	0	0	0	-	0	0	0	O
*(CCCCCC$2/6)OC(/5)O(/4)OC	8	8	11	8	3	0	0	0	0	6	1	1	6	0	0	1	C
*(CCCCN$2/5CCCC$4/3CCCCCC$11/14)F(/6)CC/18C	8	8	19	17	0	1	0	0	1	15	3	3	5,6,6	0	0	3	C
*1O(CCCCCC$3/6)NC(CCCCCC$11/12)Cl/10=O(/4)CN*2/20C/19=O	8	8	21	15	3	2	0	0	1	12	2	2	6,6	2	0	1	O
*1O(CCCCCC$3/6)NC(CCCCCC$11/12)OC/10=O(/4)CN*2/21C/20=O	8	8	22	16	4	2	0	0	0	12	2	2	6,6	2	0	1	O
*1O(CCCCCC$3/6)NC(CCCCCC$11/14)Cl/10=O(/4)CN*2/20C/19=O	8	8	21	15	3	2	0	0	1	12	2	2	6,6	2	0	1	O
*1O(CCCCCC$3/6)NC(CCCCCC$11/14)F/10=O(/4)CN*2/20C/19=O	8	8	21	15	3	2	0	0	1	12	2	2	6,6	2	0	1	O
*1O(CCCCCC$3/6)NC(CCCCCC$11/14)OCO($13/4)CN*2/21C/20=O/10=O	8	8	23	16	5	2	0	0	0	12	3	2	5,6,6	2	0	1	O
*1O(CCCCCC$3/6)NCC(CCCCCC$12/4)CN*2/19C/18=O/10=O	8	8	21	16	3	2	0	0	0	12	2	2	6,6	2	0	2	O
*1O(CCCCCC$3/6)NCC/10=O(/4)CN*2/14C/13=O	8	8	15	10	3	2	0	0	0	6	1	1	6	2	0	2	O
*1O(CCCCCC$3/6)NCCCC/10=O(/4)CN*2/16C/15=O	8	8	17	12	3	2	0	0	0	6	1	1	6	2	0	4	O
*1O(CCCCCC$3/6)NCCCCCCC$11/10=O(/4)CN*2/19C/18=O	8	8	20	15	3	2	0	0	0	6	2	1	6,6	2	0	1	O
*1O(CCCCCC$3/6)NCN(CCCCCC$12/13)Cl/10=O(/4)CN*2/21C/20=O	8	8	22	15	3	3	0	0	1	12	2	2	6,6	2	0	1	O
*1O(CCCCCC$3/6)NCN(CCCCCC$12/14)C/10=O(/4)CN*2/21C/20=O	8	8	22	16	3	3	0	0	0	12	2	2	6,6	2	0	1	O
*1O(CCCCCC$3/6)NCN(CCCCCC$12/14)OC/10=O(/4)CN*2/22C/21=O	8	8	23	16	4	3	0	0	0	12	2	2	6,6	2	0	1	O
*1O(CCCCCC$3/6)NCN(CCCCCC$12/15)Cl/10=O(/4)CN*2/21C/20=O	8	8	22	15	3	3	0	0	1	12	2	2	6,6	2	0	1	O
*1O(CCCCCC$3/6)NCN(CCCCCC$12/16)C(/14)C/10=O(/4)CN*2/22C/21=O	8	8	23	17	3	3	0	0	0	12	2	2	6,6	2	0	1	O
*1O(CCCCCC$3/6)NCN(CCCCCC$12/4)CN*2/19C/18=O/10=O	8	8	21	15	3	3	0	0	0	12	2	2	6,6	2	0	1	O
*1O(CCCCCC$3/6)NS(CCCCCC$11/12)Cl/10=O/10=O(/4)CN*2/21C/20=O	8	8	22	14	4	2	1	0	1	12	2	2	6,6	1	0	1	O
*1O(CCCCCC$3/6)NS(CCCCCC$11/14)F/10=O/10=O(/4)CN*2/21C/20=O	8	8	22	14	4	2	1	0	1	12	2	2	6,6	1	0	1	O
*1OC(CCCCCC$4/9)O(/7)OC(/5)*2/3=O	8	8	12	8	4	0	0	0	0	6	1	1	6	1	1	1	O
*C=O	8	5	2	1	1	0	0	0	0	0	0	0	-	1	0	1	C
*CCC=CC/5C	8	6	6	6	0	0	0	0	0	0	0	0	-	0	0	5	C
*NC=^EOC/3C	8	2	5	3	1	1	0	0	0	0	0	0	-	1	0	2	N
*NCN(CCCCCC$5/8)Cl(/7)Cl/3=O	8	8	12	7	1	2	0	0	2	6	1	1	6	1	0	1	N
*NS(CCCCCC$4/7)O(CCCCCC$11)/3=O/3=O	8	8	17	12	3	1	1	0	0	12	2	2	6,6	0	0	0	N
*O(CCCCCC$3/4)C	8	8	8	7	1	0	0	0	0	6	1	1	6	0	0	1	O
*OC(CCCCCC$4/8)O(/7)O(/6)OC(CCCCCC$14/18)O(/17)O(/16)O/13=O/3=O	8	8	23	14	9	0	0	0	0	12	2	2	6,6	2	2	1	O
*OCC=CC/5C/3=O	8	8	7	5	2	0	0	0	0	0	0	0	-	1	1	4	O
*OCC=^EC(CCCCCC$6/10)OC(/9)O(/8)OC/3=O	8	8	16	11	5	0	0	0	0	6	1	1	6	1	1	3	O
*OCCCCCCCCC	8	7	10	9	1	0	0	0	0	0	0	0	-	0	0	9	O
*OCCCCCCCCCCCCCCCCCCCC	8	8	21	20	1	0	0	0	0	0	0	0	-	0	0	20	O
*OP^ROPO/5O/5=O/3O/3=O	8	4	9	0	7	0	0	2	0	0	0	0	-	0	0	0	O
*OP^XOCCNCCCCCCCCCCCCCCCC/8=O/3=O/3O	8	8	25	18	5	1	0	1	0	0	0	0	-	1	0	16	O
*(CCCCCC$2/3)O	7	7	7	6	1	0	0	0	0	6	1	1	6	0	0	0	C
*(CCCCS$2)	7	7	5	4	0	0	1	0	0	5	1	1	5	0	0	0	C
*1O(CCCCCC$3/6)N(/4)*2	7	7	8	6	1	1	0	0	0	6	1	1	6	0	0	0	O
*1O(CCCCCC$3/6)NC(CCCCCC$11/13)CF/17F/17F/10=O(/4)CN*2/23C/22=O	7	7	24	16	3	2	0	0	3	12	2	2	6,6	2	0	1	O
*1O(CCCCCC$3/6)NC(CCCCCC$11/13)Cl/10=O(/4)CN*2/20C/19=O	7	7	21	15	3	2	0	0	1	12	2	2	6,6	2	0	1	O
*1O(CCCCCC$3/6)NC(CCCCCC$11/13)F/10=O(/4)CN*2/20C/19=O	7	7	21	15	3	2	0	0	1	12	2	2	6,6	2	0	1	O
*1O(CCCCCC$3/6)NC(CCCCCC$11/14)CF/17F/17F/10=O(/4)CN*2/23C/22=O	7	7	24	16	3	2	0	0	3	12	2	2	6,6	2	0	1	O
*1O(CCCCCC$3/6)NS(CCCCCC$11/12)C/10=O/10=O(/4)CN*2/21C/20=O	7	7	22	15	4	2	1	0	0	12	2	2	6,6	1	0	1	O
*1O(CCCCCC$3/7)OC(/6)C=^ZCCO($5/4)*2/13=O/12CCC$11/17=O	7	7	18	13	5	0	0	0	0	6	3	1	5,6,6	2	1	1	O
*1O(CCCCCC$3/8)OC(/6)C=^ECCO/13=O(/4)*2	7	7	14	10	4	0	0	0	0	6	1	1	6	1	1	3	O
*=CC	7	7	2	2	0	0	0	0	0	0	0	0	-	0	0	2	C
*=CC^RCC^RC^RCC$3/6O/5OC	7	7	10	8	2	0	0	0	0	0	1	0	6	0	0	1	C
*CO*/2=O	7	6	3	1	2	0	0	0	0	0	0	0	-	1	1	1	C
*NCC(CCNCN$5/7)C	7	4	9	6	0	3	0	0	0	5	1	1	5	0	0	2	N
*NCC=^EN(CCCCCC$6/11)$2(/9)C(/8)C/4CNCN$3/16=O/14=O	7	6	18	12	2	4	0	0	0	6	3	1	6,6,6	2	0	1	N
*NCCCC/5C/5O/3=O	7	4	8	5	2	1	0	0	0	0	0	0	-	1	0	4	N
*NCCCCCCCCCCCCCCC/5=O/3=O	7	4	18	15	2	1	0	0	0	0	0	0	-	2	0	15	N
*NCN(CCCCCC$5/7)Cl/3=O	7	7	11	7	1	2	0	0	1	6	1	1	6	1	0	1	N
*O(CCCCCC$3/5)C	7	7	8	7	1	0	0	0	0	6	1	1	6	0	0	1	O
*OCCCCCCCCCCCCCC	7	7	15	14	1	0	0	0	0	0	0	0	-	0	0	14	O
*OP^XOC^RCC^SC^RCC^R$5/10O/9O/8O/7OPO/15O/15=O/6O/3O/3=O	7	7	20	6	12	0	0	2	0	0	1	0	6	0	0	0	O
*OP^XOC^SCO/6=O/5CCCO/11=O/3O/3=O	7	1	14	5	8	0	0	1	0	0	0	0	-	2	2	5	O
*(CCCCCC$2/4)O(/3)OC	6	2	9	7	2	0	0	0	0	6	1	1	6	0	0	1	C
*(CCCCCC$2/5)C(/3)O	6	6	8	7	1	0	0	0	0	6	1	1	6	0	0	1	C
*1C=CC=^ECC^SC^RC=^ZCC^RC^ROC$5/11$6/10O/9C/7CO*2/16=O/6O	6	2	18	13	5	0	0	0	0	0	2	0	5,5	1	1	5	C
*1C=CC=^ECC^SC^RC=^ZCC^RC^ROC$5/11$6/10OC/9C/7CO*2/17=O/6O	6	2	19	14	5	0	0	0	0	0	2	0	5,5	1	1	5	C
*1O(CCCCCC$3/7)O(/6)CC=CC/12C(/5)O(/4)*2	6	6	14	11	3	0	0	0	0	6	1	1	6	0	0	4	O
*1O(CCCCCC$3/8)C(/7)O(/6)C(/5)O(/4)*2	6	6	11	8	3	0	0	0	0	6	1	1	6	0	0	1	O
*1O(CCCCCCCCCCC$8/9CC$6/15C$3/14)=O(/13)O(/11)O(/7)=O(/5)O(/4)*2	6	6	20	14	6	0	0	0	0	14	3	3	6,6,6	2	0	0	O
*1SC=^ZN*2/3C	6	1	4	2	0	1	1	0	0	0	0	0	-	0	0	2	S
*C(CCCCCC$3/6)OC(/5)OC	6	6	11	9	2	0	0	0	0	6	1	1	6	0	0	1	C
*COPO/4O/4=O	6	6	6	1	4	0	0	1	0	0	0	0	-	0	0	1	C
*N(CCCCCC$3/6)OC	6	6	9	7	1	1	0	0	0	6	1	1	6	0	0	1	N
*NCCNC(CCCCCC$7/10)OCO($9)/5CC$2	6	6	16	12	2	2	0	0	0	6	3	1	5,6,6	0	0	1	N
*NCC^SNCC^RCCC/7C$4/5C/3=O	6	6	12	9	1	2	0	0	0	0	1	0	5	1	0	3	N
*NCN(CCCCCC$5/9)Cl(/7)Cl/3=O	6	6	12	7	1	2	0	0	2	6	1	1	6	1	0	1	N
*O(CCCCCC$3/6)CCCOCC=^EC(CCCCCC$16/19)O(/18)OC/13=O(/4)OC	6	6	26	20	6	0	0	0	0	12	2	2	6,6	1	1	3	O
*O(CCCCCC$3/6)Cl	6	6	8	6	1	0	0	0	1	6	1	1	6	0	0	0	O
*O(CCCCCC$3/8)OC(/6)CO(CCCCCC$13/17)O(/15)O(/14)CC$11/21=O(/4)OC	6	4	24	17	7	0	0	0	0	12	3	2	6,6,6	1	0	1	O
*OC*/3=O	6	6	3	1	2	0	0	0	0	0	0	0	-	1	1	1	O
*OCCCCCC	6	6	7	6	1	0	0	0	0	0	0	0	-	0	0	6	O
*OCCCCCCCCC=^ZCCC=^ZCCCCCC	6	6	19	18	1	0	0	0	0	0	0	0	-	0	0	18	O
*OCCCCCCCCC=^ZCCCCCCC	6	6	17	16	1	0	0	0	0	0	0	0	-	0	0	16	O
*OCCCCCCCCC^XC^XCC=^ZC$11/13=O/12CC=^ZCCC/3=O	6	3	21	18	3	0	0	0	0	0	1	0	5	2	1	8	O
*OCN(CCCCCCCC$7/6CCCC$5)/3=O	6	6	16	13	2	1	0	0	0	12	2	2	6,6	1	1	1	O
*OCO*/3C	6	4	4	2	2	0	0	0	0	0	0	0	-	0	0	2	O
*OSN/3=O/3=O	6	6	5	0	3	1	1	0	0	0	0	0	-	0	0	0	O
*S*	6	6	1	0	0	0	1	0	0	0	0	0	-	0	0	0	S
*(CCCCCC$2/5)Br	5	5	7	6	0	0	0	0	1	6	1	1	6	0	0	0	C
*(CCCCCC$2/5)O(/3)OC	5	5	9	7	2	0	0	0	0	6	1	1	6	0	0	1	C
*(CCCCCC$2/5)OC(/3)O	5	5	9	7	2	0	0	0	0	6	1	1	6	0	0	1	C
*(CCCCCC$2/6)O(/4)O	5	5	8	6	2	0	0	0	0	6	1	1	6	0	0	0	C
*(CCCCCCCCCCC$7/8C$4/5CC$2/15)O(/13)=O(/11)O(/9)O(/6)=O(/3)O	5	5	20	14	6	0	0	0	0	14	3	3	6,6,6	2	0	0	C
*(CNCCNC$2/5)N=^ZCNC($4)/11=O/9N	5	5	12	6	1	5	0	0	0	6	2	1	6,6	1	0	0	C
*1(CCCCCCCCCC$2/10$5/8CCCC$7/15)O(/11)O(/9)=O(/6)=O(/4)O(/3)*2	5	2	19	14	5	0	0	0	0	14	3	3	6,6,6	2	0	0	C
*1COC^R*2/4(CCCCCC$6/9)O(/8)OC	5	5	12	9	3	0	0	0	0	6	1	1	6	0	0	1	C
*1NC=^ECN=*2/4CN=^ZCN$3/9N/7=O	5	5	10	4	1	5	0	0	0	0	1	0	6	1	0	0	N
*1O(CCCCCC$3/6)F(/4)*2	5	5	8	6	1	0	0	0	1	6	1	1	6	0	0	0	O
*1O(CCCCCC$3/6)NCN(CCCCCC$12/15)C/10=O(/4)CN*2/21C/20=O	5	5	22	16	3	3	0	0	0	12	2	2	6,6	2	0	1	O
*1O(CCCCCC$3/7)C(/4)*2	5	5	8	7	1	0	0	0	0	6	1	1	6	0	0	1	O
*1O(CCCCCC$3/8)OC(/6)C=^ECCO(/4)*2	5	5	13	10	3	0	0	0	0	6	1	1	6	0	0	3	O
*1OC(CCCCCC$4/8)O(/7)OC(/6)O(/5)*2/3=O	5	5	13	8	5	0	0	0	0	6	1	1	6	1	1	1	O
*CC=C	5	5	3	3	0	0	0	0	0	0	0	0	-	0	0	3	C
*CCC=^ECCCC=^ECCCC=CC/13C/9C/5C	5	5	16	16	0	0	0	0	0	0	0	0	-	0	0	13	C
*CCCC	5	5	4	4	0	0	0	0	0	0	0	0	-	0	0	4	C
*CCOCC(CCCCCC$7/10)O(/9)O/3=O	5	5	14	10	4	0	0	0	0	6	1	1	6	1	1	2	C
*CN*/2=O	5	5	3	1	1	1	0	0	0	0	0	0	-	1	0	1	C
*C^SC^RC^SC=^ECC=^ZCCCCC^SC$8/12O/9=C/5CCC$3/4CC$2/3C	5	5	20	19	1	0	0	0	0	0	3	0	5,6,6	0	0	2	C
*C^SC^SC^SC^RC^RC^RC^RC^SC^SCCCC$9/11C/11C/10CC$7/9C/8CC$5/7C/6CC$3/6C/4CC$2/4C	5	4	27	27	0	0	0	0	0	0	5	0	5,6,6,6,6	0	0	1	C
*N(CCCCCC$3/6)Cl	5	5	8	6	0	1	0	0	1	6	1	1	6	0	0	0	N
*NCCC^RC/5O/3=O	5	3	7	4	2	1	0	0	0	0	0	0	-	1	0	4	N
*NCCO	5	3	4	2	1	1	0	0	0	0	0	0	-	0	0	2	N
*NCN/3=S	5	5	4	1	0	2	1	0	0	0	0	0	-	0	0	1	N
*O(CCCCCC$3/4)O	5	5	8	6	2	0	0	0	0	6	1	1	6	0	0	0	O
*O(CCCCCC$3/5)O	5	5	8	6	2	0	0	0	0	6	1	1	6	0	0	0	O
*OCCCC/5=O/3=O	5	2	7	4	3	0	0	0	0	0	0	0	-	2	1	4	O
*OCCCCCC=^ZCCCCCCCCCCCC/3=O	5	5	20	18	2	0	0	0	0	0	0	0	-	1	1	18	O
*OCCCCCCC=^ZCCC=^ZCCCCCC/3=O	5	4	18	16	2	0	0	0	0	0	0	0	-	1	1	16	O
*OCCCCCCCCN(CCCNC$12/16)=O(/14)=^ECSS($13)/10=O	5	5	20	13	3	2	2	0	0	5	2	1	5,5	2	0	8	O
*OCCC^XCCCCCCCCCCC/5O/3=O	5	5	17	14	3	0	0	0	0	0	0	0	-	1	1	14	O
*OCN(CCCCCC$5)/3=O	5	5	10	7	2	1	0	0	0	6	1	1	6	1	1	1	O
*OP^XOCCCCCN/3O/3=O	5	2	11	5	4	1	0	1	0	0	0	0	-	0	0	5	O
*OP^XOCCNCCCCCCCCC=^ZCCCCCCCCC/8=O/3=O/3O	5	5	27	20	5	1	0	1	0	0	0	0	-	1	0	18	O
*OP^XOC^SCC^RC^SCC^R$5/10O/9O/8O/7OPO/15O/15=O/6O/3O/3=O	5	5	20	6	12	0	0	2	0	0	1	0	6	0	0	0	O
*OS	5	5	2	0	1	0	1	0	0	0	0	0	-	0	0	0	O
*S(CCCCCC$3)/2=O/2=O	5	5	9	6	2	0	1	0	0	6	1	1	6	0	0	0	S
*SCN*/3=O	5	5	4	1	1	1	1	0	0	0	0	0	-	1	0	1	S
*SS*	5	5	2	0	0	0	2	0	0	0	0	0	-	0	0	0	S
*(CCCCCC$2/5)Cl	4	4	7	6	0	0	0	0	1	6	1	1	6	0	0	0	C
*(CCCCCC$2/7)OC(/5)OCC=^ZC($4/3)OC/11C/11C	4	4	16	13	3	0	0	0	0	6	2	1	6,6	0	0	1	C
*(CCCCCCC$3/4NC$2/6)Br	4	4	10	8	0	1	0	0	1	9	2	2	5,6	0	0	0	C
*(CCCCO$2/5)C	4	4	6	5	1	0	0	0	0	5	1	1	5	0	0	1	C
*(NCCCCC$2/7CCCC$6/4CNCN$3/14)=O(/12)=O(/9)O	4	4	17	11	3	3	0	0	0	14	3	3	6,6,6	2	0	0	N
*(NCCNCCCCCC$2/11$6/4CNCN$3/14)=O(/12)=O(/9)C(/8)C	4	3	18	12	2	4	0	0	0	14	3	3	6,6,6	2	0	1	N
*1O(CCCCCC$3/7)C=^ZCCO($6/4)O*2/11=O	4	4	13	9	4	0	0	0	0	6	2	1	6,6	1	1	0	O
*1O(CCCCCC$3/7)O(/6)OC(/5)O(/4)*2	4	4	11	7	4	0	0	0	0	6	1	1	6	0	0	1	O
*1O(CCCCCC$3/7)OC(/5)O(/4)*2	4	4	10	7	3	0	0	0	0	6	1	1	6	0	0	1	O
*1O(CCCCCC$3/8)C=^ZCCO($7/4)*2/11C/11C	4	4	13	11	2	0	0	0	0	6	2	1	6,6	0	0	1	O
*1O(CCCCCC$3/8)C=^ZCCO($7/5)O/11C/11C(/4)*2	4	4	14	11	3	0	0	0	0	6	2	1	6,6	0	0	1	O
*1OC(CCCCCC$4/9)O(/5)*2	4	3	9	7	2	0	0	0	0	6	1	1	6	0	0	1	O
*1OCC^R*3/4C^R(CCCCCC$7)/6(CCCCCC$13/17)OC(/16)O(/15)OC(/11)OCO($10/8)*2/3=O	4	2	25	18	7	0	0	0	0	12	3	2	5,6,6	1	1	3	O
*1OC^RCC^SC^RC^SC^RC^SC^RC^RC=^ZCCOC$12/14=O/11CC$9/10CC$7/10C/9O/8CC$5/6CC^RO*2/27$3/6C=O	4	4	29	23	6	0	0	0	0	0	5	0	5,5,6,6,6	2	1	1	O
*C(CCCCCC$3)	4	4	7	7	0	0	0	0	0	6	1	1	6	0	0	1	C
*C(CCCCCCC$4/5NC$3/7)Br	4	4	11	9	0	1	0	0	1	9	2	2	5,6	0	0	1	C
*CC=^ECC^RC^SC/6O/5C	4	4	8	7	1	0	0	0	0	0	0	0	-	0	0	6	C
*CCC	4	4	3	3	0	0	0	0	0	0	0	0	-	0	0	3	C
*CCCO	4	4	4	3	1	0	0	0	0	0	0	0	-	0	0	3	C
*COC*/2=O	4	4	4	2	2	0	0	0	0	0	0	0	-	1	1	1	C
*N(CCCCCC$3/5)CC/9C	4	4	10	9	0	1	0	0	0	6	1	1	6	0	0	3	N
*NC*/3=O	4	4	3	1	1	1	0	0	0	0	0	0	-	1	0	1	N
*NCC(CCCCCC$5/8)OC(/7)OC	4	4	13	10	2	1	0	0	0	6	1	1	6	0	0	2	N
*NCC=^EC(CCCCCC$6/9)O(/7)$2/4CNCN$3/15=O/13=O	4	4	17	11	3	3	0	0	0	6	3	1	6,6,6	2	0	0	N
*NCCF/4F/3=O	4	4	6	2	1	1	0	0	2	0	0	0	-	1	0	2	N
*NCCNC(CCCCCC$7)/5CC$2	4	4	13	11	0	2	0	0	0	6	2	1	6,6	0	0	1	N
*NCCO*	4	4	4	2	1	1	0	0	0	0	0	0	-	0	0	2	N
*NC^SC^SC^RCCC=O/7=^ZC$3/6=O/5O/4O	4	1	12	7	4	1	0	0	0	0	1	0	6	2	0	1	N
*O(CCCCCC$3/4)OCC	4	4	10	8	2	0	0	0	0	6	1	1	6	0	0	2	O
*O(CCCCCC$3/5CCCC$4)	4	4	11	10	1	0	0	0	0	10	2	2	6,6	0	0	0	O
*O(CCCCCC$3/6)CCCO(/4)OC	4	4	13	10	3	0	0	0	0	6	1	1	6	0	0	3	O
*O(CCCCCC$3/6)CCN/10=O	4	4	11	8	2	1	0	0	0	6	1	1	6	1	0	2	O
*O(CCCCCC$3/6)CN/9=N	4	4	10	7	1	2	0	0	0	6	1	1	6	0	0	1	O
*O(CCCCCC$3/6)NCCNCC/13=O/12CC$9	4	4	16	12	2	2	0	0	0	6	2	1	6,6	1	0	2	O
*O(CCCCCCOCC$7/8$3/6)OC(/5)C=^ZCCO($4)/16=O	4	4	17	12	5	0	0	0	0	9	3	2	5,6,6	1	1	1	O
*OC=^XCC	4	4	4	3	1	0	0	0	0	0	0	0	-	0	0	3	O
*OCCCCC	4	4	6	5	1	0	0	0	0	0	0	0	-	0	0	5	O
*OCCCCC=^ZCCC^RC^RC=^ECC^SCCCCC/14O/11C^RCC$10/23=O/21O/3=O	4	4	25	20	5	0	0	0	0	0	1	0	5	2	1	8	O
*OCCCCCC=^ZCCC=^ZCCCCCCCCC/3=O	4	4	20	18	2	0	0	0	0	0	0	0	-	1	1	18	O
*OCCCCCCC=^ZCCC=^ZCCC=^ZCCC/3=O	4	4	18	16	2	0	0	0	0	0	0	0	-	1	1	16	O
*OCCCCCCCCC=^ZCCC=^ZCCCC/3=O	4	4	18	16	2	0	0	0	0	0	0	0	-	1	1	16	O
*OCCCCCCCCCC=^ZCCC=^ZCCC=^ZCCC=^ZCCC/3=O	4	4	24	22	2	0	0	0	0	0	0	0	-	1	1	22	O
*OCCCCCCCCCCCCCCCC/17C/3=O	4	4	19	17	2	0	0	0	0	0	0	0	-	1	1	16	O
*OCCCCCCCCCO/11=O/3=O	4	4	13	9	4	0	0	0	0	0	0	0	-	2	2	9	O
*OCCCCO/6=O/3=O	4	4	8	4	4	0	0	0	0	0	0	0	-	2	2	4	O
*OCCC^RCO/6=O/5CCO/10=O/3=O	4	4	12	6	6	0	0	0	0	0	0	0	-	3	3	5	O
*OCCC^SCCCCCCCCCCC/5O/3=O	4	2	17	14	3	0	0	0	0	0	0	0	-	1	1	14	O
*OCCO(CCCCCC$6/9)Cl/4C/4C/3=O	4	4	14	10	3	0	0	0	1	6	1	1	6	1	1	3	O
*OCCO*	4	4	4	2	2	0	0	0	0	0	0	0	-	0	0	2	O
*OCF/3F/3F	4	4	5	1	1	0	0	0	3	0	0	0	-	0	0	1	O
*OC^RCNC^SCO/7=O/6C/4=O/3C	4	2	11	6	4	1	0	0	0	0	0	0	-	2	1	3	O
*OC^XCO/4=O/3C	4	3	6	3	3	0	0	0	0	0	0	0	-	1	1	3	O
*OP^XOCCNCCCCC=^ZCCC=^ZCCC=^ZCCC=^ZCCCCCC/8=O/3=O/3O	4	4	29	22	5	1	0	1	0	0	0	0	-	1	0	20	O
*OP^XOCC^RC^RCC^SC^R$5/10O/9O/8OPO/14O/14=O/7O/6O/3O/3=O	4	4	20	6	12	0	0	2	0	0	1	0	6	0	0	0	O
*OP^XOC^SCNC^SCCCNC^SCO/14=O/13CCCO/19=O/11=O/8CO/23=O/6=O/5C/3O/3=O	4	4	28	13	12	2	0	1	0	0	0	0	-	5	3	5	O
*SCC/3C/3C	4	3	5	4	0	0	1	0	0	0	0	0	-	0	0	3	S
*SCCC^SCO/6=O/5N	4	4	8	4	2	1	1	0	0	0	0	0	-	1	1	4	S
*(CCCCCC$2/5)O(/4)O(/3)CC=^ECCCC=CC/16C/12C	3	3	18	16	2	0	0	0	0	6	1	1	6	0	0	8	C
*(CCCCCC$2/5)OCCO($4)	3	3	10	8	2	0	0	0	0	6	2	1	6,6	0	0	0	C
*(CCCCCC$2/6)O(/3)O	3	1	8	6	2	0	0	0	0	6	1	1	6	0	0	0	C
*(CCCCCC$2/7)O(/5)OC(/4)C=^ZCCO($3)/13=O/12CCC$11/16=O	3	3	18	13	5	0	0	0	0	6	3	1	5,6,6	2	1	1	C
*(CCCCCCC$3/4NC$2)	3	3	9	8	0	1	0	0	0	9	2	2	5,6	0	0	0	C
*(CCCCCCCCCC$2/9$4/7CCCC$6/15)O(/11)CCOC/18=O(/8)=O(/5)=O(/3)O	3	3	23	17	6	0	0	0	0	14	3	3	6,6,6	3	1	2	C
*(NCCNC$2/4)NCNC($3)/10=O/9C/8=O/7C	3	3	13	7	2	4	0	0	0	5	2	1	5,6	2	0	1	N
*1(CCCCCCCCCCCC$4/11$6/7CCC$5/16C$2/3)*2	3	3	16	16	0	0	0	0	0	16	4	4	6,6,6,6	0	0	0	C
*1CC^RCC=^ECC=^ECC^SC^RO*2/10CC/9C/7C/4=O/3C	3	2	16	14	2	0	0	0	0	0	0	0	-	1	0	11	C
*1COCC^RC^RCCCO*2/9=O/8=^ZCC/6C/5C/5O/4=O	3	3	16	11	5	0	0	0	0	0	0	0	-	2	2	7	C
*1COC^X*2/4(CCCCCC$6/10)OC(/9)O(/8)OC	3	2	14	10	4	0	0	0	0	6	1	1	6	0	0	1	C
*1N(CCCNCN$3/7)N(/5)=O(/4)=N*2	3	3	10	4	1	5	0	0	0	6	1	1	6	1	0	0	N
*1N*2/2CC*2	3	3	3	2	0	1	0	0	0	0	0	0	-	0	0	2	N
*1NC*3/3=^EN(CCCCCC$6)/2(CCCCCC$12/9)C(/7)*2	3	3	16	14	0	2	0	0	0	12	2	2	6,6	0	0	1	N
*1NC=^ZNC^R*2/5CCC^RCC^ROC^SC=^ECCC/13CC$11/11N$3/9$4	3	1	18	14	1	3	0	0	0	0	3	0	5,5,6	0	0	4	N
*1NCN*2/4*2/3=N	3	3	4	1	0	3	0	0	0	0	0	0	-	0	0	1	N
*1O(CCCCCC$3/6)NCN(CCCCCC$12/15)F(/14)F/10=O(/4)CN*2/22C/21=O	3	3	23	15	3	3	0	0	2	12	2	2	6,6	2	0	1	O
*1O(CCCCCC$3/6)O(/4)*2	3	3	8	6	2	0	0	0	0	6	1	1	6	0	0	0	O
*1O(CCCCCC$3/7)O(/6)CC=CC/12C(/4)*2	3	3	13	11	2	0	0	0	0	6	1	1	6	0	0	4	O
*1O(CCCCCC$3/7)O(/6)CC=CC/12C(/5)OC(/4)*2	3	3	15	12	3	0	0	0	0	6	1	1	6	0	0	4	O
*1O(CCCCCC$3/7)OC(/5)OC(/4)*2	3	3	11	8	3	0	0	0	0	6	1	1	6	0	0	1	O
*1O(CCCCCC$3/7)OC(/6)OC(/5)OC(/4)*2	3	3	13	9	4	0	0	0	0	6	1	1	6	0	0	1	O
*1O(CCCCCC$3/7)OC=^ZCC($6/5)O/12=O/10C(/4)*2	3	2	14	10	4	0	0	0	0	6	2	1	6,6	1	0	1	O
*1O(CCCCCC$3/8)C=^ZCCO($7/6)C=^ZCCO($5/4)*2/15=O/13CCC/11C/11C	3	3	21	17	4	0	0	0	0	6	3	1	6,6,6	1	1	3	O
*1O(CCCCCC$3/8)C=^ZCCO($7/6)CC=CC/15C/11C/11C(/5)O(/4)*2	3	3	19	16	3	0	0	0	0	6	2	1	6,6	0	0	4	O
*1O(CCCCCC$3/8)CC=CC/11C(/6)CO/14=O(/4)*2	3	3	15	12	3	0	0	0	0	6	1	1	6	1	1	4	O
*1O(CCCCCC$3/8)CC=CC/11C(/7)O(/6)CC=CC/17C(/4)*2	3	3	18	16	2	0	0	0	0	6	1	1	6	0	0	4	O
*1O(CCCCCC$3/8)CC=CC/11C(/7)O(/6)CC=CC/17C(/5)O(/4)*2	3	3	19	16	3	0	0	0	0	6	1	1	6	0	0	4	O
*1O(CCCCCC$3/8)CC=CC/11C(/7)OC(/6)O(/4)*2	3	3	15	12	3	0	0	0	0	6	1	1	6	0	0	4	O
*1O(CCCCCC$3/8)CC^RCC/11=C/10CC=CC/16C(/7)O(/5)O(/4)*2	3	3	19	16	3	0	0	0	0	6	1	1	6	0	0	7	O
*1OCC^SN*2/4CCCN/9=O/3=O	3	3	10	5	3	2	0	0	0	0	0	0	-	2	1	5	O
*1OC^RC^RO*2/4C^SC^SC^RC^S$3/10O/9NC/8O/7NC	3	3	14	8	4	2	0	0	0	0	1	0	6	0	0	1	O
*1OC^SC=*2/4CC=^ECC$3/9=O/8Cl/7C=^ZCC=^ECC^SCC/16C/13OC$6/3C	3	3	20	16	3	0	0	0	1	0	2	0	6,6	1	0	5	O
*=CC^SC^RC^SCC^RCC^S$4/9C/7C/5C=^ZCC^RC=^ECC/15C/14$3/2O	3	3	18	17	1	0	0	0	0	0	2	0	6,6	0	0	4	C
*C(CCCCCC$3/6)O	3	3	8	7	1	0	0	0	0	6	1	1	6	0	0	1	C
*C(CCCCCC$3/6)O(/5)O	3	3	9	7	2	0	0	0	0	6	1	1	6	0	0	1	C
*CC=^ECC=^ECC^XCC^XCC/9C/7C/5C/2=O	3	3	14	13	1	0	0	0	0	0	0	0	-	1	0	10	C
*CCCCCC	3	3	6	6	0	0	0	0	0	0	0	0	-	0	0	6	C
*CCCCCCCCC=^ECC=^EC(CCCCCC$14)	3	3	18	18	0	0	0	0	0	6	1	1	6	0	0	12	C
*CCCCCCCCCCCC(CCCCCC$14)	3	3	18	18	0	0	0	0	0	6	1	1	6	0	0	12	C
*CCO/3=O	3	3	4	2	2	0	0	0	0	0	0	0	-	1	1	2	C
*CCOC*/5=O	3	2	5	3	2	0	0	0	0	0	0	0	-	1	1	2	C
*CC^RCC^RC^RCC$3/6O/5OC	3	3	10	8	2	0	0	0	0	0	1	0	6	0	0	1	C
*CC^RCC^RC^RCC$3/6OPC/10C/10=O/5OC	3	3	14	10	3	0	0	1	0	0	1	0	6	0	0	1	C
*CC^S(CCCCCCCC$6/7N$4/5)CCN$3	3	2	14	12	0	2	0	0	0	9	3	2	5,6,6	0	0	1	C
*C^RC^SC^SCC^RC^RC^RCC^RCC$7/10O/9C/9C/8CC$5/7C/6CC$3/4CC$2/4C/3C	3	3	23	22	1	0	0	0	0	0	4	0	5,6,6,6	0	0	1	C
*C^SC^RC^SCC^RC^RC^RCC^RC^SC$7/11O/10O/8CC$5/15=O/7C/6C^RC$3/19O/4CC$2/4O/3C	3	3	24	19	5	0	0	0	0	0	4	0	5,6,6,6	1	0	1	C
*C^SC^RC^SC^SC^SC^RC^SCOC$5/9=O/8CC^SC^RC$7/15O/14O/7C/6CC$3/4CC$2/3C	3	3	23	19	4	0	0	0	0	0	4	0	5,6,6,7	1	1	1	C
*N(CCCCCC$3/4)C	3	3	8	7	0	1	0	0	0	6	1	1	6	0	0	1	N
*N(CCCCCC$3/5)C	3	3	8	7	0	1	0	0	0	6	1	1	6	0	0	1	N
*N(CCCCCCCCCC$7/6CCCNCN$3/15$4/10)OCO($9)	3	3	20	15	2	3	0	0	0	16	4	3	5,6,6,6	0	0	0	N
*NC/2C/2C	3	3	4	3	0	1	0	0	0	0	0	0	-	0	0	1	N
*NC=O/2C	3	2	4	2	1	1	0	0	0	0	0	0	-	1	0	1	N
*NCCCCC^SCO/8=O/7N	3	3	10	6	2	2	0	0	0	0	0	0	-	1	1	6	N
*NCCCCN	3	3	6	4	0	2	0	0	0	0	0	0	-	0	0	4	N
*NCCC^ROC/5C/3=O	3	1	8	5	2	1	0	0	0	0	0	0	-	1	0	4	N
*NCCC^ROCCCCCCCCCCCCC/7=O/5CCCCCCCCCCCC/3=O	3	1	32	28	3	1	0	0	0	0	0	0	-	2	1	15	N
*NCCC^XCCCCCCCCCCC/5O/3=O	3	3	17	14	2	1	0	0	0	0	0	0	-	1	0	14	N
*NCCCl/4Cl/3=O	3	3	6	2	1	1	0	0	2	0	0	0	-	1	0	2	N
*NCCN(CCCCCN$6)/5CC$2	3	3	12	9	0	3	0	0	0	6	2	1	6,6	0	0	0	N
*NCCN(CNCCCCCC$8/9CN$6/14)N(/12)OC(/11)OC/5CC$2	3	3	21	14	2	5	0	0	0	10	3	2	6,6,6	0	0	1	N
*NCCNCCN(CCCCCC$9/14)C(/10)C/7=O/5CC$2	3	3	18	14	1	3	0	0	0	6	2	1	6,6	1	0	2	N
*NCC^SC(CCCCCC$6/9)OC/4N/3=O	3	3	14	10	2	2	0	0	0	6	1	1	6	1	0	3	N
*NCC^XOC^XC$2/6C/4C	3	3	8	6	1	1	0	0	0	0	1	0	6	0	0	1	N
*NCN*/3=N	3	3	4	1	0	3	0	0	0	0	0	0	-	0	0	1	N
*NCOC/3=O	3	3	5	2	2	1	0	0	0	0	0	0	-	1	1	1	N
*NC^RC^SC^SC^RCCO/7=^ZC$3/6O/5O/4O	3	1	12	7	4	1	0	0	0	0	1	0	6	0	0	1	N
*NC^SC/3O	3	3	4	2	1	1	0	0	0	0	0	0	-	0	0	2	N
*NS(CCCCCC$4/9)C(/7)C(/5)C/3=O/3=O	3	3	13	9	2	1	1	0	0	6	1	1	6	0	0	1	N
*NSCF/4F/4F/3=O/3=O	3	3	8	1	2	1	1	0	3	0	0	0	-	0	0	1	N
*O(CCCCCC$3/5)CCCC($4)/9=O	3	3	12	10	2	0	0	0	0	6	2	1	6,6	1	0	0	O
*O(CCCCCC$3/6)CCC/9=O	3	3	11	9	2	0	0	0	0	6	1	1	6	1	0	3	O
*O(CCCCCC$3/6)CCCOC/11=O	3	3	13	10	3	0	0	0	0	6	1	1	6	1	1	3	O
*O(CCCCCC$3/6)CCO/10=O	3	3	11	8	3	0	0	0	0	6	1	1	6	1	1	2	O
*O(CCCCCCCOCC$8/9N$5/6CC$3/7)OC(/4)OC	3	3	18	13	4	1	0	0	0	13	3	3	5,6,6	0	0	1	O
*O(CCCNCC$4/5CCC$3)	3	3	10	8	1	1	0	0	0	9	2	2	5,6	0	0	0	O
*O(CCNSN$3/4)NCCOCC$8	3	3	12	6	2	3	1	0	0	5	2	1	5,6	0	0	0	O
*OC(CCCCCC$4/7)O/3=O	3	3	10	7	3	0	0	0	0	6	1	1	6	1	1	1	O
*OC/2*	3	3	2	1	1	0	0	0	0	0	0	0	-	0	0	1	O
*OC=^ECCCCCCCCCCCCCCC	3	3	17	16	1	0	0	0	0	0	0	0	-	0	0	16	O
*OCC(CCCCCC$5/8)O(/7)O/3=O	3	3	12	8	4	0	0	0	0	6	1	1	6	1	1	2	O
*OCC*	3	3	3	2	1	0	0	0	0	0	0	0	-	0	0	2	O
*OCC=^ECCC=^ZCCC=^ZC$6/9=O/6O/3=O	3	3	13	9	4	0	0	0	0	0	1	0	6	2	1	3	O
*OCC=^ECC^SCC^SCC^SCCCCCCCCCCCCCCCC/10C/8C/6C/4C/3=O	3	3	30	28	2	0	0	0	0	0	0	0	-	1	1	24	O
*OCC=^XC(CCCCCC$6/9)OC/3=O	3	1	13	10	3	0	0	0	0	6	1	1	6	1	1	3	O
*OCC=^XCC/4C/3=O	3	3	7	5	2	0	0	0	0	0	0	0	-	1	1	4	O
*OCC=^ZC(CCCCCC$6/9)O/3=O	3	3	12	9	3	0	0	0	0	6	1	1	6	1	1	3	O
*OCCCC(CCCCCC$7)/3=O	3	3	12	10	2	0	0	0	0	6	1	1	6	1	1	4	O
*OCCCCCCCCC=^ECCCCCCC/3=O	3	3	18	16	2	0	0	0	0	0	0	0	-	1	1	16	O
*OCCCCCCCCC=^XCCCCCCCCC/3=O	3	3	20	18	2	0	0	0	0	0	0	0	-	1	1	18	O
*OCCCCCCCCCC=^ZCCCCCCC/3=O	3	3	19	17	2	0	0	0	0	0	0	0	-	1	1	17	O
*OCCCCCCCCCCC=^ECCCCCCC/3=O	3	2	20	18	2	0	0	0	0	0	0	0	-	1	1	18	O
*OCCCCCCCCCCCCCCCCCCCCCC	3	3	23	22	1	0	0	0	0	0	0	0	-	0	0	22	O
*OCCCCCCCCCCCCCCCCCCCCCCCC	3	3	25	24	1	0	0	0	0	0	0	0	-	0	0	24	O
*OCCCCCO/7=O/3=O	3	3	9	5	4	0	0	0	0	0	0	0	-	2	2	5	O
*OCCC^RC/5O/3=O	3	1	7	4	3	0	0	0	0	0	0	0	-	1	1	4	O
*OCCC^RCCO/7=O/5C/5O/3=O	3	1	11	6	5	0	0	0	0	0	0	0	-	2	2	5	O
*OCCC^ROC/5C/3=O	3	1	8	5	3	0	0	0	0	0	0	0	-	1	1	4	O
*OCCC^SOCCCCCCCCCCCCC/7=O/5CCCCCCCCCCCC/3=O	3	1	32	28	4	0	0	0	0	0	0	0	-	2	2	15	O
*OCCO/4=O/3=C	3	3	6	3	3	0	0	0	0	0	0	0	-	1	1	3	O
*OCC^RC/4O	3	1	5	3	2	0	0	0	0	0	0	0	-	0	0	3	O
*OCC^SCC^SCC^SCC^SCC^RCC^RCC^RCC^RC^RCCCCCCCCCCCCCCC/19O/18C/16C/14C/12C/10C/8C/6C/4C/3=O	3	3	43	40	3	0	0	0	0	0	0	0	-	1	1	32	O
*OCC^SC^SC/5O/4C/3=O	3	3	8	5	3	0	0	0	0	0	0	0	-	1	1	4	O
*OCC^SNC(CCCCCC$7/9)NC=O(/8)O/6=O/4C^RO*/18C/3=O	3	3	20	12	6	2	0	0	0	6	1	1	6	3	1	4	O
*OCC^SNCCCCCCCCCCCCCCCCCC/6=O/4C^RC=^ECCCCCCCCCCCCCC/25O	3	1	40	36	3	1	0	0	0	0	0	0	-	1	0	18	O
*OCC^XC/4O/3=O	3	3	6	3	3	0	0	0	0	0	0	0	-	1	1	3	O
*OCCl	3	3	3	1	1	0	0	0	1	0	0	0	-	0	0	1	O
*OCNCC/5C/3=O	3	3	7	4	2	1	0	0	0	0	0	0	-	1	1	3	O
*OCO*/3CCO/7=O	3	3	7	3	4	0	0	0	0	0	0	0	-	1	1	3	O
*OC^RC/3O	3	1	4	2	2	0	0	0	0	0	0	0	-	0	0	2	O
*OPOC=^ECN/3O/3O	3	1	8	2	4	1	0	1	0	0	0	0	-	0	0	2	O
*OPOPO/5O/5=O/3O/3O	3	2	9	0	7	0	0	2	0	0	0	0	-	0	0	0	O
*OP^SO/3=O/3S	3	3	5	0	3	0	1	1	0	0	0	0	-	0	0	0	O
*OP^XC/3O/3=O	3	3	5	1	3	0	0	1	0	0	0	0	-	0	0	1	O
*OP^XO/3=O/3S	3	1	5	0	3	0	1	1	0	0	0	0	-	0	0	0	O
*OP^XOCCNCCCCCCCCCCCCCCCCCC/8=O/3=O/3O	3	3	27	20	5	1	0	1	0	0	0	0	-	1	0	18	O
*OP^XOCC^RC^RCC^SC^R$5/10O/9O/8O/7O/6O/3O/3=O	3	3	16	6	9	0	0	1	0	0	1	0	6	0	0	0	O
*OP^XOP^XOP^XOCC/7O/7=O/5O/5=O/3O/3=O	3	3	15	2	10	0	0	3	0	0	0	0	-	0	0	2	O
*OP^XOSO/5=O/5=O/3O/3=O	3	3	9	0	7	0	1	1	0	0	0	0	-	0	0	0	O
*S(CCCCCC$3/6)Br/2=O/2=O	3	3	10	6	2	0	1	0	1	6	1	1	6	0	0	0	S
*SCCCC	3	3	5	4	0	0	1	0	0	0	0	0	-	0	0	4	S
*SN/2=O/2=O	3	3	4	0	2	1	1	0	0	0	0	0	-	0	0	0	S
*(CCCCCC$2/3)N	2	2	7	6	0	1	0	0	0	6	1	1	6	0	0	0	C
*(CCCCCC$2/3)OC	2	2	8	7	1	0	0	0	0	6	1	1	6	0	0	1	C
*(CCCCCC$2/4)CC=CC/10C(/3)O	2	2	12	11	1	0	0	0	0	6	1	1	6	0	0	4	C
*(CCCCCC$2/4)CO/8=O	2	2	9	7	2	0	0	0	0	6	1	1	6	1	1	1	C
*(CCCCCC$2/4)O	2	2	7	6	1	0	0	0	0	6	1	1	6	0	0	0	C
*(CCCCCC$2/5)C	2	2	7	7	0	0	0	0	0	6	1	1	6	0	0	1	C
*(CCCCCC$2/5)CF/8F/8F	2	2	10	7	0	0	0	0	3	6	1	1	6	0	0	1	C
*(CCCCCC$2/5)NC^RC=^ZCN(CCCNCN$13/17)N(/15)=O(/14)=^EN$10/11C/9C	2	1	22	15	1	6	0	0	0	12	3	2	6,6,6	1	0	2	C
*(CCCCCC$2/5)NC^RC^SC^SNC=^ECCNC=^ZN$13/17N/15=O/14N$10/11C/9C	2	1	22	15	1	6	0	0	0	6	3	1	6,6,6	1	0	2	C
*(CCCCCC$2/5)NC^RC^SNC=^ECN=^ZCNC$12/17=O/15N/13NC^S$10/21C/11C/9C	2	1	23	16	1	6	0	0	0	6	3	1	6,6,6	1	0	2	C
*(CCCCCC$2/5)O(/4)CC=CC/11C	2	2	12	11	1	0	0	0	0	6	1	1	6	0	0	4	C
*(CCCCCC$2/5)O(/4)CC=CC/11C(/3)O	2	2	13	11	2	0	0	0	0	6	1	1	6	0	0	4	C
*(CCCCCC$2/5)OC(/3)OC	2	2	10	8	2	0	0	0	0	6	1	1	6	0	0	1	C
*(CCCCCC$2/5)OC(/4)O(/3)OC	2	2	11	8	3	0	0	0	0	6	1	1	6	0	0	1	C
*(CCCCCC$2/5)OCC=^ZC($4)/9C/9C	2	2	12	11	1	0	0	0	0	6	2	1	6,6	0	0	1	C
*(CCCCCC$2/5)OSO/9=O/9=O(/4)OC	2	2	13	7	5	0	1	0	0	6	1	1	6	0	0	1	C
*(CCCCCC$2/5)SC/8=O/8=O	2	2	10	7	2	0	1	0	0	6	1	1	6	0	0	1	C
*(CCCCCC$2/6)C=^ZCCO($5/3)OC/10=O	2	2	13	10	3	0	0	0	0	6	2	1	6,6	1	1	1	C
*(CCCCCC$2/6)CC=CC/10C(/5)O(/4)CC=CC/16C	2	2	17	16	1	0	0	0	0	6	1	1	6	0	0	4	C
*(CCCCCC$2/6)O(/5)O(/4)CC=^ECCCC=CC/16C/12C	2	2	18	16	2	0	0	0	0	6	1	1	6	0	0	8	C
*(CCCCCC$2/7)CCO/9=O(/5)C(CCCCCC$13/15)O(/14)C($4/3)O/20=O	2	2	21	16	5	0	0	0	0	12	3	2	6,6,6	2	1	2	C
*(CCCCCC$2/7)O(/3)O	2	2	8	6	2	0	0	0	0	6	1	1	6	0	0	0	C
*(CCCCCC$2/7)O(/5)OCO($4)	2	2	10	7	3	0	0	0	0	6	2	1	5,6	0	0	0	C
*(CCCCCCCC$4/3NCNC$2/13)CC/14C(/11)NSC/18=O/18=O/17C(/7)F	2	2	22	15	2	3	1	0	1	12	2	2	6,6	0	0	3	C
*(CCCCCCCC$4/5N$2)	2	2	9	8	0	1	0	0	0	9	2	2	5,6	0	0	0	C
*(CCCCCCCC$4/5O$2)	2	2	9	8	1	0	0	0	0	9	2	2	5,6	0	0	0	C
*(CCCCCCCCCCC$7/8C$4/5CC$2/15)CCO/17=O(/13)=O(/9)O(/6)=O(/3)O	2	2	22	16	6	0	0	0	0	14	3	3	6,6,6	3	1	2	C
*(CCCCCCCCCCCC$8/9C$5/6C$2/15)O(/14)=O(/10)OC(/7)=O(/4)O(/3)*	2	2	20	15	5	0	0	0	0	14	3	3	6,6,6	2	0	1	C
*(CCCCCCCCCCCC$8/9C$5/6C$2/15)O(/14)=O(/13)OC(/7)=O(/4)O(/3)*	2	2	20	15	5	0	0	0	0	14	3	3	6,6,6	2	0	1	C
*(CCCCCCCNC$2/8$3/4)CC=CC/13C	2	2	14	13	0	1	0	0	0	9	2	2	5,5	0	0	8	C
*(CCCCCCCNC$2/8$3/9)C(/4)*	2	2	10	9	0	1	0	0	0	9	2	2	5,5	0	0	4	C
*(CCCCN$2)	2	2	5	4	0	1	0	0	0	5	1	1	5	0	0	0	C
*(CCCCNC$2)	2	2	6	5	0	1	0	0	0	6	1	1	6	0	0	0	C
*(CCCCNC$2/3CCCCCC$8/11)F(/7)CC/15C(/5)CC/18C(/4)COC	2	2	22	19	1	1	0	0	1	12	2	2	6,6	0	0	3	C
*(CCCCO$2)	2	2	5	4	1	0	0	0	0	5	1	1	5	0	0	0	C
*(CCCNC$2/4CCCC$3/5)CC/11=O	2	2	12	10	1	1	0	0	0	9	2	2	5,6	1	0	2	C
*(CCNCCC$2)	2	2	6	5	0	1	0	0	0	6	1	1	6	0	0	0	C
*(CCNCN$2)	2	2	5	3	0	2	0	0	0	5	1	1	5	0	0	0	C
*(COCCCCCC$4/9C$2/5)OC	2	2	11	9	2	0	0	0	0	9	2	2	5,5	0	0	4	C
*(NCCCC$2/4CCCCCC$7/3CCCCCC$13/16)F(/6)CC/20C(/5)CN(CCCCCC$25)/23=O	2	2	30	26	1	2	0	0	1	23	4	4	5,6,6,6	1	0	3	N
*1(CCCCCC$2/7)O(/5)O(/3)OC^R*2/11(CCCCCC$13/16)OC	2	2	18	14	4	0	0	0	0	12	2	2	6,6	0	0	1	C
*1(CCCCCC$2/7)O(/5)O(/3)OC^S*2/11(CCCCCC$13/16)O	2	2	17	13	4	0	0	0	0	12	2	2	6,6	0	0	1	C
*1(CCCCCC$2/7)O(/5)O(/3)OC^S*2/11(CCCCCC$13/16)OC	2	2	18	14	4	0	0	0	0	12	2	2	6,6	0	0	1	C
*1(CCCNCCC$4/7CCCC$6/3NCC$2/15CCCC$14/17)Cl(/8)OC(/5)*2	2	2	21	17	1	2	0	0	1	18	4	4	5,5,6,6	0	0	1	C
*1(CCCNCCCCCC$6/7C$4/3NCC$2/15CCCC$14/17)Cl(/12)OC(/9)Cl(/5)*2	2	2	22	17	1	2	0	0	2	18	4	4	5,5,6,6	0	0	1	C
*1(CNCCCNCN$4/5N$2/6)N(/3)*2	2	2	10	5	0	5	0	0	0	9	2	2	5,6	0	0	0	C
*1(CNCCN$2/5)CNC=^ZN($4/3)*2/9N/7=O	2	2	11	5	1	5	0	0	0	5	2	1	5,6	1	0	0	C
*1C(CCCCCC$3/7)OC(/6)O(/5)OC(/4)C^S*2/14(CCCCCC$16/20)OC(/19)O(/18)OC	2	2	24	18	6	0	0	0	0	12	2	2	6,6	0	0	1	C
*1C(CCCCCCCCC$6/7C$3/12)CC=CC/15C(/11)O(/9)O(/5)O(/4)*2	2	2	19	16	3	0	0	0	0	10	2	2	6,6	0	0	4	C
*1C=CC(CCCCCCC$6/7CCC$5/14)O(/13)C(/12)O(/11)=O(/9)N*2(/8)=O/4=O/3C	2	2	21	15	5	1	0	0	0	10	2	2	6,6	3	0	3	C
*1CC=*2/3C=^ZCC^SCCC^RCC^S$7/12C/10O/8=O/6OC$2	2	2	15	12	3	0	0	0	0	0	2	0	6,6	1	0	1	C
*1CC=^ECC^SC^RO*2/6C^SC^SNC$6/12=O/10CCC/15C/9C^SC=^ZC$5/19C/18C/3C	2	2	21	18	2	1	0	0	0	0	2	0	5,6	1	0	3	C
*1CCN*2/4CC/6=O	2	2	6	4	1	1	0	0	0	0	0	0	-	1	0	2	C
*1CC^RCC=^ECC^RC^RO*2/8CC/7C/4=O/3C	2	1	13	11	2	0	0	0	0	0	0	0	-	1	0	9	C
*1COC^R*2/4(CCCCCC$6/10)OC(/9)O(/8)OC	2	2	14	10	4	0	0	0	0	6	1	1	6	0	0	1	C
*1COC^S*2/4(CCCCCC$6/9)O(/8)OC	2	2	12	9	3	0	0	0	0	6	1	1	6	0	0	1	C
*1COC^S*2/4(CCCCCC$6/9)OC(/8)OC	2	2	13	10	3	0	0	0	0	6	1	1	6	0	0	1	C
*1COC^S*2/4(CCCCCC$6/9)OCO($8)	2	2	12	9	3	0	0	0	0	6	2	1	5,6	0	0	1	C
*1N(CCCCCC$3/4)*2	2	2	7	6	0	1	0	0	0	6	1	1	6	0	0	0	N
*1N(CCCCCCCC$5/6CC$3/11)=O(/10)O(/9)C(/8)O(/7)*2(/4)=O	2	2	16	11	4	1	0	0	0	10	2	2	6,6	2	0	1	N
*1N(CCCCCCCC$5/6CC$3/12)C(/11)=O(/10)O(/9)C(/8)O(/7)*2(/4)=O	2	2	17	12	4	1	0	0	0	10	2	2	6,6	2	0	1	N
*1N=CNC^S*2/5CCC^SCC^SOC^SC=^ZCCC$11/13CC/11N$3/9$4	2	2	18	14	1	3	0	0	0	0	3	0	5,6,7	0	0	2	N
*1NC=^ECN*2/4CN=^ZCN$3/9N/7=O	2	2	10	4	1	5	0	0	0	0	1	0	6	1	0	0	N
*1NC=^ZNC^R*2/5CCC^RCC^ROC^RC=^ZCCC$11/13CC/11N$3/9$4	2	1	18	14	1	3	0	0	0	0	3	0	5,6,7	0	0	2	N
*1NCN*4/4*2/3=^ZN*3	2	2	4	1	0	3	0	0	0	0	0	0	-	0	0	1	N
*1NC^X*2/3(CCCCCC$5/6)NC$3/12=O/11CC/2CCCNCCOCC$19	2	2	22	17	2	3	0	0	0	6	3	1	5,6,6	1	0	3	N
*1O(CCCCCC$3/6)CC/9=O(/4)*2	2	2	10	8	2	0	0	0	0	6	1	1	6	1	0	2	O
*1O(CCCCCC$3/6)NS(CCCCCC$11/13)OC/10=O/10=O(/4)CN*2/22C/21=O	2	2	23	15	5	2	1	0	0	12	2	2	6,6	1	0	1	O
*1O(CCCCCC$3/6)NSCCF/12F/12F/10=O/10=O(/4)CN*2/19C/18=O	2	2	20	10	4	2	1	0	3	6	1	1	6	1	0	2	O
*1O(CCCCCC$3/6)OC(/4)*2	2	2	9	7	2	0	0	0	0	6	1	1	6	0	0	1	O
*1O(CCCCCC$3/7)O(/6)C(/5)O(/4)*2	2	2	10	7	3	0	0	0	0	6	1	1	6	0	0	1	O
*1O(CCCCCC$3/7)O(/6)C^RC=^EC(CCCCCC$13/5)O/10CCCCO/23=O(/4)*2	2	2	24	19	5	0	0	0	0	12	2	2	6,6	1	1	7	O
*1O(CCCCCC$3/7)O(/6)C^SC=^EC(CCCCCC$13/5)O/10CCCCO/23=O(/4)*2	2	2	24	19	5	0	0	0	0	12	2	2	6,6	1	1	7	O
*1O(CCCCCC$3/7)O(/6)O(/4)*2	2	2	9	6	3	0	0	0	0	6	1	1	6	0	0	0	O
*1O(CCCCCC$3/7)O(/6)OC(/4)*2	2	2	10	7	3	0	0	0	0	6	1	1	6	0	0	1	O
*1O(CCCCCC$3/7)OC(/6)C(CCCCCC$12/17)O($5/13)OC/11=O(/4)*2	2	2	20	15	5	0	0	0	0	12	3	2	6,6,6	1	0	1	O
*1O(CCCCCC$3/7)OC(/6)C(CCCCCC$12/17)O(/13)O($5/4)*2/11=O	2	2	19	14	5	0	0	0	0	12	3	2	6,6,6	1	0	1	O
*1O(CCCCCC$3/7)OC(/6)C(CCCCCC$12/17)OC(/14)O(/13)O($5/4)*2/11=O	2	2	21	15	6	0	0	0	0	12	3	2	6,6,6	1	0	1	O
*1O(CCCCCC$3/7)OC(/6)C=^ZCCOCC$11/13=O/12CO($5/4)*2/18=O	2	2	19	13	6	0	0	0	0	6	3	1	6,6,6	2	2	1	O
*1O(CCCCCC$3/7)OC(/6)CC=CC/13C(/4)*2	2	2	14	12	2	0	0	0	0	6	1	1	6	0	0	4	O
*1O(CCCCCC$3/7)OC(/6)O(/5)OC(/4)*2	2	2	12	8	4	0	0	0	0	6	1	1	6	0	0	1	O
*1O(CCCCCC$3/7)OCCCC=C/12C/12C/11=^ZC($6/4)*2/10=O	2	2	17	14	3	0	0	0	0	6	2	1	6,6	1	1	4	O
*1O(CCCCCC$3/7)OCO($6/5)OC(/4)*2	2	2	12	8	4	0	0	0	0	6	2	1	5,6	0	0	1	O
*1O(CCCCCC$3/8)C(/7)O(/5)O(/4)*2	2	2	10	7	3	0	0	0	0	6	1	1	6	0	0	1	O
*1O(CCCCCC$3/8)C=^ZCCC/11C/11O(/7)O(/5)OC(/4)*2	2	2	16	12	4	0	0	0	0	6	1	1	6	0	0	4	O
*1O(CCCCCC$3/8)CC=CC/11C(/7)O(/6)C(/4)*2	2	2	14	12	2	0	0	0	0	6	1	1	6	0	0	4	O
*1O(CCCCCC$3/8)CC=CC/11C(/7)OC(/4)*2	2	2	14	12	2	0	0	0	0	6	1	1	6	0	0	4	O
*1O(CCCCCC$3/8)CC=^ECCCC=CC/15C/11C(/7)O(/5)O(/4)*2	2	2	19	16	3	0	0	0	0	6	1	1	6	0	0	8	O
*1O(CCCCCC$3/8)CC^RCC/11=C/10CC=CC/16C(/7)O(/5)OC(/4)*2	2	2	20	17	3	0	0	0	0	6	1	1	6	0	0	7	O
*1O(CCCCCC$3/8)CC^RCC/11=C/10CCCC/16=C(/7)O(/5)O(/4)*2	2	2	19	16	3	0	0	0	0	6	1	1	6	0	0	7	O
*1O(CCCCCC$3/8)CC^RCC/11=C/10O($7/4)*2	2	2	13	11	2	0	0	0	0	6	2	1	5,6	0	0	3	O
*1O(CCCCCC$3/8)CC^RCC/11=C/10O($7/5)O(/4)*2	2	2	14	11	3	0	0	0	0	6	2	1	5,6	0	0	3	O
*1O(CCCCCC$3/8)C^R(CCCCCC$10/13)O(/12)O/9CCO($7/5)O/19=O(/4)*2	2	2	21	15	6	0	0	0	0	12	3	2	6,6,6	1	1	0	O
*1O(CCCCCC$3/8)C^R(CCCCCC$10/13)O(/12)O/9C^SC(CCCCCC$20/25)O(/23)O(/21)O/18O($7/5)O(/4)*2	2	2	29	21	8	0	0	0	0	18	4	3	5,6,6,6	0	0	1	O
*1O(CCCCCC$3/8)O(/6)O(/4)*2	2	2	9	6	3	0	0	0	0	6	1	1	6	0	0	0	O
*1O(CCCCCC$3/8)OC(/6)C=^ZCCO($5/4)O*2/13=O	2	2	15	10	5	0	0	0	0	6	2	1	6,6	1	1	1	O
*1O(CCCCCC$3/8)OC(/6)CCCO(/4)*2	2	1	13	10	3	0	0	0	0	6	1	1	6	0	0	3	O
*1O(CCCCCC$3/8)OC(/6)CCCOCC=^EC(CCCCCC$18/21)O(/20)OC/15=O(/4)*2	2	2	26	20	6	0	0	0	0	12	2	2	6,6	1	1	3	O
*1O(CCCCCC$3/8)OC(/7)O(/4)*2	2	2	10	7	3	0	0	0	0	6	1	1	6	0	0	1	O
*1O(CCCCCC$3/8)OC(/7)OC(/4)*2	2	2	11	8	3	0	0	0	0	6	1	1	6	0	0	1	O
*1O(CCCCCCCCC$6/7N$3/5)OC(/4)*2	2	2	13	10	2	1	0	0	0	10	2	2	6,6	0	0	1	O
*1OC(CCCCCC$4/9)O(/7)O(/5)*2/3=O	2	2	11	7	4	0	0	0	0	6	1	1	6	1	1	1	O
*1OC(CCCCCC$4/9)O(/8)OC(/7)OC(/5)*2/3=O	2	2	14	9	5	0	0	0	0	6	1	1	6	1	1	1	O
*1OCC^R*3/4C^R(CCCCCC$7)/6(CCCCCC$13/17)OC(/16)OC(/15)OC(/11)OCO($10/8)*2/3=O	2	2	26	19	7	0	0	0	0	12	3	2	5,6,6	1	1	3	O
*1OCC^SC^S(CCCCCC$6/11)CO*2/12=O(/9)O(/8)O(/7)OCC^S$5/20O/19=O/4CCO/24=O/3=O	2	2	25	14	11	0	0	0	0	6	2	1	6,6	4	4	4	O
*1OCC^XN*2/5CCCC$4/3=O	2	2	9	6	2	1	0	0	0	0	1	0	6	1	1	1	O
*1OCN*2/4C=^ZCCN$3/8=N	2	2	8	4	1	3	0	0	0	0	1	0	6	0	0	0	O
*1OC^SC^S*2/4CC=^ECC$3/9=O/8Cl/7C=^ZCC=^ECC^RC^RC/17O/16C/13OC$6/3C	2	2	21	16	4	0	0	0	1	0	2	0	6,6	1	0	5	O
*1OC^SC^S*2/4CC=^ECC$3/9=O/8Cl/7C=^ZCC=^ECC^SCC/16C/13OC$6/3C	2	2	20	16	3	0	0	0	1	0	2	0	6,6	1	0	5	O
*=C(CCCCCC$3/6)OC(/5)OC	2	2	11	9	2	0	0	0	0	6	1	1	6	0	0	1	C
*=CC=^ECC=^ECC=^ECCCCCC/2O	2	2	13	12	1	0	0	0	0	0	0	0	-	0	0	12	C
*=CN	2	2	2	1	0	1	0	0	0	0	0	0	-	0	0	1	C
*C(CCCCCC$3/5)O	2	2	8	7	1	0	0	0	0	6	1	1	6	0	0	1	C
*C(CCCCCC$3/6)OCO($5)/2=O	2	2	11	8	3	0	0	0	0	6	2	1	5,6	1	0	1	C
*C(CCCCCC$3/7)OC(/6)O(/5)OC	2	2	12	9	3	0	0	0	0	6	1	1	6	0	0	1	C
*C(CCCCCCC$4/5NC$3)	2	2	10	9	0	1	0	0	0	9	2	2	5,6	0	0	1	C
*C=CCNCN$2/6=O/4=O	2	2	8	4	2	2	0	0	0	0	1	0	6	2	0	0	C
*C=CC^SCCCCC/4O	2	2	9	8	1	0	0	0	0	0	0	0	-	0	0	8	C
*CC(CCCCCC$4/5)OC$2/3=O	2	2	11	9	2	0	0	0	0	6	2	1	6,6	1	0	0	C
*CC(CCCCCC$4/7)CCCCCCCC	2	2	16	16	0	0	0	0	0	6	1	1	6	0	0	8	C
*CC=^ECC=^ZCCCCCC^XCC=^ECCO/15=O/13C/11C/9=C	2	2	19	17	2	0	0	0	0	0	0	0	-	1	1	14	C
*CC=^XCCCCCO/8=O	2	2	9	7	2	0	0	0	0	0	0	0	-	1	1	7	C
*CC=^ZCCCCCO/8=O	2	2	9	7	2	0	0	0	0	0	0	0	-	1	1	7	C
*CCC=^ECCCCCCCCC$8/13C/9C/9C/5C	2	2	16	16	0	0	0	0	0	0	1	0	6	0	0	6	C
*CCCC/2=O	2	2	5	4	1	0	0	0	0	0	0	0	-	1	0	4	C
*CCCCC	2	2	5	5	0	0	0	0	0	0	0	0	-	0	0	5	C
*CCCCCC$2	2	2	6	6	0	0	0	0	0	0	1	0	6	0	0	0	C
*CCCC^RC^RC^RC^SC^RC^SC^SC^SCC^RCC$11/14O/12CC^R$9/19O/11C/10CC^S$7/23O/8CC$6/7C/5C	2	2	27	24	3	0	0	0	0	0	4	0	5,6,6,6	0	0	5	C
*CCC^RC^SC^RC^SC^SCCCC$7/9C/9C/8CC$5/7C/6CCC=^ECOSO/23=O/23=O/20$4/5C	2	2	26	21	4	0	1	0	0	0	3	0	6,6,6	0	0	2	C
*CCO	2	2	3	2	1	0	0	0	0	0	0	0	-	0	0	2	C
*CC^RCC^RC^ROCCO/6CC$3/5OC	2	2	13	10	3	0	0	0	0	0	1	0	6	0	0	2	C
*CC^SCO/4=O/3N	2	2	6	3	2	1	0	0	0	0	0	0	-	1	1	3	C
*CC^XCC^XC=^ECCOC/8=O/7C/5C/3C	2	2	13	11	2	0	0	0	0	0	0	0	-	1	1	7	C
*CN(CCCCCCCCCC$8/7CCCNCN$4/16$5/11)OCO($10)	2	2	21	16	2	3	0	0	0	16	4	3	5,6,6,6	0	0	1	C
*CO*	2	2	2	1	1	0	0	0	0	0	0	0	-	0	0	1	C
*COC(CCCCN$5)/4=O	2	2	9	6	2	1	0	0	0	5	1	1	5	1	1	1	C
*COCC*/2=O	2	1	5	3	2	0	0	0	0	0	0	0	-	1	1	2	C
*COCCC^SNCC$5/7CCC$6/2=O	2	2	12	9	2	1	0	0	0	0	2	0	5,5	1	1	1	C
*COC^RC^RC^RC=^ZCC^SCC=^ECC$4/12C/9OCC/16=O/8C/6OCC$5/22=C/21=O/2=O	2	2	24	18	6	0	0	0	0	0	2	0	5,10	3	3	2	C
*COC^SC^SC^RNCC(CCCCCC$10/15)$5(/13)OCO($12)/7CCC$6/6C=^ECOC/23$4/2=O	2	2	25	19	5	1	0	0	0	6	5	1	5,5,5,6,7	1	1	1	C
*C^RC/2O	2	1	3	2	1	0	0	0	0	0	0	0	-	0	0	2	C
*C^RC^RCC(CCCCCC$6/9)C(/8)O(/7)CO/14=O/3C/2O	2	2	17	13	4	0	0	0	0	6	1	1	6	1	1	4	C
*C^RC^RCCCC/3C/2O	2	2	8	7	1	0	0	0	0	0	0	0	-	0	0	6	C
*C^RC^SCC^RC^RC^RC^RCCC=^ZC$7/10=O/9C/9C/8CC^R$5/17O/7C/6CC$3/5C/4=^ECC$2/3C	2	2	24	22	2	0	0	0	0	0	4	0	5,6,6,6	1	0	1	C
*C^RC^SC^SCC^RC^RC^RCCCC$7/10=O/9C/9C/8CC$5/7C/6CC$3/4CC$2/4C/3C	2	2	23	22	1	0	0	0	0	0	4	0	5,6,6,6	1	0	1	C
*C^SC=^ZCC^RC^R(CCCOC$7)/6OCC$4/13=O/5CC$2/5C/3C	2	2	18	15	3	0	0	0	0	5	3	1	5,6,6	1	1	1	C
*C^SCCCCC/2O	2	2	7	6	1	0	0	0	0	0	0	0	-	0	0	6	C
*C^SC^RC^RCCC^SC^RCCCC$7/10=O/9C/9C/8CC$5/7C/6=^ZCC$3/4CC$2/4C/3C	2	2	23	22	1	0	0	0	0	0	4	0	5,6,6,6	1	0	1	C
*C^SC^RC^SC=^ECC=^ZCCC^SCC^RC$8/12O/10O/9=C/5CCC$3/4CC$2/3C	2	2	21	19	2	0	0	0	0	0	3	0	5,6,6	0	0	2	C
*C^SC^RC^SC^SC^SC^RC=^ZCCC=^ZC$7/10=O/8CC$5/7C/6CC$3/4CC$2/3C	2	2	20	19	1	0	0	0	0	0	4	0	5,6,6,6	1	0	1	C
*C^SN*/3CCC$2	2	2	5	4	0	1	0	0	0	0	1	0	5	0	0	0	C
*C^XCCC^XCC$2/5C/3=O	2	1	8	7	1	0	0	0	0	0	1	0	6	1	0	1	C
*N(CCCCCC$3/4)OC	2	2	9	7	1	1	0	0	0	6	1	1	6	0	0	1	N
*N(CCCCCC$3/5)Cl	2	2	8	6	0	1	0	0	1	6	1	1	6	0	0	0	N
*N(CCCCCC$3/6)CC/9C	2	2	10	9	0	1	0	0	0	6	1	1	6	0	0	3	N
*N(CCCCCC$3/6)COC($5)	2	2	10	8	1	1	0	0	0	6	2	1	5,6	0	0	0	N
*N*/2CCCCN	2	2	6	4	0	2	0	0	0	0	0	0	-	0	0	4	N
*N*/2CCCCNCN/9=N	2	2	9	5	0	4	0	0	0	0	0	0	-	0	0	4	N
*NC(CCCCCC$4)/3=O/2C	2	2	10	8	1	1	0	0	0	6	1	1	6	1	0	1	N
*NC(CCCCCC$4/5)N=^ZC$2/3=O	2	2	11	8	1	2	0	0	0	6	2	1	6,6	1	0	0	N
*NC(CCCCCC$4/9)I(/8)NCC/12=O(/7)I(/6)NCC/17=O/16C(/5)I/3=O	2	2	21	12	3	3	0	0	3	6	1	1	6	3	0	2	N
*NC(CCCCCCCCCC$8/7CC$4/11)Cl	2	2	15	13	0	1	0	0	1	12	2	2	6,6	0	0	1	N
*NC(CNCCCCCC$6/7N$4)	2	2	11	8	0	3	0	0	0	9	2	2	5,6	0	0	1	N
*NC=^ECCNCN$3/7=O/5=O/4N	2	2	10	4	2	4	0	0	0	0	1	0	6	2	0	0	N
*NC=^ZC(CCCCCC$5/8)O(/7)Cl	2	2	11	8	1	1	0	0	1	6	1	1	6	0	0	2	N
*NC=^ZOC/3C	2	2	5	3	1	1	0	0	0	0	0	0	-	1	0	2	N
*NCC(CCSCN$5)	2	2	8	5	0	2	1	0	0	5	1	1	5	0	0	2	N
*NCC/3=O/2C	2	1	5	3	1	1	0	0	0	0	0	0	-	1	0	2	N
*NCC=^EC(CCCCCC$6)/3=O	2	2	11	9	1	1	0	0	0	6	1	1	6	1	0	3	N
*NCCCC/3=O	2	2	6	4	1	1	0	0	0	0	0	0	-	1	0	4	N
*NCCCCCCCCC/10C/3=O	2	2	12	10	1	1	0	0	0	0	0	0	-	1	0	9	N
*NCCCCCCCCCCC/12C/3=O	2	2	14	12	1	1	0	0	0	0	0	0	-	1	0	11	N
*NCCCCCCCCCCCC/3=O	2	2	14	12	1	1	0	0	0	0	0	0	-	1	0	12	N
*NCCCCCCCCCCCCCC/15C/3=O	2	2	17	15	1	1	0	0	0	0	0	0	-	1	0	14	N
*NCCCCCCCCCCCCCCCCCCCCCCCCCC/3=O	2	2	28	26	1	1	0	0	0	0	0	0	-	1	0	26	N
*NCCCCNCN/8=N	2	2	9	5	0	4	0	0	0	0	0	0	-	0	0	4	N
*NCCC^ROCCCCCCCCC=^ZCCCCCCC/7=O/5CCCCCCCCCCC/3=O	2	2	34	30	3	1	0	0	0	0	0	0	-	2	1	16	N
*NCCC^ROCCCCCCCCCCCCCC/7=O/5CCCCCCCCCCC/3=O	2	1	32	28	3	1	0	0	0	0	0	0	-	2	1	14	N
*NCCC^ROCCCCCCCCCCCCCCCC/7=O/5CCCCCCCCCCC/3=O	2	1	34	30	3	1	0	0	0	0	0	0	-	2	1	16	N
*NCCC^ROCC^XCCCCCCCCCCCCCCCCCCCCCC/8O/7=O/5CCCCCCCCCCCCCCC/3=O	2	2	47	42	4	1	0	0	0	0	0	0	-	2	1	24	N
*NCCC^SCCCNCCC^SCCCN/12N/10=O/5N/3=O	2	2	19	12	2	5	0	0	0	0	0	0	-	2	0	6	N
*NCCC^SNCC/7=O/5CCCN/3=O	2	2	13	8	2	3	0	0	0	0	0	0	-	2	0	6	N
*NCCC^XOCCCCCCCCCCCC/7=O/5CCCCCCCCCCC/3=O	2	1	30	26	3	1	0	0	0	0	0	0	-	2	1	14	N
*NCCCl	2	2	4	2	0	1	0	0	1	0	0	0	-	0	0	2	N
*NCCN/4=O/3=O	2	2	6	2	2	2	0	0	0	0	0	0	-	2	0	2	N
*NCCNCCCCCCCCCCCCCCC/19C/6=O/3=O	2	2	22	18	2	2	0	0	0	0	0	0	-	2	0	15	N
*NCCNCCNC(CCCCCCC$11/12CCC$10/16)C$8/20=O/9=O/5CC$2	2	2	23	18	2	3	0	0	0	10	4	2	6,6,6,6	2	0	2	N
*NCCNCNCCOCC$7/6=O	2	2	12	7	2	3	0	0	0	0	1	0	6	1	0	2	N
*NCCO/4=O	2	2	5	2	2	1	0	0	0	0	0	0	-	1	1	2	N
*NCC^RC/4O/3=O	2	2	6	3	2	1	0	0	0	0	0	0	-	1	0	3	N
*NCC^SC(CCCCCC$6/9)O/4N/3=O	2	2	13	9	2	2	0	0	0	6	1	1	6	1	0	3	N
*NCC^XC(CCCCCC$6/9)OC/4N/3=O	2	2	14	10	2	2	0	0	0	6	1	1	6	1	0	3	N
*NCC^XC^XOCN/7=O/5C/4C/3=O	2	2	11	6	3	2	0	0	0	0	0	0	-	2	1	4	N
*NCC^XOC/4C/3=O	2	1	7	4	2	1	0	0	0	0	0	0	-	1	0	3	N
*NCN*/3=O	2	2	4	1	1	2	0	0	0	0	0	0	-	1	0	1	N
*NCNCC=^ZC/6C/5=O/3=O/2$7	2	1	9	5	2	2	0	0	0	0	1	0	6	2	0	1	N
*NCS*/3=O	2	2	4	1	1	1	1	0	0	0	0	0	-	1	0	1	N
*NC^R(CCCCCC$4)/3CO	2	2	10	8	1	1	0	0	0	6	1	1	6	0	0	2	N
*NC^SCC^ROCCCCC/7=O/5CCCCCCCC/3O	2	2	20	16	3	1	0	0	0	0	0	0	-	1	1	11	N
*NC^SCO/4=O/3CCCO/9=O	2	2	10	5	4	1	0	0	0	0	0	0	-	2	2	5	N
*NC^SC^SC(CCCCCC$6/8)O(/7)CO$4/13=O/3CCC/17C	2	2	18	14	3	1	0	0	0	6	2	1	6,6	1	1	4	N
*NC^SC^SC^SC^RC^RCO/7C$3/6O/5O/4O	2	1	12	7	4	1	0	0	0	0	1	0	6	0	0	1	N
*NC^XCC/4C/4O/3CSC/8=O	2	2	10	6	2	1	1	0	0	0	0	0	-	1	0	4	N
*O(CCCCCC$3/4)CC(CCCCCC$11/13)OC	2	2	17	15	2	0	0	0	0	12	2	2	6,6	0	0	2	O
*O(CCCCCC$3/4)CC/9C/9C	2	2	11	10	1	0	0	0	0	6	1	1	6	0	0	3	O
*O(CCCCCC$3/4)CC=C	2	2	10	9	1	0	0	0	0	6	1	1	6	0	0	3	O
*O(CCCCCC$3/4)CCC(CCCCCC$12)/9=O	2	2	17	15	2	0	0	0	0	12	2	2	6,6	1	0	3	O
*O(CCCCCC$3/4)CO	2	2	9	7	2	0	0	0	0	6	1	1	6	0	0	1	O
*O(CCCCCC$3/4)Cl	2	2	8	6	1	0	0	0	1	6	1	1	6	0	0	0	O
*O(CCCCCC$3/5)C(/4)C	2	2	9	8	1	0	0	0	0	6	1	1	6	0	0	1	O
*O(CCCCCC$3/5)CC^RC^SC($4)/11O/10O	2	2	13	10	3	0	0	0	0	6	2	1	6,6	0	0	0	O
*O(CCCCCC$3/5)CC^SC^RC($4)/11O/10O	2	2	13	10	3	0	0	0	0	6	2	1	6,6	0	0	0	O
*O(CCCCCC$3/5)C^XCCC($4)/9O	2	2	12	10	2	0	0	0	0	6	2	1	6,6	0	0	0	O
*O(CCCCCC$3/5)OCCO/11=O/10=^ZCC($4)/15=O	2	2	15	10	5	0	0	0	0	6	2	1	6,6	2	1	1	O
*O(CCCCCC$3/5)OCCOCC/11=O/10=^ZCC($4)/17=O	2	2	17	12	5	0	0	0	0	6	2	1	6,6	2	1	2	O
*O(CCCCCC$3/5CCCN$4)	2	2	11	9	1	1	0	0	0	10	2	2	6,6	0	0	0	O
*O(CCCCCC$3/6)C(/5)CCC($4)	2	2	11	10	1	0	0	0	0	6	2	1	5,6	0	0	1	O
*O(CCCCCC$3/6)C(CCCCCC$10/15)O(/13)OCC=^ZC($12/11)O($5/4)O/18C/18C/9=O	2	2	24	18	6	0	0	0	0	12	4	2	6,6,6,6	1	0	1	O
*O(CCCCCC$3/6)C=^ECC(/4)OC	2	2	12	10	2	0	0	0	0	6	1	1	6	0	0	3	O
*O(CCCCCC$3/6)C=^ECCO(/4)OC	2	2	13	10	3	0	0	0	0	6	1	1	6	0	0	3	O
*O(CCCCCC$3/6)C=^ECCO/11=O(/4)OC	2	2	14	10	4	0	0	0	0	6	1	1	6	1	1	3	O
*O(CCCCCC$3/6)CC/9=O(/5)O(/4)CCC	2	2	14	11	3	0	0	0	0	6	1	1	6	1	0	3	O
*O(CCCCCC$3/6)CN/9=N(/4)Br	2	2	11	7	1	2	0	0	1	6	1	1	6	0	0	1	O
*O(CCCCCC$3/6)F(/5)F	2	2	9	6	1	0	0	0	2	6	1	1	6	0	0	0	O
*O(CCCCCC$3/6)NCC/10=O	2	2	11	8	2	1	0	0	0	6	1	1	6	1	0	2	O
*O(CCCCCC$3/6)OCCO/11=O	2	2	12	8	4	0	0	0	0	6	1	1	6	1	1	2	O
*O(CCCCCC$3/8)OC(/6)CC^RC^SC(CCCCCC$15/18)O(/17)OC/13C/12C(/4)OC	2	2	26	21	5	0	0	0	0	12	2	2	6,6	0	0	4	O
*O(CCCCCCC$4/5NC$3)	2	2	10	8	1	1	0	0	0	9	2	2	5,6	0	0	0	O
*O(CCCCCNCNC$6/11C$3/7)N(CCCCCC$14/17)F(/16)Cl(/4)NCC=^XCCNC/27C/23=O	2	2	29	20	2	5	0	0	2	16	3	3	6,6,6	1	0	4	O
*O(CCCCNCCCC$3/8$4/6CCCC$5)	2	2	14	12	1	1	0	0	0	13	3	3	5,6,6	0	0	0	O
*O(CCCNCC$4/5CCC$3/7)C	2	2	11	9	1	1	0	0	0	9	2	2	5,6	0	0	1	O
*OC(CCCCCC$4/5)NC/3=O	2	2	11	8	2	1	0	0	0	6	1	1	6	1	1	1	O
*OC(CCCCCC$4/6)I	2	2	9	7	1	0	0	0	1	6	1	1	6	0	0	1	O
*OC(CCCCCC$4/6)OC	2	1	10	8	2	0	0	0	0	6	1	1	6	0	0	1	O
*OC(CCCCCC$4/7)Cl	2	2	9	7	1	0	0	0	1	6	1	1	6	0	0	1	O
*OC(CCCCCC$4/7)O(/6)OC/3=O	2	1	12	8	4	0	0	0	0	6	1	1	6	1	1	1	O
*OC(CCCCCC$4/7)OC(/6)OC/3=O	2	2	13	9	4	0	0	0	0	6	1	1	6	1	1	1	O
*OC(CCCCCC$4/8)OC(/7)OC(/6)OC/3=O	2	2	15	10	5	0	0	0	0	6	1	1	6	1	1	1	O
*OC(CCCCCC$4/9)C(/7)O(/5)O/3=O	2	2	12	8	4	0	0	0	0	6	1	1	6	1	1	1	O
*OC(CCCCCC$4/9)O(/7)O(/5)C/3=O	2	2	12	8	4	0	0	0	0	6	1	1	6	1	1	1	O
*OC(CCCCNC$4/6)Br/3=O	2	2	10	6	2	1	0	0	1	6	1	1	6	1	1	1	O
*OC(CNCCCCCC$6/7CC$4)/3=O	2	2	13	10	2	1	0	0	0	10	2	2	6,6	1	1	1	O
*OC=^ECC	2	2	4	3	1	0	0	0	0	0	0	0	-	0	0	3	O
*OC=^ZCC	2	2	4	3	1	0	0	0	0	0	0	0	-	0	0	3	O
*OC=^ZCCCCCCCCCCCCC	2	2	15	14	1	0	0	0	0	0	0	0	-	0	0	14	O
*OCC*/3C/3C	2	1	5	4	1	0	0	0	0	0	0	0	-	0	0	3	O
*OCC=^EC(CCCCCC$6/9)OC/3=O	2	1	13	10	3	0	0	0	0	6	1	1	6	1	1	3	O
*OCC=^ECC^SCCCCCCCCCCCCCCCCCC/6C/4C/3=O	2	2	26	24	2	0	0	0	0	0	0	0	-	1	1	22	O
*OCC=^XC(CCCCCC$6/9)O/3=O	2	2	12	9	3	0	0	0	0	6	1	1	6	1	1	3	O
*OCC=^ZC(CCCCCC$6/10)OC(/7)O/3=O	2	2	14	10	4	0	0	0	0	6	1	1	6	1	1	3	O
*OCC=^ZC(CCCCCC$6/9)O(/8)O/3=O	2	2	13	9	4	0	0	0	0	6	1	1	6	1	1	3	O
*OCC=^ZC(CCCCCC$6/9)O(/8)OC/3=O	2	2	14	10	4	0	0	0	0	6	1	1	6	1	1	3	O
*OCC=^ZC(CCCCCC$6/9)OC/3=O	2	1	13	10	3	0	0	0	0	6	1	1	6	1	1	3	O
*OCCC/4=C/3=O	2	2	6	4	2	0	0	0	0	0	0	0	-	1	1	3	O
*OCCCC=^ZCCCCCC/3=O	2	2	12	10	2	0	0	0	0	0	0	0	-	1	1	10	O
*OCCCCC$3	2	2	6	5	1	0	0	0	0	0	1	0	5	0	0	0	O
*OCCCCC=O/3=O	2	2	8	5	3	0	0	0	0	0	0	0	-	2	1	5	O
*OCCCCC=^ECC=^ECC=^ECC=^ECC=^ECC=^ECC=^ECC=^ECC=^ECC=^ECC=^ECC=^ECC=CC/32C/28C/24C/20C/15C/11C/7C/3C/3C	2	2	41	40	1	0	0	0	0	0	0	0	-	0	0	32	O
*OCCCCC=^ECCC=^ECCC=^ECCC=^ECCCCCC/3=O	2	2	22	20	2	0	0	0	0	0	0	0	-	1	1	20	O
*OCCCCC=^ZCCC=^ZCCC=^ZCCC=^ZCCCCCC	2	2	21	20	1	0	0	0	0	0	0	0	-	0	0	20	O
*OCCCCC=^ZCCC=^ZCCC^RC=^ECC=^ZCCCCCC/13O/3=O	2	2	23	20	3	0	0	0	0	0	0	0	-	1	1	20	O
*OCCCCC=^ZCCC^RC^RC=^ECC^SCCCCC/14O/11CCC^S$10/23O/21=O/3=O	2	2	25	20	5	0	0	0	0	0	1	0	5	2	1	8	O
*OCCCCC=^ZCCC^RC^RC=^ECC^SCCCCC/14O/11C^RCC^S$10/23O/21O/3=O	2	2	25	20	5	0	0	0	0	0	1	0	5	1	1	8	O
*OCCCCC=^ZCCC^SC^RC=^ECC^SCCCCC/14O/11C^RCC^S$10/23O/21O/3=O	2	2	25	20	5	0	0	0	0	0	1	0	5	1	1	8	O
*OCCCCCC$3	2	2	7	6	1	0	0	0	0	0	1	0	6	0	0	0	O
*OCCCCCCC	2	2	8	7	1	0	0	0	0	0	0	0	-	0	0	7	O
*OCCCCCCC=^ZCCCCCCC/3=O	2	2	16	14	2	0	0	0	0	0	0	0	-	1	1	14	O
*OCCCCCCC=^ZCCCCCCCCC/3=O	2	2	18	16	2	0	0	0	0	0	0	0	-	1	1	16	O
*OCCCCCCCCC=^ZCC=^ZCCCCCCC/3=O	2	2	20	18	2	0	0	0	0	0	0	0	-	1	1	18	O
*OCCCCCCCCC=^ZCCCCCCCC/3=O	2	2	19	17	2	0	0	0	0	0	0	0	-	1	1	17	O
*OCCCCCCCCC=^ZCCCCCCCCCCC/3=O	2	2	22	20	2	0	0	0	0	0	0	0	-	1	1	20	O
*OCCCCCCCCCCC/3=O	2	2	13	11	2	0	0	0	0	0	0	0	-	1	1	11	O
*OCCCCCCCCCCC=^ZCCC=^ZCCC=^ZCCC/3=O	2	2	22	20	2	0	0	0	0	0	0	0	-	1	1	20	O
*OCCCCCCCCCCC=^ZCCCCCCC	2	2	19	18	1	0	0	0	0	0	0	0	-	0	0	18	O
*OCCCCCCCCCCC=^ZCCCCCCCCCCC/3=O	2	2	24	22	2	0	0	0	0	0	0	0	-	1	1	22	O
*OCCCCCCCCCCCCC/3=O	2	2	15	13	2	0	0	0	0	0	0	0	-	1	1	13	O
*OCCCCCCCCCCCCC=^ZCCC=^ZCCCCCC	2	2	23	22	1	0	0	0	0	0	0	0	-	0	0	22	O
*OCCCCCCCCCCCCC=^ZCCCCCCCCC	2	2	23	22	1	0	0	0	0	0	0	0	-	0	0	22	O
*OCCCCCCCCCCCCCC/15C/3=O	2	2	17	15	2	0	0	0	0	0	0	0	-	1	1	14	O
*OCCCCCCCCCCCCCCC	2	2	16	15	1	0	0	0	0	0	0	0	-	0	0	15	O
*OCCCCCCCCCCCCCCCCC	2	2	18	17	1	0	0	0	0	0	0	0	-	0	0	17	O
*OCCCCCCCCCCCCCCCCCCC/3=O	2	2	21	19	2	0	0	0	0	0	0	0	-	1	1	19	O
*OCCCCCCCCCCCCCCCF/17F/17F/16F/16F/15F/15F/14F/14F/3=O	2	2	26	15	2	0	0	0	9	0	0	0	-	1	1	15	O
*OCCCCCCCCCCCC^XCC/14C/3=O	2	2	17	15	2	0	0	0	0	0	0	0	-	1	1	14	O
*OCCCCCCCCCC^RCCCCCCCC/12C/3=O	2	2	21	19	2	0	0	0	0	0	0	0	-	1	1	18	O
*OCCCCCCCCCOC/11=O	2	2	13	10	3	0	0	0	0	0	0	0	-	1	1	9	O
*OCCCCCCC^XC^XCC=^ZC$9/11=O/10CC=^ZCCC/3=O	2	1	19	16	3	0	0	0	0	0	1	0	5	2	1	6	O
*OCCCCCN	2	1	7	5	1	1	0	0	0	0	0	0	-	0	0	5	O
*OCCCCOCC/6=O/3=O	2	2	10	6	4	0	0	0	0	0	0	0	-	2	2	4	O
*OCCCNC/6C	2	2	7	5	1	1	0	0	0	0	0	0	-	0	0	3	O
*OCCCNC^R(CCCCCC$8/12)OC(/11)OC(/9)CC$6/7C(CCCCCC$21/24)OC(/23)OC/6C/3=O	2	2	31	24	6	1	0	0	0	12	3	2	6,6,6	1	1	3	O
*OCCCNC^X(CCCCCC$8/12)OC(/11)OC(/9)CC$6/7C(CCCCCC$21/24)OC(/23)OC/6C/3=O	2	2	31	24	6	1	0	0	0	12	3	2	6,6,6	1	1	3	O
*OCCC^ROCCCCCCCCCCCCCCCC/7=O/5CCCCCCCCCCC/3=O	2	1	34	30	4	0	0	0	0	0	0	0	-	2	2	16	O
*OCCC^SCCO/7=O/5C/3=O	2	2	10	6	4	0	0	0	0	0	0	0	-	2	2	5	O
*OCCC^SCCO/7=O/5C/5O/3=O	2	1	11	6	5	0	0	0	0	0	0	0	-	2	2	5	O
*OCCC^XC/5O/3=O	2	2	7	4	3	0	0	0	0	0	0	0	-	1	1	4	O
*OCCC^XOCCCCCCCCCCCCCC/7=O/5CCCCCCCCCCC/3=O	2	1	32	28	4	0	0	0	0	0	0	0	-	2	2	14	O
*OCCN/3=O	2	2	5	2	2	1	0	0	0	0	0	0	-	1	1	2	O
*OCC^SCC/5C/4N/3=O	2	2	8	5	2	1	0	0	0	0	0	0	-	1	1	4	O
*OCC^SCCCCN/4N/3=O	2	2	10	6	2	2	0	0	0	0	0	0	-	1	1	6	O
*OCC^SCC^SCC^SCC^SCC^RCC^RCC^RCC^RC^XCCCCCCCCCCCCCCC/19O/18C/16C/14C/12C/10C/8C/6C/4C/3=O	2	2	43	40	3	0	0	0	0	0	0	0	-	1	1	32	O
*OCC^SCOCC/5=O/4CC=^XCCC^SCO*/15=O/14COCC/19=O/3=O	2	2	22	14	8	0	0	0	0	0	0	0	-	4	4	8	O
*OCC^SC^RC=^ECCCCCCCCCCCCCC/5O/4N	2	2	21	18	2	1	0	0	0	0	0	0	-	0	0	18	O
*OCC^XCC^XCC/6C/4C/3=O	2	2	10	8	2	0	0	0	0	0	0	0	-	1	1	6	O
*OCC^XC^XCCCCCCCC=^ECCCCCCC/5O/4CCCCCCCCCCCCCC/3=O	2	1	35	32	3	0	0	0	0	0	0	0	-	1	1	31	O
*OCC^XC^XCCCCCCCCCCCCCCCCCC=^ECCCCCCCCCCCCCCOC^XCCCCCCCCCCCCCCCCCC/39C/37=O/5O/4CCCCCCCCCCCCCCCCCCCCCCCCC/3=O	2	2	85	80	5	0	0	0	0	0	0	0	-	2	2	59	O
*OCN(CCCCCC$5/8)Br/3=O	2	2	11	7	2	1	0	0	1	6	1	1	6	1	1	1	O
*OCNC^SC^RCNS(CCCCCC$10/13)N/9=O/9=O/8CCC/20C/6O/5C(CCCCCC$25)/3=O	2	2	30	21	5	3	1	0	0	12	2	2	6,6	1	1	4	O
*OCO*/3(CCCCS$6)	2	2	8	5	2	0	1	0	0	5	1	1	5	0	0	1	O
*OCO*/3CC/6C	2	2	6	4	2	0	0	0	0	0	0	0	-	0	0	3	O
*OCO*/3CF/6F/6F	2	2	7	2	2	0	0	0	3	0	0	0	-	0	0	2	O
*OC^RCC^RCCCCCCCCCCC/5O/3O	2	2	17	14	3	0	0	0	0	0	0	0	-	0	0	14	O
*OC^RCNC^SCN/7=O/6C/4=O/3C	2	1	11	6	3	2	0	0	0	0	0	0	-	2	0	3	O
*OC^RCNC^SCNC^RC=O/10N/9CCCO/15=O/7=O/6C/4=O/3C	2	1	20	11	6	3	0	0	0	0	0	0	-	4	1	5	O
*OC^RCNC^SCNC^RCCCNC^SCO/15=O/14CCCCN/12=O/9C=O/24O/7=O/6C/4=O/3C	2	2	29	17	8	4	0	0	0	0	0	0	-	5	2	6	O
*OC^RCNC^SCNC^RCNC^SCO/13=O/12CCCCN/10=O/9CCCO/24=O/7=O/6C/4=O/3C	2	2	29	17	8	4	0	0	0	0	0	0	-	5	2	6	O
*OC^RCNC^SCNC^RCO/10=O/9CCCO/15=O/7=O/6C/4=O/3C	2	2	20	11	7	2	0	0	0	0	0	0	-	4	2	5	O
*OC^RC^RCC=^ZCC=^ECC^SC^RC^RC^RCCCCC/17C/17O/13C/12CC$10/11CCC$9/11C/6CC^R$3/29O/5=C/4O	2	2	31	27	4	0	0	0	0	0	3	0	5,6,6	0	0	7	O
*OC^RC^SC^SC^RN=^ZCN=C/8O$5/6C^R$3/12O/4CO	2	2	14	8	4	2	0	0	0	0	2	0	5,5	0	0	1	O
*OC^RC^SC^SC^RN=^ZCNC/9C/8O$5/6C^R$3/13O/4CO	2	1	15	9	4	2	0	0	0	0	2	0	5,5	0	0	1	O
*OC^RO*/3(CCCCCC$6/9)Cl(/7)Cl/3C(NCCNC$15)	2	2	17	11	2	2	0	0	2	11	2	2	5,6	0	0	2	O
*OC^SCCCCCCC$5/3CO/11=O	2	1	12	9	3	0	0	0	0	0	1	0	6	1	1	3	O
*OC^SC^SC^SC^SC=^ECC=^ZCCC^SCC^RC$10/14O/12O/11=C/7CCC$5/6CC$4/5C/3C	2	2	24	21	3	0	0	0	0	0	3	0	5,6,6	0	0	2	O
*OC^SO*/3(CCCCCC$6/9)Cl(/7)Cl/3C(NCCNC$15)	2	2	17	11	2	2	0	0	2	11	2	2	5,6	0	0	2	O
*OP/2$3	2	2	2	0	1	0	0	1	0	0	1	0	2	0	0	0	O
*OPNCCCl/3NCCCl/3=O	2	2	11	4	2	2	0	1	2	0	0	0	-	0	0	2	O
*OPO/3O/3S	2	2	5	0	3	0	1	1	0	0	0	0	-	0	0	0	O
*OP^SOC^SCO/6O/5C/3O/3=O	2	2	10	3	6	0	0	1	0	0	0	0	-	0	0	3	O
*OP^SOP^ROCCN/5O/5=O/3O/3=O	2	1	12	2	7	1	0	2	0	0	0	0	-	0	0	2	O
*OP^XCCN/3O/3=O	2	2	7	2	3	1	0	1	0	0	0	0	-	0	0	2	O
*OP^XCCNC/6C/6C/3O/3=O	2	2	10	5	3	1	0	1	0	0	0	0	-	0	0	2	O
*OP^XNCCCl/4CCCl/3N/3=O	2	2	11	4	2	2	0	1	2	0	0	0	-	0	0	2	O
*OP^XOC*/3O/3=O	2	2	6	1	4	0	0	1	0	0	0	0	-	0	0	1	O
*OP^XOC/3O/3=O	2	2	6	1	4	0	0	1	0	0	0	0	-	0	0	1	O
*OP^XOCCNC/3O/3=O	2	2	9	3	4	1	0	1	0	0	0	0	-	0	0	2	O
*OP^XOCCNCCCCCCCCCCCCCCCCCCCC/8=O/3=O/3O	2	2	29	22	5	1	0	1	0	0	0	0	-	1	0	20	O
*OP^XOC^SCNC^SCO/9=O/8CCCO/14=O/6=O/5C/3O/3=O	2	2	19	8	9	1	0	1	0	0	0	0	-	3	2	5	O
*OP^XOC^SCNC^SCO/9=O/8CCCO/14=O/6=O/5CCCO/20=O/3=O/3O	2	1	23	10	11	1	0	1	0	0	0	0	-	4	3	5	O
*OP^XOC^SCO/6=O/5C/3O/3=O	2	2	10	3	6	0	0	1	0	0	0	0	-	1	1	3	O
*OP^XOP^XCPO/7O/7=O/5O/5=O/3O/3=O	2	2	13	1	9	0	0	3	0	0	0	0	-	0	0	1	O
*OP^XOP^XO*/5O/5=O/3O/3=O	2	2	9	0	7	0	0	2	0	0	0	0	-	0	0	0	O
*OP^XOSeO/5=O/5=O/3O/3=O	2	2	9	0	7	0	0	1	0	0	0	0	-	0	0	0	O
*P	2	2	1	0	0	0	0	1	0	0	0	0	-	0	0	0	P
*P^XOCCNC/6C/6C/2O/2=O	2	2	10	5	3	1	0	1	0	0	0	0	-	0	0	2	P
*S(CCCCCC$3/6)NCOCC/10=O	2	2	13	9	2	1	1	0	0	6	1	1	6	1	1	2	S
*SCC/3=O	2	2	4	2	1	0	1	0	0	0	0	0	-	1	0	2	S
*SCC^RCO/5=O/4N	2	2	7	3	2	1	1	0	0	0	0	0	-	1	1	3	S
*(CCCCCC$2/3)CO/8=O	1	1	9	7	2	0	0	0	0	6	1	1	6	1	1	1	C
*(CCCCCC$2/4)COCC($3)/8=O	1	1	11	9	2	0	0	0	0	6	2	1	6,6	1	1	0	C
*(CCCCCC$2/4)OC	1	1	8	7	1	0	0	0	0	6	1	1	6	0	0	1	C
*(CCCCCC$2/5)Br(/3)*	1	1	7	6	0	0	0	0	1	6	1	1	6	0	0	0	C
*(CCCCCC$2/5)CC/8C/8C	1	1	10	10	0	0	0	0	0	6	1	1	6	0	0	3	C
*(CCCCCC$2/5)CCCCCC$8	1	1	12	12	0	0	0	0	0	6	2	1	6,6	0	0	0	C
*(CCCCCC$2/5)CCCO(/4)OC	1	1	12	10	2	0	0	0	0	6	1	1	6	0	0	3	C
*(CCCCCC$2/5)N	1	1	7	6	0	1	0	0	0	6	1	1	6	0	0	0	C
*(CCCCCC$2/5)NC^RCC^SNC=^ECCNC=^ZN$13/17N/15=O/14N$10/11C/9C	1	1	22	15	1	6	0	0	0	6	3	1	6,6,6	1	0	2	C
*(CCCCCC$2/5)NC^RC^RNC=^ECN=^ZCNC$12/17=O/15N/13NC^S$10/21C/11=^EC$8/9C	1	1	23	16	1	6	0	0	0	6	4	1	5,6,6,6	1	0	1	C
*(CCCCCC$2/5)NC^RC^RNC=^ECN=^ZCNC$12/17=O/15N/13NC^S$10/21C/11C$8/9C	1	1	23	16	1	6	0	0	0	6	4	1	5,6,6,6	1	0	1	C
*(CCCCCC$2/5)NC^RC^RNC=^ECNC=^ZNC$12/17=O/15N/13NC^S$10/21C/11C$8/9C	1	1	23	16	1	6	0	0	0	6	4	1	5,6,6,6	1	0	1	C
*(CCCCCC$2/5)NC^RC^XNC=^ECN=^ZCNC$12/17=O/15N/13NC^S$10/21C/11C=O/9C	1	1	24	16	2	6	0	0	0	6	3	1	6,6,6	2	0	2	C
*(CCCCCC$2/5)O(/4)C=^ZCCO($3)/11C/11C	1	1	13	11	2	0	0	0	0	6	2	1	6,6	0	0	1	C
*(CCCCCC$2/5)O(/4)CC=CC/11C(/3)OC	1	1	14	12	2	0	0	0	0	6	1	1	6	0	0	4	C
*(CCCCCC$2/5)O(/4)CC=^ECCCC=CC/15C/11C	1	1	17	16	1	0	0	0	0	6	1	1	6	0	0	8	C
*(CCCCCC$2/5)O(/4)CCCO($3)/11C/11C	1	1	13	11	2	0	0	0	0	6	2	1	6,6	0	0	1	C
*(CCCCCC$2/5)O(/4)OC^RCCC=CC/14C/10CC($3)/10C	1	1	18	16	2	0	0	0	0	6	2	1	6,6	0	0	5	C
*(CCCCCC$2/5)O(/4)OC^XCCC=CC/14C/10C=^ZC($3)/10C	1	1	18	16	2	0	0	0	0	6	2	1	6,6	0	0	5	C
*(CCCCCC$2/5)OC(/4)O(/3)CC=CC/13C	1	1	14	12	2	0	0	0	0	6	1	1	6	0	0	4	C
*(CCCCCC$2/5)OC(CCCCCC$10/11)C	1	1	15	14	1	0	0	0	0	12	2	2	6,6	0	0	1	C
*(CCCCCC$2/5)OC(CCCCCC$10/4)OC(CCCCCC$18)/17=O/9=O	1	1	24	20	4	0	0	0	0	18	3	3	6,6,6	2	2	1	C
*(CCCCCC$2/5)OCC	1	1	9	8	1	0	0	0	0	6	1	1	6	0	0	2	C
*(CCCCCC$2/5)OCC=CC/11C	1	1	12	11	1	0	0	0	0	6	1	1	6	0	0	4	C
*(CCCCCC$2/5)OCC=CC/11C(/4)O	1	1	13	11	2	0	0	0	0	6	1	1	6	0	0	4	C
*(CCCCCC$2/5)OCCC/10C(/3)C	1	1	12	11	1	0	0	0	0	6	1	1	6	0	0	3	C
*(CCCCCC$2/5)OCCCC(/3)C	1	1	12	11	1	0	0	0	0	6	1	1	6	0	0	4	C
*(CCCCCC$2/5)OCCCCCCO/14=O	1	1	15	12	3	0	0	0	0	6	1	1	6	1	1	6	C
*(CCCCCC$2/5)OC^XC($4)/9C	1	1	10	9	1	0	0	0	0	6	2	1	5,6	0	0	1	C
*(CCCCCC$2/5)SN/8=O/8=O	1	1	10	6	2	1	1	0	0	6	1	1	6	0	0	0	C
*(CCCCCC$2/6)C(/3)C	1	1	8	8	0	0	0	0	0	6	1	1	6	0	0	1	C
*(CCCCCC$2/6)C=^ECCO/10=O(/4)OC(/3)O	1	1	14	10	4	0	0	0	0	6	1	1	6	1	1	3	C
*(CCCCCC$2/6)C=^ZCCO($5/3)O/10=O	1	1	12	9	3	0	0	0	0	6	2	1	6,6	1	1	0	C
*(CCCCCC$2/6)C=^ZCCO($5/3)O/10C/10C	1	1	13	11	2	0	0	0	0	6	2	1	6,6	0	0	1	C
*(CCCCCC$2/6)C=^ZCCO($5/4)O/10C/10C(/3)CC=CC/17C	1	1	18	16	2	0	0	0	0	6	2	1	6,6	0	0	4	C
*(CCCCCC$2/6)CC=CC/10C(/5)O(/3)OC	1	1	14	12	2	0	0	0	0	6	1	1	6	0	0	4	C
*(CCCCCC$2/6)CC=CC/10C(/5)O(/4)O(/3)CC=CC/17C	1	1	18	16	2	0	0	0	0	6	1	1	6	0	0	4	C
*(CCCCCC$2/6)CC=CC/10C(/5)OCC=^ZC($4)/14C/14C	1	1	17	16	1	0	0	0	0	6	2	1	6,6	0	0	4	C
*(CCCCCC$2/6)CC^RC^RCOC$9/11=O/10C(CCCCCC$16/19)O(/18)OC(/4)OC(/3)O	1	1	26	20	6	0	0	0	0	12	3	2	5,6,6	1	1	1	C
*(CCCCCC$2/6)CC^XC^XC(CCCCCC$12/15)OC(/14)OC/10COC$9/24=O(/4)OC(/3)O	1	1	27	21	6	0	0	0	0	12	3	2	5,6,6	1	1	1	C
*(CCCCCC$2/6)CO/8=O(/4)OC(/3)O	1	1	12	8	4	0	0	0	0	6	1	1	6	1	1	1	C
*(CCCCCC$2/6)N(/3)COC/9=O	1	1	11	8	2	1	0	0	0	6	1	1	6	1	1	1	C
*(CCCCCC$2/6)O(/5)C(/4)O(/3)C=O	1	1	11	8	3	0	0	0	0	6	1	1	6	1	0	1	C
*(CCCCCC$2/6)O(/5)CC=C/9C/9C(/3)O	1	1	13	11	2	0	0	0	0	6	1	1	6	0	0	4	C
*(CCCCCC$2/6)O(/5)O(/4)CC=CC/12C	1	1	13	11	2	0	0	0	0	6	1	1	6	0	0	4	C
*(CCCCCC$2/6)O(/5)OC(/4)CC=CC/13C	1	1	14	12	2	0	0	0	0	6	1	1	6	0	0	4	C
*(CCCCCC$2/6)OC(/3)O	1	1	9	7	2	0	0	0	0	6	1	1	6	0	0	1	C
*(CCCCCC$2/6)OC(/5)OC(/3)OC	1	1	12	9	3	0	0	0	0	6	1	1	6	0	0	1	C
*(CCCCCC$2/6)OC(/5)OCO($4)	1	1	11	8	3	0	0	0	0	6	2	1	5,6	0	0	1	C
*(CCCCCC$2/7)O(/4)CC=C/9C/9C	1	1	12	11	1	0	0	0	0	6	1	1	6	0	0	4	C
*(CCCCCC$2/7)O(/4)COC/9=O	1	1	11	8	3	0	0	0	0	6	1	1	6	1	1	1	C
*(CCCCCC$2/7)O(/5)O(/3)O	1	1	9	6	3	0	0	0	0	6	1	1	6	0	0	0	C
*(CCCCCC$2/7)O(/5)O(/4)CC=^ZC(CCCCCC$13/16)O(/15)O/12O($3)/10=O	1	1	21	15	6	0	0	0	0	12	3	2	6,6,6	1	0	0	C
*(CCCCCC$2/7)O(/5)O(/4)CC=^ZC(CCCCCC$13/16)O/12O($3)/10=O	1	1	20	15	5	0	0	0	0	12	3	2	6,6,6	1	0	0	C
*(CCCCCC$2/7)O(/5)OC(/4)C=^ECCO($3)/13=O/12COC$11/16=O	1	1	18	12	6	0	0	0	0	6	3	1	5,6,6	2	2	1	C
*(CCCCCC$2/7)O(/5)OC(/4)CC=^EC(CCCCCC$14/17)O/11=O(/3)O	1	1	21	16	5	0	0	0	0	12	2	2	6,6	1	0	3	C
*(CCCCCC$2/7)O(/5)OC^R(CCCCCC$11/14)O/10C^R(CCCCCC$19)/18($4/23)O(/21)O	1	1	25	20	5	0	0	0	0	18	4	3	5,6,6,6	0	0	0	C
*(CCCCCC$2/7)O(/6)C=^ZCCO($5/4)C^XCCO($3)/15=O/13CCC/11C/11C	1	1	21	17	4	0	0	0	0	6	3	1	6,6,6	1	1	3	C
*(CCCCCC$2/7)OC(/4)C=^ZCCO($3)/12=O	1	1	13	10	3	0	0	0	0	6	2	1	6,6	1	1	1	C
*(CCCCCCC$3/4CCC$2/11)O(/10)C(/8)=O(/6)N(/5)=O	1	1	15	11	3	1	0	0	0	10	2	2	6,6	2	0	1	C
*(CCCCCCC$3/4NCC$2/7)OC	1	1	12	10	1	1	0	0	0	10	2	2	6,6	0	0	1	C
*(CCCCCCCC$4/3CCCC$2/12)OCO($11/10)OC(/9)OC(/8)OCO($7/5)*	1	1	22	16	6	0	0	0	0	12	4	2	5,5,6,6	0	0	1	C
*(CCCCCCCC$4/3CCCCCCCC$12/11NC$2/19)CC/20C(/7)F	1	1	22	20	0	1	0	0	1	18	3	3	6,6,6	0	0	3	C
*(CCCCCCCC$4/5N$2/3)C=O	1	1	11	9	1	1	0	0	0	9	2	2	5,6	1	0	1	C
*(CCCCCCCCC$5/4CCC$2/11)OC(/10)O(/8)O(/7)CC=^ZC(CCCCCC$21/24)OC/20O($6)/18=O	1	1	29	23	6	0	0	0	0	18	4	3	6,6,6,6	1	0	1	C
*(CCCCCCCCC$5/4CCC$2/13)O(/12)O(/8)O(/6)O(/3)O	1	1	17	12	5	0	0	0	0	12	2	2	6,6	0	0	0	C
*(CCCCCCCCC$5/6C$2/3)*	1	1	10	10	0	0	0	0	0	10	2	2	6,6	0	0	0	C
*(CCCCCCCCC$5/6N$3/4CCN$2)	1	1	13	11	0	2	0	0	0	13	3	3	5,6,6	0	0	0	C
*(CCCCCCCCCC$6/7CCCC$2/13$4/15)CCO/17=O(/11)O(/9)O(/5)O(/3)O	1	1	22	16	6	0	0	0	0	14	3	3	6,6,6	1	1	2	C
*(CCCCCO$3/4CCC$2/10)Cl(/9)O(/8)O(/5)C(CCCCCC$15)/14=O	1	1	20	15	4	0	0	0	1	15	3	3	5,6,6	1	0	1	C
*(CCCCNCCCC$6/5CC$2)	1	1	11	10	0	1	0	0	0	11	2	2	5,6	0	0	0	C
*(CCCCNCCCCCCC$8/7CC$4/5CC$2/13)Cl(/9)Cl	1	1	18	15	0	1	0	0	2	16	3	3	6,6,6	0	0	0	C
*(CCCOC$2/6)C(/3)C	1	1	7	6	1	0	0	0	0	5	1	1	5	0	0	1	C
*(CCNCC$2/4)CCC/8C/8C(/3)C=O	1	1	12	10	1	1	0	0	0	5	1	1	5	1	0	3	C
*(CNCCCCC$3/4NC$2/10)C(/5)C	1	1	11	9	0	2	0	0	0	9	2	2	5,6	0	0	1	C
*(CNCCNC$2/5)CN=^ZCN($4)/10N/8=O	1	1	12	6	1	5	0	0	0	6	2	1	6,6	1	0	0	C
*(CNCCNC$2/5)NC=^ZNC($4)/11=O/9N	1	1	12	6	1	5	0	0	0	6	2	1	6,6	1	0	0	C
*(CNCCNCSC$5/4SC$2/7)CC/12C	1	1	13	9	0	2	2	0	0	10	2	2	5,5	0	0	3	C
*(CNCCNCSC$5/4SC$2/7)C^SC=^ECC=^ECCC/17C/12C	1	1	19	15	0	2	2	0	0	10	2	2	5,5	0	0	8	C
*(CNCCNCSC$5/4SC$2/7)C^XC=^ECC=^ECCC/17C/12C	1	1	19	15	0	2	2	0	0	10	2	2	5,5	0	0	8	C
*(CNCSC$2/4)C^XN=^ZCCC/10=C/9SC$7	1	1	13	9	0	2	2	0	0	5	2	1	5,5	0	0	3	C
*(NCCCC$2/6)C(/4)CCS(CNCCCCCC$13/14N$11/3)C/8=O	1	1	20	15	1	3	1	0	0	14	3	3	5,5,6	1	0	2	N
*(NCCCC$2/6CCCC$5/4CCCC$3)	1	1	13	12	0	1	0	0	0	13	3	3	5,6,6	0	0	0	N
*(NCCCCCC$3/4NC$2)	1	1	9	7	0	2	0	0	0	9	2	2	5,6	0	0	0	N
*(NCCCCCC$3/4NCCNCNC$2/15$10/13)=O(/11)=O(/7)C(/6)C(/5)O	1	1	19	12	3	4	0	0	0	14	3	3	6,6,6	2	0	1	N
*(NCCCCCCC$4/3CCC$2/12)CCCO/15=O(/7)C	1	1	17	14	2	1	0	0	0	11	2	2	5,6	1	1	3	N
*(NCCCCCCC$4/3CCC$2/12)CCCO/15=O(/7)F	1	1	17	13	2	1	0	0	1	11	2	2	5,6	1	1	3	N
*(NCCCCCCC$4/3CCC$2/12)CCCO/15=O(/7)OC	1	1	18	14	3	1	0	0	0	11	2	2	5,6	1	1	3	N
*(NCCCCCCC$4/3CNC$2/12)SCCNCCOCC$16	1	1	20	15	1	3	1	0	0	11	3	2	5,6,6	0	0	2	N
*(NCCCCCCCC$2/9$4/10)=O(/6)CN(CCCCCC$14/16)CO/20=O/12=O(/3)=O	1	1	23	16	5	2	0	0	0	15	3	3	5,5,6	4	1	4	N
*(NCCCCCCCC$2/9$4/10)=O(/6)CN(CCCCCC$14/16)OC/12=O(/3)=O	1	1	22	16	4	2	0	0	0	15	3	3	5,5,6	3	0	4	N
*(NCCCNCN$3/4NCC$2/11)=O(/10)C(/7)O(/5)=O	1	1	14	7	3	4	0	0	0	10	2	2	6,6	2	0	1	N
*(NCCCNCN$3/4NCC$2/11)C(/10)C(/7)=O(/5)=O	1	1	14	8	2	4	0	0	0	10	2	2	6,6	2	0	1	N
*(NCCCNCN$3/4NCC$2/11)O(/10)C(/7)=O(/5)=O	1	1	14	7	3	4	0	0	0	10	2	2	6,6	2	0	1	N
*(NCCNC$2/4CCCC$3/6)C	1	1	10	8	0	2	0	0	0	9	2	2	5,6	0	0	1	N
*(NCCNC$2/4CNCN$3/9)NCCCCCC$12/15O(/6)N(CCCCCC$20/25)F(/23)F(/21)F	1	1	27	17	1	6	0	0	3	15	4	3	5,6,6,6	0	0	0	N
*(NCCNC$2/6)NCCCCC$7(/4)NCNC($3)/16=O/15C/14=O/13C	1	1	19	12	2	5	0	0	0	5	3	1	5,6,6	2	0	1	N
*(NCCNC$2/6)NCCOCC$7(/4)NCNC($3)/16=O/14=O/13C	1	1	18	10	3	5	0	0	0	5	3	1	5,6,6	2	0	1	N
*(NCCNC$2/6)SCC/8C(/4)NCNC($3)/14=O/12=O/11C	1	1	16	9	2	4	1	0	0	5	2	1	5,6	2	0	3	N
*(NCCNCCCCCC$2/11$6/4CNCN$3/14)=O(/12)=O(/9)N(/8)C	1	1	18	11	2	5	0	0	0	14	3	3	6,6,6	2	0	1	N
*(NCCNCCCCCC$2/11$6/4CNCN$3/14)=O(/12)=O(/9)NC(/8)C	1	1	19	12	2	5	0	0	0	14	3	3	6,6,6	2	0	1	N
*(NCCNCCCCCCCC$2/13CCCC$12/11$3/10CNC$9/8$4/7CCCC$6/20)=O(/18)=O(/5)*	1	1	25	20	2	3	0	0	0	23	6	6	5,5,5,5,6,6	2	0	0	N
*(NCCNCCNCNC$2/11$6/4CCCC$3/14)C(/13)C(/9)=O(/7)=O(/5)S=O/20=O/20O	1	1	22	12	5	4	1	0	0	14	3	3	6,6,6	2	0	1	N
*(NCCNCCNCNC$2/11$6/4CCCC$3/14)NC/16C(/13)C(/9)=O(/7)=O	1	1	20	13	2	5	0	0	0	14	3	3	6,6,6	2	0	1	N
*1(CCCCCC$2/3)N*2/8C(CCCCCC$11/13)NCC/18=O	1	1	18	15	1	2	0	0	0	12	2	2	6,6	1	0	2	C
*1(CCCCCC$2/3)N*2/8C(CCCCCC$11/13)NCOCC$17/18=O	1	1	20	16	2	2	0	0	0	12	3	2	5,6,6	1	1	1	C
*1(CCCCCC$2/3)N*2/8C(CCCCCC$11/14)NCCCCC$17/18=O	1	1	21	18	1	2	0	0	0	12	3	2	6,6,6	1	0	1	C
*1(CCCCCC$2/3)N*2/8C(CCCCCC$11/14)NCOCC$17/18=O	1	1	20	16	2	2	0	0	0	12	3	2	5,6,6	1	1	1	C
*1(CCCCCC$2/3)N*2/8C(CCCCCC$11/14)OCO($13)	1	1	17	14	2	1	0	0	0	12	3	2	5,6,6	0	0	1	C
*1(CCCCCC$2/3)N*2/8CC(CCCCCC$12)	1	1	15	14	0	1	0	0	0	12	2	2	6,6	0	0	2	C
*1(CCCCCC$2/5)CC^RC^ROCC^SC=^ZC($4/3)*2/13$9/12C/12C/10CCO$9/20=O	1	1	20	17	3	0	0	0	0	6	4	1	5,5,6,7	1	1	1	C
*1(CCCCCC$2/5)CO/8=O(/3)*2	1	1	9	7	2	0	0	0	0	6	1	1	6	1	1	1	C
*1(CCCCCC$2/5)O(/4)CO(/3)*2	1	1	9	7	2	0	0	0	0	6	1	1	6	0	0	1	C
*1(CCCCCC$2/5)OC(/3)*2	1	1	8	7	1	0	0	0	0	6	1	1	6	0	0	1	C
*1(CCCCCC$2/6)O(/4)O(/3)*2	1	1	8	6	2	0	0	0	0	6	1	1	6	0	0	0	C
*1(CCCCCC$2/6)O(/5)CC/9=O(/4)C(/3)*2	1	1	11	9	2	0	0	0	0	6	1	1	6	1	0	2	C
*1(CCCCCC$2/6)OC(/5)C(/3)*2	1	1	9	8	1	0	0	0	0	6	1	1	6	0	0	1	C
*1(CCCCCC$2/7)O(/5)O(/3)OC^R*2/11(CCCCCC$13/16)O	1	1	17	13	4	0	0	0	0	12	2	2	6,6	0	0	1	C
*1(CCCCCC$2/7)O(/5)OC(/3)OC^S*2/12(CCCCCC$14/17)OC	1	1	19	15	4	0	0	0	0	12	2	2	6,6	0	0	1	C
*1(CCCCCCCC$4/5S$2/3)*2	1	1	9	8	0	0	1	0	0	9	2	2	5,6	0	0	0	C
*1(CCCCCCCCC$5/6C$2/10)O(/8)OCC=^ECCCC=CC/20C/16C(/4)O(/3)*2	1	1	23	20	3	0	0	0	0	10	2	2	6,6	0	0	8	C
*1(CCCCCCCCC$5/6C$2/11)=O(/10)O(/8)C(/4)=O(/3)*2	1	1	14	11	3	0	0	0	0	10	2	2	6,6	2	0	1	C
*1(CCCCCCCCC$5/6C$2/11)=O(/9)OC(/7)O(/4)=O(/3)*2	1	1	15	11	4	0	0	0	0	10	2	2	6,6	2	0	1	C
*1(CCCCCCCCCC$2/10$5/11)O(/9)=O(/8)CC^ROC^S($7/6)=O/17C/15CCO/21=O(/4)O(/3)*2	1	1	23	16	7	0	0	0	0	10	3	2	6,6,6	3	1	2	C
*1(CCCCCCCCCCC$7/8C$4/5CC$2/13)C(/6)C(/3)*2	1	1	16	16	0	0	0	0	0	14	3	3	6,6,6	0	0	1	C
*1(CCCCCCCCCCC$7/8C$4/5CC$2/14)O(/13)=O(/12)O(/6)=O(/3)*2	1	1	18	14	4	0	0	0	0	14	3	3	6,6,6	2	0	0	C
*1(CCCCCCCCCCC$7/8CC$5/14C$2/13)=O(/12)O(/10)O(/6)=O(/4)O(/3)*2	1	1	19	14	5	0	0	0	0	14	3	3	6,6,6	2	0	0	C
*1(CCCCCCCCCCC$7/8CC$5/14C$2/13)=O(/12)O(/9)O(/6)=O(/4)O(/3)*2	1	1	19	14	5	0	0	0	0	14	3	3	6,6,6	2	0	0	C
*1(CCCCCCCCCCC$7/8CC$5/14C$2/13)=O(/12)O(/9)OC(/6)=O(/4)O(/3)*2	1	1	20	15	5	0	0	0	0	14	3	3	6,6,6	2	0	1	C
*1(CCCCCN$2/6)CO/8=O(/4)O(/3)*2	1	1	10	6	3	1	0	0	0	6	1	1	6	1	1	1	C
*1(CCCNCCCCCC$6/7C$4/3NCC$2/15CCCC$14/12)OC(/5)*2	1	1	20	17	1	2	0	0	0	18	4	4	5,5,6,6	0	0	1	C
*1(CCCOC$2/4)CC=^ECC=^ECC^SCC/12C/10C/7=O(/3)*2	1	1	16	14	2	0	0	0	0	5	1	1	5	1	0	8	C
*1(CCNCCCCCC$5/6N$2/7)O(/3)*2	1	1	11	8	1	2	0	0	0	10	2	2	6,6	0	0	0	C
*1(NCCCC$2/4)COCCCOCC=CC/15C/13=O/10=^ECC/9=O(/3)*2	1	1	20	15	4	1	0	0	0	5	1	1	5	2	2	4	N
*1(NCCNCCCCCCCC$2/13CCCC$12/11$3/10CNC$9/8$4/7CCCC$6/22)O(/21)O(/20)=O(/18)=O(/5)*2	1	1	27	20	4	3	0	0	0	23	6	6	5,5,5,5,6,6	2	0	0	N
*1(NCCNCCCCCCCC$2/13CCCC$12/11$3/8$4/7CCCC$6/10)CNC($9/5)*2/24=O/23C	1	1	25	21	1	3	0	0	0	20	6	5	5,5,5,5,6,6	1	0	1	N
*1(NCCNCCCCCCCC$2/13CCCC$12/11$3/8$4/7CCCC$6/19)OCCC(/10)CNC($9/5)*2/28=O	1	1	28	23	2	3	0	0	0	20	6	5	5,5,5,5,6,6	1	0	3	N
*1=C(CCCCCC$3/7)OC(/6)O(/4)C^S*2/12(CCCCCC$14/17)O(/16)OC	1	1	20	16	4	0	0	0	0	12	2	2	6,6	0	0	1	C
*1=CC=^ECC^XCCCCCCCCC^XCC^XCOC^XCN*2/20=O/19CCC/17=O/16C/14C/9=O/5CC	1	1	30	25	4	1	0	0	0	0	0	0	-	3	1	16	C
*1C(CCCCCC$3/7)OC(/6)O(/4)C^R*2/12(CCCCCC$14/18)OC(/17)O(/16)OC	1	1	22	17	5	0	0	0	0	12	2	2	6,6	0	0	1	C
*1C(CCCCCC$3/7)OC(/6)O(/4)C^S*2/12(CCCCCC$14/18)O(/17)O(/16)OC	1	1	21	16	5	0	0	0	0	12	2	2	6,6	0	0	1	C
*1C(CCCCCC$3/8)OC(/7)C(/6)O(/5)CCCC/15C/13=O(/4)O*2	1	1	18	14	4	0	0	0	0	6	1	1	6	1	0	4	C
*1C(CCCCCC$3/8)OC(/7)C(/6)O(/5)CC^XCC/14C/13=O(/4)O*2	1	1	18	14	4	0	0	0	0	6	1	1	6	1	0	4	C
*1C(CCCCCCCCC$6/7C$3/11)O(/9)O(/5)O(/4)*2	1	1	14	11	3	0	0	0	0	10	2	2	6,6	0	0	1	C
*1C(CCCCCCCCC$6/7N$4/5CCN$3/14)CO/16=O(/12)C^S*2/19C(/10)O	1	1	20	15	3	2	0	0	0	13	3	3	5,6,6	1	1	2	C
*1C(CCCOC$3/7)=O(/5)=O(/4)C^RC^S(CCCOC$12/16)=O(/14)=O(/13)*2/11C^RCCCCCC/20O/10O	1	1	26	18	8	0	0	0	0	10	2	2	5,5	4	4	9	C
*1C=C*2/3C(CCCCCC$6/11)O(/9)C(/7)O$2/5=O	1	1	13	10	3	0	0	0	0	6	2	1	6,6	1	0	1	C
*1C=C*2/3C(CCCCCC$6/11)O(/9)CO(/7)O$2/5=O	1	1	14	10	4	0	0	0	0	6	2	1	6,6	1	0	1	C
*1C=C*2/3C(CCCCCC$6/11)O(/9)OC(/7)O$2/5=O	1	1	14	10	4	0	0	0	0	6	2	1	6,6	1	0	1	C
*1C=CC=^ECC=^ECC^XCC^XC^X(CNCCO$12/14)C=^ECC=^ZCC^XC^XC=^ECC=^ZCC=^ECC=^ZCCO*2/31=O/24C/22C/21O/11C/10OC/8O	1	1	39	32	6	1	0	0	0	5	1	1	5	1	1	15	C
*1C=CC=^ECCCC=^ZCCO*2/10=O/8C	1	1	12	10	2	0	0	0	0	0	0	0	-	1	1	9	C
*1C=CCN*2/5CC/7C/7C	1	1	8	7	0	1	0	0	0	0	0	0	-	0	0	3	C
*1CC=*2/3C=^ZCCO/7=O/6NC$2	1	1	9	6	2	1	0	0	0	0	1	0	6	1	1	1	C
*1CC=*2/3C=^ZCCO/7=O/6OC$2	1	1	9	6	3	0	0	0	0	0	1	0	6	1	1	1	C
*1CC=*2/3C=^ZCC^SCC=^ZCCC^S$7/12C/8=O/6OC$2	1	1	14	12	2	0	0	0	0	0	2	0	6,6	1	0	1	C
*1CC=^ECC=^ZCCC^SCCCC^RCC^SO*2/14C^RC^RC=^ECC=^ECC=^ECC=^ECC=^ECC=^ECCC^SC=^ECCCCO/37=O/34C/32O/20C/18O/17C/12O/8OC	1	1	45	38	7	0	0	0	0	0	0	0	-	1	1	34	C
*1CCN*2/4(CCCCCC$6)	1	1	9	8	0	1	0	0	0	6	1	1	6	0	0	2	C
*1CCN*2/4*2	1	1	3	2	0	1	0	0	0	0	0	0	-	0	0	2	C
*1CCN*2/4COCC/6=O	1	1	8	5	2	1	0	0	0	0	0	0	-	1	1	2	C
*1CCNC^R(CNCCS$6/8)*2/5C/3=O	1	1	11	7	1	2	1	0	0	5	1	1	5	1	0	2	C
*1CC^R(CCCCCC$4/8)O(/7)O(/5)CCNC*2/15=O/14$3	1	1	15	11	3	1	0	0	0	6	2	1	6,6	1	0	1	C
*1CC^R(CCCCCC$4/8)O(/7)OC(/5)CCNC*2/16=O/15$3	1	1	16	12	3	1	0	0	0	6	2	1	6,6	1	0	1	C
*1CC^RC(CCCCCC$5)/4=^ECCO/12=O/11O/3OC*2/17=O	1	1	17	12	5	0	0	0	0	6	1	1	6	2	2	5	C
*1CC^RC^RO*2/4OC^RC(CNCCCCCC$12/17O$10/14)NC(/13)CO/21=O/8C^RCC$4/24C/3C	1	1	26	19	5	2	0	0	0	9	3	2	5,5,6	1	1	5	C
*1CC^RC^XO*2/4OC^SC(CNCCCCCC$12/17O$10/14)NC(/13)CO/21=O/8C^SCC$4/24C/3C	1	1	26	19	5	2	0	0	0	9	3	2	5,5,6	1	1	5	C
*1CC^ROC^R*2/5C/3O	1	1	6	4	2	0	0	0	0	0	0	0	-	0	0	2	C
*1CC^S(CCCCCC$4/8)O(/7)O(/5)CCNC*2/15=O/14$3	1	1	15	11	3	1	0	0	0	6	2	1	6,6	1	0	1	C
*1CC^S(CCCCCC$4/8)O(/7)OC(/5)CCNC*2/16=O/15$3	1	1	16	12	3	1	0	0	0	6	2	1	6,6	1	0	1	C
*1CC^S(CCCCCCCC$6/7N$4/5)CCNC*2/16=O/15$3	1	1	16	13	1	2	0	0	0	9	3	2	5,6,6	1	0	1	C
*1CC^S(CCCCCCCCC$7/8N$4/5)CNC*2/16=O/15$3	1	1	16	13	1	2	0	0	0	10	3	2	5,6,6	1	0	1	C
*1CC^SC(CCCCCC$5)/4=^ECCO/12=O/11O/3OC*2/17=O	1	1	17	12	5	0	0	0	0	6	1	1	6	2	2	5	C
*1CC^SC=^ZCC(CCCCCC$7/8)N$4/6=O/5CNC*2/17=O/16$3	1	1	17	13	2	2	0	0	0	6	3	1	5,6,6	2	0	1	C
*1CC^SN*2/4CCC^R(CCCCCC$9/10)NC$8/16=O/8$3	1	1	15	12	1	2	0	0	0	6	3	1	5,5,6	1	0	1	C
*1CC^SN*2/4CCC^S(CCCCCC$9/10)NC$8/16=O/8$3	1	1	15	12	1	2	0	0	0	6	3	1	5,5,6	1	0	1	C
*1CN*2/3CCCO/2=O	1	1	7	4	2	1	0	0	0	0	0	0	-	1	0	3	C
*1CNC(CCNCCCCCC$8/9$5/6)*3/3CC*2	1	1	14	12	0	2	0	0	0	9	2	2	5,6	0	0	2	C
*1CNC^SC*2/4(CCCCCCCC$9/10N$7/8)CC$3	1	1	15	13	0	2	0	0	0	9	3	2	5,6,6	0	0	1	C
*1CNC^SC*2/4C^S(CCCCCC$8/9)NC$7/7CC$3	1	1	15	13	0	2	0	0	0	6	3	1	5,5,6	0	0	1	C
*1COCC^RCCCCO*2/9=O/8=^ZCC/6=C/5C/5O/4=O	1	1	16	11	5	0	0	0	0	0	0	0	-	2	2	7	C
*1COCC^SC^RC=^ZCCO*2/9=O/8C=C/6C/5OCC/17=O/5C/4=O	1	1	19	13	6	0	0	0	0	0	0	0	-	3	3	7	C
*1COC^R*2/4(CCCCCC$6/10)O(/9)OC(/8)OC/2=O	1	1	15	10	5	0	0	0	0	6	1	1	6	1	1	1	C
*1COC^R*2/4(CCCCCC$6/9)O	1	1	10	8	2	0	0	0	0	6	1	1	6	0	0	1	C
*1COC^R*2/4(CCCCCC$6/9)OC(/8)OC	1	1	13	10	3	0	0	0	0	6	1	1	6	0	0	1	C
*1COC^R*2/4(CCCCCC$6/9)OCO($8)/2=O	1	1	13	9	4	0	0	0	0	6	2	1	5,6	1	1	1	C
*1COC^S*2/4(CCCCCC$6/10)OC(/9)O(/8)OC	1	1	14	10	4	0	0	0	0	6	1	1	6	0	0	1	C
*1COC^S*2/4(CCCCCC$6/10)OC(/9)OC(/8)OC	1	1	15	11	4	0	0	0	0	6	1	1	6	0	0	1	C
*1COC^S*2/4(CCCCCC$6/10)OCO($9/7)OC	1	1	14	10	4	0	0	0	0	6	2	1	5,6	0	0	1	C
*1COC^S*2/4(CCCCCC$6/9)O(/8)O	1	1	11	8	3	0	0	0	0	6	1	1	6	0	0	1	C
*1COC^S*2/4(CCCCCC$6/9)OC(/8)O	1	1	12	9	3	0	0	0	0	6	1	1	6	0	0	1	C
*1COC^X*2/4(CCCCCC$6/10)OC(/9)OCC/15=O(/8)OC	1	1	17	12	5	0	0	0	0	6	1	1	6	1	1	2	C
*1C^SCC=*2/4C=^ZCC^SCCC^RCC^S$8/13C/11O/9=O/7OC$3/2CCC=^ECC=^ECC^XCC^XCC/27C/25C/23C/20=O	1	1	31	27	4	0	0	0	0	0	2	0	6,6	2	0	12	C
*1C^SC^SCC=^ECC=^ECC^SCCC^ROC^SOC^RC^RCC$14/17C/16CC^SC/22O/14C^RC^SO*2/26C^S$12/29C/25C/9CC/3C/2O	1	1	33	28	5	0	0	0	0	0	2	0	6,6	0	0	10	C
*1C^SC^SCC=^XCC=^XCC^SCCC^ROC^SOC^RC^RCC$14/17C/16CC^SC/22O/14C^RC^SO*2/26C^S$12/29C/25C/9CC/3C/2O	1	1	33	28	5	0	0	0	0	0	2	0	6,6	0	0	10	C
*1N(CCCCCC$3/6)I(/4)*2/2CC=C	1	1	11	9	0	1	0	0	1	6	1	1	6	0	0	3	N
*1N(CCCCCC$3/6)N(CCCCCC$10/11)O(CCCCCC$17/18)C$9/23=O(/4)*2/2CC=C	1	1	26	22	2	2	0	0	0	18	4	3	6,6,6,7	1	0	3	N
*1N(CCCCCC$3/6)NCC/10=O(/4)*2/2CC=C	1	1	14	11	1	2	0	0	0	6	1	1	6	1	0	3	N
*1N(CCCCCC$3/6)NCCCCC$9/10=O(/4)*2/2CC=C	1	1	17	14	1	2	0	0	0	6	2	1	6,6	1	0	3	N
*1N(CCCCCC$3/6)OCNC/10=O(/4)*2/2C	1	1	13	9	2	2	0	0	0	6	1	1	6	1	1	1	N
*1N(CCCCCC$3/7)=O(/5)*2(/4)=O	1	1	9	6	2	1	0	0	0	6	1	1	6	2	0	0	N
*1N(CCCCCC$3/7)O(/5)*3(/4)O*2	1	1	9	6	2	1	0	0	0	6	1	1	6	0	0	0	N
*1N(CCCCCC$3/8)Br(/6)C(/4)*2/2C	1	1	10	8	0	1	0	0	1	6	1	1	6	0	0	1	N
*1N(CCCCCC$3/8)Cl(/5)Cl(/4)*2	1	1	9	6	0	1	0	0	2	6	1	1	6	0	0	0	N
*1N(CCCCCCCC$5/6CC$3/11)=O(/9)C(/8)O(/7)*2(/4)=O	1	1	15	11	3	1	0	0	0	10	2	2	6,6	2	0	1	N
*1N(CCCCCCCC$5/6CC$3/12)C(/11)=O(/9)C(/8)O(/7)*2(/4)=O	1	1	16	12	3	1	0	0	0	10	2	2	6,6	2	0	1	N
*1N*2/2C=^ECC*3/6=CCC^XOCCC^XC/14O/12=O/10C$5/18=O/10C/9=O	1	1	18	12	5	1	0	0	0	0	1	0	6	3	1	4	N
*1N*2/2CC^XC*3/5C^XNCCCC$8/10=O	1	1	11	8	1	2	0	0	0	0	1	0	6	1	0	3	N
*1NC=^ECN=*2/4CNCN$3/9=O/7=O	1	1	10	4	2	4	0	0	0	0	1	0	6	2	0	0	N
*1NCCCCNCCCN*2/11*2	1	1	10	7	0	3	0	0	0	0	0	0	-	0	0	4	N
*1NCC^SN*2/4CN=^ZCN$3/9N/7=O/4O	1	1	11	4	2	5	0	0	0	0	1	0	6	1	0	0	N
*1NCC^XN*2/4CN=^ZCN$3/9N/7=O/4O	1	1	11	4	2	5	0	0	0	0	1	0	6	1	0	0	N
*1NCNC*2/5=O/3=O	1	1	6	2	2	2	0	0	0	0	0	0	-	2	0	1	N
*1NCNC/4*2/3=O	1	1	5	2	1	2	0	0	0	0	0	0	-	1	0	1	N
*1NC^SCN*3/5C^S(CCCCCCCC$10/11N$8/13)OC(/9)*2/7C=CC/21C/4=O/3CCC$2	1	1	24	19	2	3	0	0	0	9	3	2	5,5,6	1	0	4	N
*1NC^SCN*3/5C^S(CCCCCCCC$10/11N$8/16)CC=CC/19C(/13)OC(/9)*2/7C=CC/26C/4=O/3CCC$2	1	1	29	24	2	3	0	0	0	9	3	2	5,5,6	1	0	4	N
*1NC^SC^SC^RC^SCCO/7=^ZC$3/6*2/6O/5O/4O	1	1	12	7	4	1	0	0	0	0	1	0	6	0	0	1	N
*1NC^SC^XO*2/4C/4O/3C	1	1	7	4	2	1	0	0	0	0	0	0	-	0	0	4	N
*1NC^X*2/3(CCCCCC$5)/2(CCCCCN$11/8)OC	1	1	16	13	1	2	0	0	0	12	2	2	6,6	0	0	1	N
*1NC^X*2/3(CCCCCC$5)/2C(CCCCO$12)	1	1	14	12	1	1	0	0	0	11	2	2	5,6	0	0	1	N
*1NC^X*2/3(CCCCCC$5/6)F/2CCNCCOCC$14	1	1	17	13	1	2	0	0	1	6	2	1	6,6	0	0	2	N
*1NC^X*2/3(CCCCCC$5/6)OC/2CC^XC/14O	1	1	14	11	2	1	0	0	0	6	1	1	6	0	0	3	N
*1NC^X*2/3(CCCCCC$5/7)Br/2C(CCCCO$13)	1	1	15	12	1	1	0	0	1	11	2	2	5,6	0	0	1	N
*1NC^X*2/3(CCCCCC$5/7)OC/2CC(CCCCCCC$16/17NC$15)	1	1	21	18	1	2	0	0	0	15	3	3	5,6,6	0	0	2	N
*1NC^X*2/3(CCCCCC$5/7)OC/2CCNC/15C	1	1	15	12	1	2	0	0	0	6	1	1	6	0	0	2	N
*1NC^X*2/3(CCCCCC$5/7)OCC=C/2CCNC/17C	1	1	17	14	1	2	0	0	0	6	1	1	6	0	0	3	N
*1NC^X*2/3(CCCCCC$5/7)OCCCC/2C(CCCCNC$17)	1	1	20	17	1	2	0	0	0	12	2	2	6,6	0	0	4	N
*1NC^X*2/3(CCCCCC$5/8)COC/11=O/2C(CCCCO$16)	1	1	18	14	3	1	0	0	0	11	2	2	5,6	1	1	1	N
*1NC^X*2/3(CCCCCC$5/8)COC/11=O/2CCOC	1	1	16	12	3	1	0	0	0	6	1	1	6	1	1	2	N
*1NC^X*2/3(CCCCCC$5/8)F/2CCOC	1	1	13	10	1	1	0	0	1	6	1	1	6	0	0	2	N
*1NC^X*2/3(CCCCCC$5/8)OC(/7)OC/2CC(CCCCCC$17)	1	1	20	17	2	1	0	0	0	12	2	2	6,6	0	0	2	N
*1NC^X*2/3(CCCCCC$5/8)OC(/7)OC/2CCOCCO	1	1	18	13	4	1	0	0	0	6	1	1	6	0	0	2	N
*1NC^X*2/3(CCCCCC$5/8)OCCCC/2C(CCCCO$17)	1	1	19	16	2	1	0	0	0	11	2	2	5,6	0	0	4	N
*1NC^X*2/3(CCCCCN$5)/2C(CCCCNC$12)	1	1	15	12	0	3	0	0	0	12	2	2	6,6	0	0	1	N
*1NC^X*2/3(CCCCCN$5)/2CCNC/13C	1	1	13	10	0	3	0	0	0	6	1	1	6	0	0	2	N
*1NC^X*2/3(CCCCCN$5)/2CCNCC/13CC	1	1	15	12	0	3	0	0	0	6	1	1	6	0	0	2	N
*1NC^X*2/3(CCCCNC$5)/2C(CCCCNC$12)	1	1	15	12	0	3	0	0	0	12	2	2	6,6	0	0	1	N
*1NC^X*2/3(CCCCNC$5)/2CCCOC	1	1	13	10	1	2	0	0	0	6	1	1	6	0	0	3	N
*1NC^X*2/3(CCCCO$5)/2CCC(NCCNC$13)	1	1	15	11	1	3	0	0	0	10	2	2	5,5	0	0	3	N
*1NC^X*2/3(CCCCS$5)/2CCNCCOCC$12	1	1	15	11	1	2	1	0	0	5	2	1	5,6	0	0	2	N
*1NC^X*2/3(CCCNCC$5)/2C(CCCCNC$12)	1	1	15	12	0	3	0	0	0	12	2	2	6,6	0	0	1	N
*1NC^X*2/3(CCCNCC$5)/2CCCNCC/14CC	1	1	16	13	0	3	0	0	0	6	1	1	6	0	0	3	N
*1NC^X*2/3(CCNCCC$5)/2CCNCCOCC$13	1	1	16	12	1	3	0	0	0	6	2	1	6,6	0	0	2	N
*1O(CCCCCC$3/5)C(/4)*2	1	1	8	7	1	0	0	0	0	6	1	1	6	0	0	1	O
*1O(CCCCCC$3/5)CNCC^RC^SCNC(CCCCCCCC$19/18CCCC$17/20)CO$12/16=O/15C^SCO/32C/13C/10C(/4)O*2	1	1	37	30	5	2	0	0	0	18	4	3	6,6,6,11	1	0	3	O
*1O(CCCCCC$3/5)CNCC^SC^RCNC(CCCCCCCC$19/18CCCC$17/20)CO$12/16=O/15C^SCO/32C/13C/10C(/4)O*2	1	1	37	30	5	2	0	0	0	18	4	3	6,6,6,11	1	0	3	O
*1O(CCCCCC$3/5)CNCC^SC^SCNC(CCCCCCCC$19/18CCCC$17/20)CO$12/16=O/15C^RCO/32C/13C/10C(/4)O*2	1	1	37	30	5	2	0	0	0	18	4	3	6,6,6,11	1	0	3	O
*1O(CCCCCC$3/5)O(/4)*2	1	1	8	6	2	0	0	0	0	6	1	1	6	0	0	0	O
*1O(CCCCCC$3/6)C=^EC(CCCCCC$11/15)O(/13)O(/4)O*2	1	1	18	14	4	0	0	0	0	12	2	2	6,6	0	0	2	O
*1O(CCCCCC$3/6)C=^ECC(/4)*2	1	1	10	9	1	0	0	0	0	6	1	1	6	0	0	3	O
*1O(CCCCCC$3/6)C=^ZCCO($5/4)O*2/11=O	1	1	13	9	4	0	0	0	0	6	2	1	6,6	1	1	0	O
*1O(CCCCCC$3/6)CC(CCCCCC$11/16)O(/14)O(/12)OC$9/20C/10=O(/4)O*2	1	1	22	16	6	0	0	0	0	12	3	2	6,6,6	1	0	1	O
*1O(CCCCCC$3/6)CC=^EC(CCCCCC$12/5)O/9=O(/4)*2	1	1	18	15	3	0	0	0	0	12	2	2	6,6	1	0	3	O
*1O(CCCCCC$3/6)CO(CCCCCC$11/15)O(/13)O(/12)CC$9/19=O(/4)O*2	1	1	21	15	6	0	0	0	0	12	3	2	6,6,6	1	0	0	O
*1O(CCCCCC$3/6)NC(CCCCCC$11/4)CN*2/18C/17=O/10=O	1	1	20	15	3	2	0	0	0	12	2	2	6,6	2	0	1	O
*1O(CCCCCC$3/6)NC(CCNCS$11/4)CN*2/17C/16=O/10=O	1	1	19	12	3	3	1	0	0	11	2	2	5,6	2	0	1	O
*1O(CCCCCC$3/6)NCCC/10=O(/4)CN*2/15C/14=O	1	1	16	11	3	2	0	0	0	6	1	1	6	2	0	3	O
*1O(CCCCCC$3/6)NCN(CCCCCC$12/13)OC/10=O(/4)CN*2/22C/21=O	1	1	23	16	4	3	0	0	0	12	2	2	6,6	2	0	1	O
*1O(CCCCCC$3/6)NCNCCC/10=O(/4)CN*2/17C/16=O	1	1	18	12	3	3	0	0	0	6	1	1	6	2	0	3	O
*1O(CCCCCC$3/6)OCCNCCCCCC$12/11=O(/4)*2	1	1	18	14	3	1	0	0	0	6	2	1	6,7	1	0	2	O
*1O(CCCCCC$3/6)OCCNCCCCCCC/11=O(/4)*2	1	1	19	15	3	1	0	0	0	6	1	1	6	1	0	7	O
*1O(CCCCCC$3/6)OCCNCCNCC$12/15CC/11=O(/4)*2	1	1	19	14	3	2	0	0	0	6	2	1	6,6	1	0	2	O
*1O(CCCCCC$3/6)OCCNCCNCOCC/16=O/15CC$12/11=O(/4)*2	1	1	22	15	5	2	0	0	0	6	2	1	6,6	2	1	2	O
*1O(CCCCCC$3/6)SNCCNS(CCCCCC$15/20)F(/16)F/14=O/14=O/13CC$10/9=O/9=O(/4)O*2	1	1	28	16	6	2	2	0	2	12	3	2	6,6,6	0	0	0	O
*1O(CCCCCC$3/6NCCCCCC$10/11N$5/12)O(/7)C=O/18O(/4)*2	1	1	19	13	4	2	0	0	0	14	3	3	6,6,6	1	1	1	O
*1O(CCCCCC$3/7)Br(/6)NC(CCCCCC$12/14)OC/11=O(/4)O*2	1	1	20	14	4	1	0	0	1	12	2	2	6,6	1	0	1	O
*1O(CCCCCC$3/7)O(/5)OC(/4)*2	1	1	10	7	3	0	0	0	0	6	1	1	6	0	0	1	O
*1O(CCCCCC$3/7)O(/5)OC(CCCCCC$12/16)O(/15)O(/14)O/11=O(/4)*2	1	1	20	13	7	0	0	0	0	12	2	2	6,6	1	1	1	O
*1O(CCCCCC$3/7)O(/6)C(CCCCCC$11/12)O(/5)O(/4)*2	1	1	17	13	4	0	0	0	0	12	2	2	6,6	0	0	1	O
*1O(CCCCCC$3/7)O(/6)C(CCCCCC$11/13)O(/12)O($5/4)*2/10=O	1	1	18	13	5	0	0	0	0	12	3	2	6,6,6	1	0	0	O
*1O(CCCCCC$3/7)O(/6)C(CCCCCC$11/14)O(/13)O(/12)O($5/4)*2/10=O	1	1	19	13	6	0	0	0	0	12	3	2	6,6,6	1	0	0	O
*1O(CCCCCC$3/7)O(/6)C(CCCCCC$11/16)O(/12)O($5/4)*2/10=O	1	1	18	13	5	0	0	0	0	12	3	2	6,6,6	1	0	0	O
*1O(CCCCCC$3/7)O(/6)C=^ZCCO($5/4)*2/12=O/11CCC$10/16=O	1	1	17	12	5	0	0	0	0	6	3	1	5,6,6	2	1	0	O
*1O(CCCCCC$3/7)O(/6)CC(CCCCCC$12/15)OCC=^ZC($14/13)OC/19C/19C/10=O(/4)*2	1	1	25	20	5	0	0	0	0	12	3	2	6,6,6	1	0	2	O
*1O(CCCCCC$3/7)O(/6)CC=^ECCCC=CC/16C/12C(/5)O(/4)*2	1	1	19	16	3	0	0	0	0	6	1	1	6	0	0	8	O
*1O(CCCCCC$3/7)O(/6)CC=^ECCCC^XCC/16=C/15O/12C(/5)O(/4)*2	1	1	20	16	4	0	0	0	0	6	1	1	6	0	0	8	O
*1O(CCCCCC$3/7)O(/6)CCCC/12C/12O(/4)*2	1	1	14	11	3	0	0	0	0	6	1	1	6	0	0	4	O
*1O(CCCCCC$3/7)O(/6)CC^XCC/12=C/11O(/5)O(/4)*2	1	1	15	11	4	0	0	0	0	6	1	1	6	0	0	4	O
*1O(CCCCCC$3/7)O(/6)C^R(CCCCCC$11/14)O(/13)OC/10CCO($5/4)*2/21=O	1	1	22	16	6	0	0	0	0	12	3	2	6,6,6	1	1	1	O
*1O(CCCCCC$3/7)O(/6)C^X(CCCCCC$11/5)O/10C=^ECCCCCO/23=O(/4)*2	1	1	24	19	5	0	0	0	0	12	2	2	6,6	1	1	7	O
*1O(CCCCCC$3/7)O(/6)C^XC=^EC(CCCCCC$13/5)O/10CCCCO/23=O(/4)*2	1	1	24	19	5	0	0	0	0	12	2	2	6,6	1	1	7	O
*1O(CCCCCC$3/7)O(/6)C^XNCCC$10/12=O(/5)O(/4)*2	1	1	15	10	4	1	0	0	0	6	2	1	5,6	1	0	0	O
*1O(CCCCCC$3/7)O(/6)O(/5)O(/4)*2	1	1	10	6	4	0	0	0	0	6	1	1	6	0	0	0	O
*1O(CCCCCC$3/7)O(/6)OC(/5)OC(/4)*2	1	1	12	8	4	0	0	0	0	6	1	1	6	0	0	1	O
*1O(CCCCCC$3/7)O(/6)OCCC($5/4)*2/11C/11C	1	1	14	11	3	0	0	0	0	6	2	1	6,6	0	0	1	O
*1O(CCCCCC$3/7)O(CCCCCC$10/12)OC(/11)C($6/5)O/18=O(/4)*2	1	1	19	14	5	0	0	0	0	12	3	2	6,6,6	1	0	1	O
*1O(CCCCCC$3/7)O(CCCCCC$10/15)C($6/14)O/16=O(/11)CCCC/21C/21O(/5)O(/4)*2	1	1	24	18	6	0	0	0	0	12	3	2	6,6,6	1	0	4	O
*1O(CCCCCC$3/7)O(CCCCCC$10/15)C=O(/14)O(/12)C(/11)CO($6/5)C/20=O(/4)*2	1	1	22	16	6	0	0	0	0	12	3	2	6,6,7	2	1	1	O
*1O(CCCCCC$3/7)O(CCCCCC$10/15)C=O(/14)O(/13)Cl(/12)C(/11)CO($6/5)C/21=O(/4)*2	1	1	23	16	6	0	0	0	1	12	3	2	6,6,7	2	1	1	O
*1O(CCCCCC$3/7)OC(/6)C(CCCCCC$12/13)O(/5)O(/4)*2	1	1	18	14	4	0	0	0	0	12	2	2	6,6	0	0	1	O
*1O(CCCCCC$3/7)OC(/6)C=^ECCCC^S$11/15O/13=O/12CO($5/4)*2/18=O	1	1	19	13	6	0	0	0	0	6	3	1	5,6,6	2	1	1	O
*1O(CCCCCC$3/7)OC(/6)C=^ZCCO($5/4)*2/13=O/12C^XCC$11/17O	1	1	18	13	5	0	0	0	0	6	3	1	5,6,6	1	1	1	O
*1O(CCCCCC$3/7)OC(/6)CC=CC/13C(/5)OC(/4)*2	1	1	16	13	3	0	0	0	0	6	1	1	6	0	0	4	O
*1O(CCCCCC$3/7)OC(/6)CC=^EC(CCCCCC$14/17)O/11=O(/5)O(/4)*2	1	1	21	16	5	0	0	0	0	12	2	2	6,6	1	0	3	O
*1O(CCCCCC$3/7)OC(/6)O(/4)*2	1	1	10	7	3	0	0	0	0	6	1	1	6	0	0	1	O
*1O(CCCCCC$3/7)OC(/6)O(CCCCCC$12/15)CO(CCCCCC$20/24)O(/23)C(/22)O(/21)CC$18/29=O(/5)O(/4)*2	1	1	31	23	8	0	0	0	0	18	4	3	6,6,6,6	1	0	1	O
*1O(CCCCCC$3/7)OC(CCCCCC$11/5)OC(CCCCCC$19/4)*2/18=O/10=O	1	1	25	20	5	0	0	0	0	18	3	3	6,6,6	2	2	1	O
*1O(CCCCCC$3/7)OC=^ZCC($6/5)OC/12=O/10C(/4)*2	1	1	15	11	4	0	0	0	0	6	2	1	6,6	1	0	1	O
*1O(CCCCCC$3/7)OC=^ZCC($6/5)OC/12=O/10CO(/4)*2	1	1	16	11	5	0	0	0	0	6	2	1	6,6	1	0	1	O
*1O(CCCCCC$3/7)OCC=^ZC($6/4)*2/10C/10C	1	1	13	11	2	0	0	0	0	6	2	1	6,6	0	0	1	O
*1O(CCCCCC$3/7)OCCC($6/5)OC/10C/10C(/4)*2	1	1	15	12	3	0	0	0	0	6	2	1	6,6	0	0	1	O
*1O(CCCCCC$3/7)OC^RC(CCCCCC$12/17)O(/15)O(/13)O/10C^R(CCCCCC$22)/21($6/25)O(/24)O(/5)O(/4)*2	1	1	29	21	8	0	0	0	0	18	4	3	5,6,6,6	0	0	1	O
*1O(CCCCCC$3/7)OC^SCC/11=C/10C($6/4)*2	1	1	13	11	2	0	0	0	0	6	2	1	5,6	0	0	3	O
*1O(CCCCCC$3/7OCC$6/8)OC(/4)*2	1	1	12	9	3	0	0	0	0	9	2	2	5,6	0	0	1	O
*1O(CCCCCC$3/8)C(/6)O(CCCCCC$11/16)CC=CC/19C(/13)O(/12)C($5/4)*2/23=O	1	1	23	19	4	0	0	0	0	12	3	2	6,6,6	1	0	4	O
*1O(CCCCCC$3/8)C(/7)C(/6)O(/5)C(/4)*2	1	1	11	9	2	0	0	0	0	6	1	1	6	0	0	1	O
*1O(CCCCCC$3/8)C(/7)O(/5)OC(/4)*2	1	1	11	8	3	0	0	0	0	6	1	1	6	0	0	1	O
*1O(CCCCCC$3/8)C(/7)O(/6)C(/5)OC(/4)*2	1	1	12	9	3	0	0	0	0	6	1	1	6	0	0	1	O
*1O(CCCCCC$3/8)C(/7)OC(/6)C(/5)O(/4)*2	1	1	12	9	3	0	0	0	0	6	1	1	6	0	0	1	O
*1O(CCCCCC$3/8)C(/7)OC(/6)C=O(/5)O(/4)*2	1	1	13	9	4	0	0	0	0	6	1	1	6	1	0	1	O
*1O(CCCCCC$3/8)C(CCCCCC$10/11)O(/7)O(/6)C(CCCCCC$19/20)O(/5)O(/4)*2	1	1	25	20	5	0	0	0	0	18	3	3	6,6,6	0	0	1	O
*1O(CCCCCC$3/8)C(CCCCCC$10/11)O(/7)OC(/5)O(/4)*2	1	1	18	14	4	0	0	0	0	12	2	2	6,6	0	0	1	O
*1O(CCCCCC$3/8)C(CCCCCC$10/11)O(/7)OC(/6)C(CCCCCC$20/21)O(/5)O(/4)*2	1	1	26	21	5	0	0	0	0	18	3	3	6,6,6	0	0	1	O
*1O(CCCCCC$3/8)C(CCCCCC$10/14)O(/11)O($7/6)CC=^ECCCC=CC/24C/20C/9=O(/5)O(/4)*2	1	1	28	23	5	0	0	0	0	12	3	2	6,6,6	1	0	8	O
*1O(CCCCCC$3/8)C(CCCCCC$10/7)OCC$9/17=O(/6)CCC/21C/20=O(/5)O(/4)*2	1	1	24	19	5	0	0	0	0	12	3	2	6,6,6	2	1	3	O
*1O(CCCCCC$3/8)C=O(/7)OC(/5)OC(/4)*2	1	1	13	9	4	0	0	0	0	6	1	1	6	1	0	1	O
*1O(CCCCCC$3/8)C=O(/7)OC(/6)C(/5)O(/4)*2	1	1	13	9	4	0	0	0	0	6	1	1	6	1	0	1	O
*1O(CCCCCC$3/8)C=^ECCC/11=O(/7)OC(/5)O(/4)*2	1	1	15	11	4	0	0	0	0	6	1	1	6	1	0	4	O
*1O(CCCCCC$3/8)C=^ZCCO($7/6)C(CCCCCC$14/5)OCC$13/21=O/11C/11C(/4)*2	1	1	24	20	4	0	0	0	0	12	4	2	6,6,6,6	1	1	1	O
*1O(CCCCCC$3/8)C=^ZCCO($7/6)CC=CC/15C/11C/11C(/4)*2	1	1	18	16	2	0	0	0	0	6	2	1	6,6	0	0	4	O
*1O(CCCCCC$3/8)CC(CCCCCC$11/14)O(/12)O/10=^ZCO($7/5)OC/9=O(/4)*2	1	1	22	16	6	0	0	0	0	12	3	2	6,6,6	1	0	1	O
*1O(CCCCCC$3/8)CC=CC/11C(/7)O(/6)CC(CCCCCC$17/20)O(/19)O/16=^ZCO($5/4)*2/15=O	1	1	26	20	6	0	0	0	0	12	3	2	6,6,6	1	0	4	O
*1O(CCCCCC$3/8)CC=CC/11C(/7)OC(/5)O(/4)*2	1	1	15	12	3	0	0	0	0	6	1	1	6	0	0	4	O
*1O(CCCCCC$3/8)CC=CC/11C(/7)OC(/5)OC(/4)*2	1	1	16	13	3	0	0	0	0	6	1	1	6	0	0	4	O
*1O(CCCCCC$3/8)CC=CC/11C(/7)OCC=CC/17C(/5)O(/4)*2	1	1	19	16	3	0	0	0	0	6	1	1	6	0	0	4	O
*1O(CCCCCC$3/8)CC=CC/11C(/7)OCC=^ZC($6/4)*2/15C/15C	1	1	18	16	2	0	0	0	0	6	2	1	6,6	0	0	4	O
*1O(CCCCCC$3/8)CC=^ECCCC=CC/15C/11C(/7)O(/4)*2	1	1	18	16	2	0	0	0	0	6	1	1	6	0	0	8	O
*1O(CCCCCC$3/8)CCC(CCCCCC$12/7)O/9=O(/5)OC(/4)*2	1	1	20	16	4	0	0	0	0	12	2	2	6,6	1	0	3	O
*1O(CCCCCC$3/8)CCCC/11C/11O(/7)O(/4)*2	1	1	14	11	3	0	0	0	0	6	1	1	6	0	0	4	O
*1O(CCCCCC$3/8)CCCC/11C/11O(/7)O(/5)O(/4)*2	1	1	15	11	4	0	0	0	0	6	1	1	6	0	0	4	O
*1O(CCCCCC$3/8)CCCO($7/4)*2/11C/11C	1	1	13	11	2	0	0	0	0	6	2	1	6,6	0	0	1	O
*1O(CCCCCC$3/8)CC^RCC/11=C/10CC=CC/16C(/7)OC(/5)O(/4)*2	1	1	20	17	3	0	0	0	0	6	1	1	6	0	0	7	O
*1O(CCCCCC$3/8)CC^RCCCC/13C/13O/10CC/17=C(/7)O(/5)OC(/4)*2	1	1	21	17	4	0	0	0	0	6	1	1	6	0	0	7	O
*1O(CCCCCC$3/8)CC^SCC/10C/9=O(/7)O(/6)CC^ROCC/19=O/17CC/16=^ECCO($5/4)*2/25=O	1	1	26	19	7	0	0	0	0	6	2	1	6,6	3	2	4	O
*1O(CCCCCC$3/8)CC^SCC/10C/9=O(/7)O(/6)CC^SOCC/19=O/17CC/16=^ECCO($5/4)*2/25=O	1	1	26	19	7	0	0	0	0	6	2	1	6,6	3	2	4	O
*1O(CCCCCC$3/8)CC^SCC/11=C/10O($7/5)O(/4)*2	1	1	14	11	3	0	0	0	0	6	2	1	5,6	0	0	3	O
*1O(CCCCCC$3/8)CC^SCC/11=C/10O(/7)OC(/5)OC(/4)*2	1	1	17	13	4	0	0	0	0	6	1	1	6	0	0	4	O
*1O(CCCCCC$3/8)C^R(CCCCCC$10/13)O(/12)OC/9CCO($7/5)O/20=O(/4)*2	1	1	22	16	6	0	0	0	0	12	3	2	6,6,6	1	1	1	O
*1O(CCCCCC$3/8)C^R(CCCCCC$10/14)O(/13)O(/11)O($7/5)O/9CCOC/21=O(/4)*2	1	1	23	16	7	0	0	0	0	12	3	2	6,6,6	1	1	2	O
*1O(CCCCCC$3/8)C^S(CCCCCC$10/14)O(/13)O(/11)O($7/5)O/9CCOC/21=O(/4)*2	1	1	23	16	7	0	0	0	0	12	3	2	6,6,6	1	1	2	O
*1O(CCCCCC$3/8)C^S(CCCCCC$10/15)O(/13)O(/11)OC(CCCCCC$20/23)O/19C$9/19O($7/5)O(/4)*2	1	1	28	21	7	0	0	0	0	18	5	3	6,6,6,6,6	0	0	0	O
*1O(CCCCCC$3/8)C^X(CCCCCC$10/7)O/9C=^ECCCCC=O/22O(/6)C^X(CCCCCC$26/5)O/25C=^ECCCCC=O/38O(/4)*2	1	1	39	32	7	0	0	0	0	18	3	3	6,6,6	2	2	7	O
*1O(CCCCCC$3/8)C^X(CCCCCC$10/7)O/9C=^ECCCCCO/22=O(/6)C^XC=^EC(CCCCCC$28/5)O/25CCCCO/38=O(/4)*2	1	1	39	32	7	0	0	0	0	18	3	3	6,6,6	2	2	7	O
*1O(CCCCCC$3/8)C^XC=^EC(CCCCCC$12/7)O/9CCCC=O/22O(/6)C^XC=^EC(CCCCCC$28/5)O/25CCCC=O/38O(/4)*2	1	1	39	32	7	0	0	0	0	18	3	3	6,6,6	2	2	7	O
*1O(CCCCCC$3/8)C^XC=^EC(CCCCCC$12/7)O/9CCCCO/22=O(/6)C^X(CCCCCC$26/5)O/25C=^ECCCCCO/38=O(/4)*2	1	1	39	32	7	0	0	0	0	18	3	3	6,6,6	2	2	7	O
*1O(CCCCCC$3/8)C^XNCCC$9/11=O(/7)O(/5)O(/4)*2	1	1	15	10	4	1	0	0	0	6	2	1	5,6	1	0	0	O
*1O(CCCCCC$3/8)I(/7)OC(/5)OC(/4)*2	1	1	12	8	3	0	0	0	1	6	1	1	6	0	0	1	O
*1O(CCCCCC$3/8)O(/5)C=^ECC(CCCCCC$13/18)O(/16)O(/14)O$10/12=O/11OC(/4)*2	1	1	23	16	7	0	0	0	0	12	3	2	6,6,6	1	0	1	O
*1O(CCCCCC$3/8)O(/6)C=^ECC(CCCCCC$13/16)O(/14)O/12=O(/4)*2	1	1	20	15	5	0	0	0	0	12	2	2	6,6	1	0	3	O
*1O(CCCCCC$3/8)O(/7)O(/4)*2	1	1	9	6	3	0	0	0	0	6	1	1	6	0	0	0	O
*1O(CCCCCC$3/8)O(/7)O(/5)O(/4)*2	1	1	10	6	4	0	0	0	0	6	1	1	6	0	0	0	O
*1O(CCCCCC$3/8)O(/7)OC(/4)*2	1	1	10	7	3	0	0	0	0	6	1	1	6	0	0	1	O
*1O(CCCCCC$3/8)O(/7)OC(/6)C(CCCCCC$13/18)O(/14)O($5/4)*2/12=O	1	1	20	14	6	0	0	0	0	12	3	2	6,6,6	1	0	1	O
*1O(CCCCCC$3/8)O(/7)OC(CCCCCC$12/17)C(/15)O(/14)C=O(/13)O($6/5)C/11=O(/4)*2	1	1	23	16	7	0	0	0	0	12	3	2	6,6,7	2	1	1	O
*1O(CCCCCC$3/8)O(/7)OC(CCCCCC$12/17)C(/16)Cl(/15)O(/14)C=O(/13)O($6/5)C/11=O(/4)*2	1	1	24	16	7	0	0	0	1	12	3	2	6,6,7	2	1	1	O
*1O(CCCCCC$3/8)OC(/6)C=O(/4)*2	1	1	11	8	3	0	0	0	0	6	1	1	6	1	0	1	O
*1O(CCCCCC$3/8)OC(/6)C=^ECC=O(/4)*2	1	1	13	10	3	0	0	0	0	6	1	1	6	1	0	3	O
*1O(CCCCCC$3/8)OC(/6)C=^ECCOC(CCCCCC$16/4)*2/15=O	1	1	21	17	4	0	0	0	0	12	2	2	6,6	1	1	3	O
*1O(CCCCCC$3/8)OC(/6)C=^ECCOCC(/4)*2	1	1	15	12	3	0	0	0	0	6	1	1	6	0	0	3	O
*1O(CCCCCC$3/8)OC(/6)CC^RC^RC(CCCCCC$15/18)OC(/17)OC/13COC$12/27=O(/4)*2	1	1	27	21	6	0	0	0	0	12	3	2	5,6,6	1	1	1	O
*1O(CCCCCC$3/8)OC(/6)CC^RC^RCOC$12/14=O/13C(CCCCCC$19/22)O(/21)OC(/4)*2	1	1	26	20	6	0	0	0	0	12	3	2	5,6,6	1	1	1	O
*1O(CCCCCC$3/8)OC(/7)OC(/4)C(CCCCCC$14/18)OC(/17)OC(/15)*2/13=O	1	1	23	17	6	0	0	0	0	12	2	2	6,6	1	0	1	O
*1O(CCCCCC$3/8)OC(/7)OC(/6)OC(/5)OC(/4)*2	1	1	15	10	5	0	0	0	0	6	1	1	6	0	0	1	O
*1O(CCCCCC$3/8)OCO($7/4)*2	1	1	10	7	3	0	0	0	0	6	2	1	5,6	0	0	0	O
*1O(CCCCCCCC$5/4CCCC$3/13)O(/9)O(/8)O(/6)*2	1	1	16	12	4	0	0	0	0	12	2	2	6,6	0	0	0	O
*1O(CCCCCCCCC$6/11C$3/9)O(/7)OC(/5)O(/4)*2	1	1	15	11	4	0	0	0	0	10	2	2	6,6	0	0	1	O
*1O(CCCCCCCCC$6/11C$3/9)OC(/7)OC(/5)O(/4)*2	1	1	16	12	4	0	0	0	0	10	2	2	6,6	0	0	1	O
*1O(CCCCCCCCC$6/7C$3/11)O(/9)O(/5)O(/4)*2	1	1	14	10	4	0	0	0	0	10	2	2	6,6	0	0	0	O
*1O(CCCCCCCCCCC$8/9CC$6/15C$3/14)=O(/13)O(/10)O(/7)=O(/5)O(/4)*2	1	1	20	14	6	0	0	0	0	14	3	3	6,6,6	2	0	0	O
*1O(CCCCCNCSC$7/6CC$3/9)NCCCCN/18=O/17CC$14(/4)O*2	1	1	22	15	3	3	1	0	0	11	3	2	5,6,6	1	0	1	O
*1O(CCCCCOCCC$7/11$3/9)CC/12C(/4)*2	1	1	13	11	2	0	0	0	0	9	2	2	5,6	0	0	3	O
*1O(CCCOC$3/7)=C(/5)=O(/4)*2	1	1	8	5	3	0	0	0	0	5	1	1	5	1	1	1	O
*1O(CCNCCN$3/7)N=^ZCNC($6/4)*2/12=O/10N	1	1	13	6	2	5	0	0	0	6	2	1	6,6	1	0	0	O
*1OC(CCCCCC$4/9)O(/7)O(/6)C(/5)*2/3=O	1	1	12	8	4	0	0	0	0	6	1	1	6	1	1	1	O
*1OC(CCCCCC$4/9)O(/7)OC(/6)C(/5)*2/3=O	1	1	13	9	4	0	0	0	0	6	1	1	6	1	1	1	O
*1OC(CCCCCC$4/9)O(/8)O(/7)OC(/5)*2/3=O	1	1	13	8	5	0	0	0	0	6	1	1	6	1	1	1	O
*1OC(CCCCCC$4/9)OC(/7)O(/5)*2/3=O	1	1	12	8	4	0	0	0	0	6	1	1	6	1	1	1	O
*1OC=^EC*2/4C(CCCCCC$7/9)OC(/8)N$3/15C/6=O	1	1	15	11	3	1	0	0	0	6	2	1	6,6	1	0	1	O
*1OC=^ZN*2/3C	1	1	4	2	1	1	0	0	0	0	0	0	-	0	0	2	O
*1OCC*3/4=CNC^X*2/8C/3=O	1	1	8	5	2	1	0	0	0	0	0	0	-	1	1	3	O
*1OCCCC^RC^RCO*2/8=O/7C/7O/6C/4=^ZCC/3=O	1	1	15	10	5	0	0	0	0	0	0	0	-	2	2	7	O
*1OCCN*2/5CCC	1	1	7	5	1	1	0	0	0	0	0	0	-	0	0	3	O
*1OCC^R*3/4C(CCCCCCCC$9/8CCCC$7/17)OC(/16)OC(/15)OC(/13)OCO($12/10)*2/3=O	1	1	26	19	7	0	0	0	0	12	3	2	5,6,6	1	1	3	O
*1OCC^S*2/4C(CCCCCC$7/10)OCO($9)/3=O	1	1	14	10	4	0	0	0	0	6	2	1	5,6	1	1	3	O
*1OCC^S*2/4C/3=O	1	1	5	3	2	0	0	0	0	0	0	0	-	1	1	3	O
*1OCC^S*2/4CCO/7=O/3C/3C	1	1	9	6	3	0	0	0	0	0	0	0	-	1	1	5	O
*1OCC^S*3/4C^R(CCCCCC$7)/6(CCCCCC$13/17)OC(/16)OC(/15)OC(/11)OCO($10/8)*2/3=O	1	1	26	19	7	0	0	0	0	12	3	2	5,6,6	1	1	3	O
*1OCC^SC^S*2/5CCC^SC^RC^SC^RC=^ZCCC=^ZC$12/15=O/13CC$10/12C/11CC$4/9$4/3=O	1	1	22	19	3	0	0	0	0	0	4	0	5,6,6,6	2	1	1	O
*1OCC^SNC(CCCCCN$7/8)O/6=O/4CO*2/15=O	1	1	16	9	5	2	0	0	0	6	1	1	6	2	1	3	O
*1OCC^SNC(CCCCCN$7/9)OC(/8)O/6=O/4CO*2/17=O	1	1	18	10	6	2	0	0	0	6	1	1	6	2	1	3	O
*1OCC^SNC(CCCCCN$7/9)OC(/8)OCOCCC/19C/18=O/6=O/4CO*2/24=O	1	1	25	15	8	2	0	0	0	6	1	1	6	3	2	3	O
*1OCC^X*2/4CCCCCCC/11C/6=O/3=O	1	1	13	10	3	0	0	0	0	0	0	0	-	2	1	9	O
*1OCC^XNC(CCCCCN$7/9)OC(/8)O/6=O/4CO*2/17=O	1	1	18	10	6	2	0	0	0	6	1	1	6	2	1	3	O
*1OCN*2/4(CCCCCC$6/10)Cl(/8)Cl/3=O	1	1	12	7	2	1	0	0	2	6	1	1	6	1	1	1	O
*1OCN*2/4CCCC(NCCCCCCNC$13/12NC$10)/3=O	1	1	19	13	2	4	0	0	0	11	2	2	5,6	1	1	4	O
*1OC^R(CCCCCCCCC$7/8C$4/13)=O(/9)O(/6)=O(/5)*2/3CCC	1	1	18	14	4	0	0	0	0	10	2	2	6,6	2	0	4	O
*1OC^RC=^ZCC^RC^SC^RC^SC^RC^RC=^ZCCOC$12/14=O/11CC$9/10CC$7/10C/9O/8CC$5/6CC^RO*2/27$3/6C	1	1	28	23	5	0	0	0	0	0	5	0	5,5,6,6,6	1	1	1	O
*1OC^RCC=^XCC=^XCC^RC^RC*2/10C/9O/3C	1	1	13	11	2	0	0	0	0	0	0	0	-	0	0	10	O
*1OC^RC^R*2/4C^SNC^SC^SO$3/9C$6/8C^RCC$7/12$3/8CC^SCC/16O	1	1	17	13	3	1	0	0	0	0	4	0	5,5,5,5	0	0	4	O
*1OC^RC^S*2/4CC^SC^RC^RC$3/9C/8C=^ZCC$7/14=O/7C	1	1	14	12	2	0	0	0	0	0	2	0	5,7	1	0	1	O
*1OC^S*2/3C=^ECC^SCCCCC/7O	1	1	11	9	2	0	0	0	0	0	0	0	-	0	0	9	O
*1OC^SC=*2/4CCC=^ZCC=^ECC^SCC/12C/9OC$6/7=^ZCC$3/19=O/3C	1	1	19	16	3	0	0	0	0	0	2	0	6,6	1	0	5	O
*1OC^SC^R*2/4C^RC^SC^RC^SC^SC^SCC^SCC$10/13O/11CC$8/10C/9CC$6/7C$3/6C	1	1	21	19	2	0	0	0	0	0	4	0	5,6,6,6	0	0	1	O
*1OC^SC^R*2/4C^SC^SC^RC^SC^SC^SCC^SCC$10/13O/11CC$8/10C/9CC$6/7C$3/6C	1	1	21	19	2	0	0	0	0	0	4	0	5,6,6,6	0	0	1	O
*1OC^SC^R*2/4C^SC^SC^SC^SC^RCCC^SCC$10/13O/11=^ZCC$8/10C/9CC$6/7C$3/6C	1	1	21	19	2	0	0	0	0	0	4	0	5,6,6,6	0	0	1	O
*1OC^SC^S*2/4CC=^ECC$3/9=O/8Cl/7C=^ZCC=^ECC^XCC/16C/13OC$6/3C	1	1	20	16	3	0	0	0	1	0	2	0	6,6	1	0	5	O
*1OC^SC^SC^S*2/5CC^SC^RCO/9$4/8O/3OCCCC/16C/14=O	1	1	17	12	5	0	0	0	0	0	1	0	5	1	1	4	O
*1OC^SC^SC^S*2/5CC^SC^RCO/9$4/9O/8O/3OCCCC/17C/15=O	1	1	18	12	6	0	0	0	0	0	1	0	5	1	1	4	O
*1OC^SC^SC^S*2/5CC^SC^S$4/9C/9O/8O/3OCCCC/16C/14=O	1	1	17	12	5	0	0	0	0	0	1	0	5	1	1	4	O
*1OC^SC^SC^S*2/5CC^SC^SCO/9$4/8O/3OCCCC/16C/14=O	1	1	17	12	5	0	0	0	0	0	1	0	5	1	1	4	O
*1OC^X(CCCNCCCCCCC$9/11C$4/10$6/15)O(/12)=O(/8)CCC^XC^XC/21O/20($7/5)*2/3C	1	1	23	18	4	1	0	0	0	12	4	3	5,5,6,6	1	0	2	O
*1OC^X*2/3C=^ECC	1	1	5	4	1	0	0	0	0	0	0	0	-	0	0	4	O
*1OC^XC^X*2/4CC=^ECC$3/9=O/8Cl/7C=^ZCC=^ECC^XC^XC/17O/16C/13OC$6/3C	1	1	21	16	4	0	0	0	1	0	2	0	6,6	1	0	5	O
*1OC^XC^XC^X*3/5C^SO*2/7CC=^ECC=^ZCC=^ECC^SCC/17C/14O$3/12$4/11Cl/10=O/7C/5O/4O	1	1	23	16	6	0	0	0	1	0	2	0	6,6	1	0	5	O
*1OP^RO*2/3O/3=O	1	1	5	0	4	0	0	1	0	0	0	0	-	0	0	0	O
*1OP^XN*2/4CCCl/3NCCCl/3=O	1	1	11	4	2	2	0	1	2	0	0	0	-	0	0	2	O
*1SC^RN*2/3C	1	1	4	2	0	1	1	0	0	0	0	0	-	0	0	2	S
*=C(CCCCCC$3/6)OC	1	1	9	8	1	0	0	0	0	6	1	1	6	0	0	1	C
*=CC=^ECC=^ECC	1	1	6	6	0	0	0	0	0	0	0	0	-	0	0	6	C
*=CC=^ECC=^ECC=^ECC^RCC^RCC/11C/9C/7C/2O	1	1	16	15	1	0	0	0	0	0	0	0	-	0	0	12	C
*=CC=^XCC/3C	1	1	5	5	0	0	0	0	0	0	0	0	-	0	0	4	C
*=CCCCCCCCCCC	1	1	11	11	0	0	0	0	0	0	0	0	-	0	0	11	C
*=CCC^RC^SC^SC^RC^RCC$5/8O/7CO/7C/6CCC$4/17=C/5C	1	1	18	16	2	0	0	0	0	0	2	0	6,6	0	0	2	C
*=CCO	1	1	3	2	1	0	0	0	0	0	0	0	-	0	0	2	C
*=CC^RCC^RC^SCC$3/6Cl/5OC	1	1	10	8	1	0	0	0	1	0	1	0	6	0	0	1	C
*=CNC=*	1	1	3	2	0	1	0	0	0	0	0	0	-	0	0	1	C
*=NCC	1	1	3	2	0	1	0	0	0	0	0	0	-	0	0	2	N
*=OC	1	1	2	1	1	0	0	0	0	0	0	0	-	1	0	1	O
*C(CCCCCC$3/4)*/2=O	1	1	8	7	1	0	0	0	0	6	1	1	6	1	0	1	C
*C(CCCCCC$3/5CCCC$4)	1	1	11	11	0	0	0	0	0	10	2	2	6,6	0	0	1	C
*C(CCCCCC$3/6)C/2=O	1	1	9	8	1	0	0	0	0	6	1	1	6	1	0	1	C
*C(CCCCCC$3/6)O(/5)OC/2=O	1	1	11	8	3	0	0	0	0	6	1	1	6	1	0	1	C
*C(CCCCCC$3/6)OC(/5)O	1	1	10	8	2	0	0	0	0	6	1	1	6	0	0	1	C
*C(CCCCCC$3/6)OC(/5)OCC^SC(CCCCCC$15)/13NCOCC/24C/24C/22=O/12=O	1	1	28	22	5	1	0	0	0	12	2	2	6,6	2	2	3	C
*C(CCCCCC$3/7)OC(/6)O(/5)OC/2=O	1	1	13	9	4	0	0	0	0	6	1	1	6	1	0	1	C
*C(CCCCCC$3/7)OC(/6)OC(/5)OC	1	1	13	10	3	0	0	0	0	6	1	1	6	0	0	1	C
*C(CNCNC$3/4)C	1	1	7	5	0	2	0	0	0	5	1	1	5	0	0	1	C
*C(NCCCC$3/5NCCCCCC$9/10N$4/7)N(/6)S(CCCCCC$18/21)C/17=O/17=O	1	1	25	18	2	4	1	0	0	19	4	4	5,6,6,6	0	0	1	C
*C=C(CCCCCC$4/5)NC$2/11=O/3O	1	1	12	9	2	1	0	0	0	6	2	1	6,6	1	0	0	C
*C=CC=^ECC=^ECC=^ZCC=^ECCO$8/12=O/10OC/9C	1	1	16	13	3	0	0	0	0	0	1	0	6	1	1	6	C
*C=CCCCC^XOCC^XCC^XCC/12C/10C/9=O/7CC$4/18=O/7C/6=O/5=^ECO$2	1	1	23	18	5	0	0	0	0	0	2	0	6,6	3	1	6	C
*C=CCC^SC^RC^SC^SC^SC=^ZCC=C/9C/8OCN/16=O/7C/6O/5C/3C	1	1	21	17	3	1	0	0	0	0	0	0	-	1	1	12	C
*C=CC^RC^SC^SC^SC^RCCCC$7/10=O/9C/9C/8CC$5/7C/6C^SC$3/19O/5C/4CC$2/4C	1	1	24	22	2	0	0	0	0	0	4	0	5,6,6,6	1	0	1	C
*CC(NCCCNCN$5/6NC$4/9)N	1	1	12	7	0	5	0	0	0	9	2	2	5,6	0	0	2	C
*CC(NCCNC$4/6)CNC=^ZN($5)/11N/9=O	1	1	13	7	1	5	0	0	0	5	2	1	5,6	1	0	2	C
*CC/2=C	1	1	3	3	0	0	0	0	0	0	0	0	-	0	0	3	C
*CC/2C/2C	1	1	4	4	0	0	0	0	0	0	0	0	-	0	0	3	C
*CC/2C/2O	1	1	4	3	1	0	0	0	0	0	0	0	-	0	0	3	C
*CC=^ECC=^ECCCCCC^XCC=^ECCO/15=O/13C/11C/9=C	1	1	19	17	2	0	0	0	0	0	0	0	-	1	1	14	C
*CC=^ECC^RCC/6=O/5C	1	1	8	7	1	0	0	0	0	0	0	0	-	1	0	6	C
*CC=^ECC^RC^SCC/6O/5C	1	1	9	8	1	0	0	0	0	0	0	0	-	0	0	7	C
*CC=^ECC^XC^XC/6O/5C	1	1	8	7	1	0	0	0	0	0	0	0	-	0	0	6	C
*CC=^XCCCCO/7=O	1	1	8	6	2	0	0	0	0	0	0	0	-	1	1	6	C
*CC=^ZCCNCN$3/7=O/5=O/4C	1	1	10	6	2	2	0	0	0	0	1	0	6	2	0	1	C
*CCC=CC/5C/3=O	1	1	7	6	1	0	0	0	0	0	0	0	-	1	0	5	C
*CCC=^ECCCC=CC/9C/5C	1	1	11	11	0	0	0	0	0	0	0	0	-	0	0	9	C
*CCC=^ECCCC=^ECCCC=^ECCO/13C/9C/5C	1	1	17	16	1	0	0	0	0	0	0	0	-	0	0	13	C
*CCC=^ECCCC=^ECCCCC^XCO/13C/9C/5C	1	1	17	16	1	0	0	0	0	0	0	0	-	0	0	13	C
*CCC=^ECCCC=^ECCCC^RCC/13=C/12O/9C/5C	1	1	17	16	1	0	0	0	0	0	0	0	-	0	0	13	C
*CCC=^ECCCCC^XC^XCC=CC/13C/10O/9C/5C	1	1	17	16	1	0	0	0	0	0	0	0	-	0	0	13	C
*CCC=^ECCCC^SC^SCCCC$8/13C/13C/9C/9O/5C	1	1	17	16	1	0	0	0	0	0	1	0	6	0	0	6	C
*CCC=^ECCCC^XCC/9=C/8O/5C	1	1	12	11	1	0	0	0	0	0	0	0	-	0	0	9	C
*CCCCC/5C/3=O	1	1	7	6	1	0	0	0	0	0	0	0	-	1	0	5	C
*CCCCCCCCC	1	1	9	9	0	0	0	0	0	0	0	0	-	0	0	9	C
*CCCCCCCCCC	1	1	10	10	0	0	0	0	0	0	0	0	-	0	0	10	C
*CCCCCCCCCCCC	1	1	12	12	0	0	0	0	0	0	0	0	-	0	0	12	C
*CCCCCCCCCCCC(CCCCCC$14/17)O	1	1	19	18	1	0	0	0	0	6	1	1	6	0	0	12	C
*CCCCCCCCCCCCCCCC/2=O	1	1	17	16	1	0	0	0	0	0	0	0	-	1	0	16	C
*CCCC^RC^RC^RC^SC^RC^SC^SC^RCC^RCC$11/14O/12CC^R$9/19O/11C/10CC^S$7/23O/8CC$6/7C/5C	1	1	27	24	3	0	0	0	0	0	4	0	5,6,6,6	0	0	5	C
*CCCC^RC^RC^RC^SC^RC^SC^SC^XCC^RCC$11/14O/12CC^R$9/19O/11C/10CC^S$7/23O/8CC$6/7C/5C	1	1	27	24	3	0	0	0	0	0	4	0	5,6,6,6	0	0	5	C
*CCCC^RC^RC^SC^SCC=^ZCC=^ZCCCCC^SC$13/17O/14=C/10CC$7/8CC$6/7C/5C	1	1	25	24	1	0	0	0	0	0	3	0	5,6,6	0	0	5	C
*CCCC^XCCCCC/9C/5C	1	1	11	11	0	0	0	0	0	0	0	0	-	0	0	9	C
*CCC^RC^RC^SCC=^ZCCC$5/8C/6CC^R$4/14C/6C=O/4CO	1	1	18	16	2	0	0	0	0	0	2	0	5,7	1	0	2	C
*CCC^SC^RC^RCCO/8=O/7=^ECCC$5/6CCC^R$4/16C/6C/4C	1	1	18	16	2	0	0	0	0	0	2	0	6,6	1	1	2	C
*CCN*	1	1	3	2	0	1	0	0	0	0	0	0	-	0	0	2	C
*CCNC(CCCCCC$6/9)NC/12C	1	1	13	11	0	2	0	0	0	6	1	1	6	0	0	2	C
*CCNC*/5=O	1	1	5	3	1	1	0	0	0	0	0	0	-	1	0	2	C
*CCNCNC$2/5=O/3=O	1	1	8	4	2	2	0	0	0	0	1	0	6	2	0	0	C
*CCO*/3=O	1	1	4	2	2	0	0	0	0	0	0	0	-	1	1	2	C
*CCO*/3C/3C	1	1	5	4	1	0	0	0	0	0	0	0	-	0	0	3	C
*CCOCC(CCCCCC$7/10)O/3=O	1	1	13	10	3	0	0	0	0	6	1	1	6	1	1	2	C
*CCOCC^X(CCCCCC$7/10)O(/9)O/6OCC/3=O	1	1	17	12	5	0	0	0	0	6	1	1	6	1	1	2	C
*CC^R(CCCCCC$4/8)O(/7)O(/5)CCN$3	1	1	13	10	2	1	0	0	0	6	2	1	6,6	0	0	1	C
*CC^R(CCCCCC$4/8)O(/7)O(/5)CCNCC/15=O/14$3	1	1	16	12	3	1	0	0	0	6	2	1	6,6	1	0	2	C
*CC^RC(CCCCCC$5)/4=^ECCO$3/12=O/11O	1	1	14	11	3	0	0	0	0	6	2	1	5,6	1	1	1	C
*CC^RCC^RCCC/5C/3C	1	1	9	9	0	0	0	0	0	0	0	0	-	0	0	7	C
*CC^RCC^RCCCO/8=O/5C/3C	1	1	11	9	2	0	0	0	0	0	0	0	-	1	1	7	C
*CC^S(CCCCCC$4/8)O(/7)O(/5)CCN$3	1	1	13	10	2	1	0	0	0	6	2	1	6,6	0	0	1	C
*CC^XCC^RC^RCC$3/6O/5OC	1	1	10	8	2	0	0	0	0	0	1	0	6	0	0	1	C
*CC^XCC^XC^XCC$3/6O/5OC	1	1	10	8	2	0	0	0	0	0	1	0	6	0	0	1	C
*CC^XCC^XC^XOCCO/6CC$3/5OC	1	1	13	10	3	0	0	0	0	0	1	0	6	0	0	2	C
*CC^XCO/4=O/3N	1	1	6	3	2	1	0	0	0	0	0	0	-	1	1	3	C
*CCl	1	1	2	1	0	0	0	0	1	0	0	0	-	0	0	1	C
*CF	1	1	2	1	0	0	0	0	1	0	0	0	-	0	0	1	C
*CN	1	1	2	1	0	1	0	0	0	0	0	0	-	0	0	1	C
*CN(CCCCCC$4/6)CNCC^RC^RCNC(CCCCCC$18/21)Cl(/20)Cl/16C/14O($5)/13C/11C^SCO/29C/10=O/2=O	1	1	33	24	4	3	0	0	2	12	3	2	6,6,8	2	0	3	C
*CN(CCCCCC$4/6)CNCC^RC^RCNC(CCCCCC$18/21)O(CCCCCC$25/5)O$14/16C/13C/11C^SCO/34C/10=O/2=O	1	1	38	30	5	3	0	0	0	18	4	3	6,6,6,8	2	0	3	C
*CN(CCCCCC$4/6)CNCC^RC^RCNC(CCCCCC$18/21)OCO($20/5)O$14/16C/13C/11C^RCO/30C/10=O/2=O	1	1	34	25	6	3	0	0	0	12	4	2	5,6,6,8	2	0	3	C
*CN(CCCCCC$4/6)CNCC^RC^RCNC(CCCCCC$18/21)OCO($20/5)O$14/16C/13C/11C^SCO/30C/10=O/2=O	1	1	34	25	6	3	0	0	0	12	4	2	5,6,6,8	2	0	3	C
*CN(CCCCCC$4/6)CNCC^RC^RCNCCCCCCC$18/16C/14O($5)/13C/11C^RCO/27C/10=O/2=O	1	1	31	24	4	3	0	0	0	6	3	1	6,6,8	2	0	3	C
*CN(CCCCCC$4/6)CNCC^RC^RCNCCCCCCC$18/16C/14O($5)/13C/11C^SCO/27C/10=O/2=O	1	1	31	24	4	3	0	0	0	6	3	1	6,6,8	2	0	3	C
*CN(CCCCCC$4/6)CNCC^RC^RCNCN(CCCCCC$19/21CCCC$20/5)O$14/17=O/16C/13C/11C^SCO/33C/10=O/2=O	1	1	37	28	5	4	0	0	0	16	4	3	6,6,6,8	3	0	3	C
*CN(CCCCCC$4/6)CNCC^RC^RCNCNCCCCCC$19/17=O/16C/14O($5)/13C/11C^RCO/29C/10=O/2=O	1	1	33	24	5	4	0	0	0	6	3	1	6,6,8	3	0	3	C
*CN(CCCCCC$4/6)CNCC^RC^SCNC(CCCCCC$18/21)O(CCCCCC$25/5)O$14/16C/13C/11C^RCO/34C/10=O/2=O	1	1	38	30	5	3	0	0	0	18	4	3	6,6,6,8	2	0	3	C
*CN(CCCCCC$4/6)CNCC^RC^SCNC(CCCCCC$18/21)OCO($20/5)O$14/16C/13C/11C^RCO/30C/10=O/2=O	1	1	34	25	6	3	0	0	0	12	4	2	5,6,6,8	2	0	3	C
*CN(CCCCCC$4/6)CNCC^RC^SCNC(CCCCCC$18/21)OCO($20/5)O$14/16C/13C/11C^SCO/30C/10=O/2=O	1	1	34	25	6	3	0	0	0	12	4	2	5,6,6,8	2	0	3	C
*CN(CCCCCC$4/6)CNCC^RC^SCNC(CCCNCC$18/5)O$14/16C/13C/11C^RCO/27C/10=O/2=O	1	1	31	23	4	4	0	0	0	12	3	2	6,6,8	2	0	3	C
*CN(CCCCCC$4/6)CNCC^RC^SCNCCCCCCC$18/16C/14O($5)/13C/11C^RCO/27C/10=O/2=O	1	1	31	24	4	3	0	0	0	6	3	1	6,6,8	2	0	3	C
*CN(CCCCCC$4/6)CNCC^RC^SCNCN(CCCCCC$19/21CCCC$20/5)O$14/17=O/16C/13C/11C^RCO/33C/10=O/2=O	1	1	37	28	5	4	0	0	0	16	4	3	6,6,6,8	3	0	3	C
*CN(CCCCCC$4/6)CNCC^RC^SCNCN(CCCCCC$19/22)OCO($21/5)O$14/17=O/16C/13C/11C^RCO/32C/10=O/2=O	1	1	36	25	7	4	0	0	0	12	4	2	5,6,6,8	3	0	3	C
*CN(CCCCCC$4/6)CNCC^RC^SCNCN(CCCCCC$19/22)OCO($21/5)O$14/17=O/16C/13C/11C^SCO/32C/10=O/2=O	1	1	36	25	7	4	0	0	0	12	4	2	5,6,6,8	3	0	3	C
*CN(CCCCCC$4/6)CNCC^RC^SCNCNCCCCCC$19/17=O/16C/14O($5)/13C/11C^RCO/29C/10=O/2=O	1	1	33	24	5	4	0	0	0	6	3	1	6,6,8	3	0	3	C
*CN(CCCCCC$4/6)CNCC^SC^RCNC(CCCCCC$18/21)OCO($20/5)O$14/16C/13C/11C^RCO/30C/10=O/2=O	1	1	34	25	6	3	0	0	0	12	4	2	5,6,6,8	2	0	3	C
*CN(CCCCCC$4/6)CNCC^SC^RCNC(CCCCCC$18/21)OCO($20/5)O$14/16C/13C/11C^SCO/30C/10=O/2=O	1	1	34	25	6	3	0	0	0	12	4	2	5,6,6,8	2	0	3	C
*CN(CCCCCC$4/6)CNCC^SC^RCNC(CCCNCC$18/5)O$14/16C/13C/11C^RCO/27C/10=O/2=O	1	1	31	23	4	4	0	0	0	12	3	2	6,6,8	2	0	3	C
*CN(CCCCCC$4/6)CNCC^SC^RCNCCCCCCC$18/16C/14O($5)/13C/11C^RCO/27C/10=O/2=O	1	1	31	24	4	3	0	0	0	6	3	1	6,6,8	2	0	3	C
*CN(CCCCCC$4/6)CNCC^SC^RCNCN(CCCCCC$19/21CCCC$20/5)O$14/17=O/16C/13C/11C^RCO/33C/10=O/2=O	1	1	37	28	5	4	0	0	0	16	4	3	6,6,6,8	3	0	3	C
*CN(CCCCCC$4/6)CNCC^SC^RCNCN(CCCCCC$19/21CCCC$20/5)O$14/17=O/16C/13C/11C^SCO/33C/10=O/2=O	1	1	37	28	5	4	0	0	0	16	4	3	6,6,6,8	3	0	3	C
*CN(CCCCCC$4/6)CNCC^SC^SCNC(CCCCCC$18/21)O(CCCCCC$25/5)O$14/16C/13C/11C^RCO/34C/10=O/2=O	1	1	38	30	5	3	0	0	0	18	4	3	6,6,6,8	2	0	3	C
*CN(CCCCCC$4/6)CNCC^SC^SCNC(CCCNCC$18/5)O$14/16C/13C/11C^RCO/27C/10=O/2=O	1	1	31	23	4	4	0	0	0	12	3	2	6,6,8	2	0	3	C
*CN(CCCCCC$4/6)CNCC^SC^SCNC(CCCNCC$18/5)O$14/16C/13C/11C^SCO/27C/10=O/2=O	1	1	31	23	4	4	0	0	0	12	3	2	6,6,8	2	0	3	C
*CN(CCCCCC$4/6)CNCC^SC^SCNCCCCCCC$18/16C/14O($5)/13C/11C^RCO/27C/10=O/2=O	1	1	31	24	4	3	0	0	0	6	3	1	6,6,8	2	0	3	C
*CN(CCCCCC$4/6)CNCC^SC^SCNCCCCCCC$18/16C/14O($5)/13C/11C^SCO/27C/10=O/2=O	1	1	31	24	4	3	0	0	0	6	3	1	6,6,8	2	0	3	C
*CN(CCCCCC$4/6)CNCC^SC^SCNCN(CCCCCC$19/21CCCC$20/5)O$14/17=O/16C/13C/11C^RCO/33C/10=O/2=O	1	1	37	28	5	4	0	0	0	16	4	3	6,6,6,8	3	0	3	C
*CN(CCCCCC$4/6)CNCC^SC^SCNCN(CCCCCC$19/22)OCO($21/5)O$14/17=O/16C/13C/11C^RCO/32C/10=O/2=O	1	1	36	25	7	4	0	0	0	12	4	2	5,6,6,8	3	0	3	C
*CN(CCCCCC$4/6)CNCC^SC^SCNCN(CCCCCC$19/22)OCO($21/5)O$14/17=O/16C/13C/11C^SCO/32C/10=O/2=O	1	1	36	25	7	4	0	0	0	12	4	2	5,6,6,8	3	0	3	C
*CN(CCCCCC$4/6)CNCC^SC^SCNCNCCCCCC$19/17=O/16C/14O($5)/13C/11C^RCO/29C/10=O/2=O	1	1	33	24	5	4	0	0	0	6	3	1	6,6,8	3	0	3	C
*CN(CCCCCC$4/7)CNCC^RC^RCNC(CCCCCC$18/6)OCC^R$16/26C/17=O/14C/13OC/11C/10=O/2=O	1	1	33	25	5	3	0	0	0	12	3	2	6,6,12	3	0	1	C
*CN(CCCCCC$4/7)CNCC^RC^RCNC(CCCCCC$18/6)OCC^S$16/26C/17=O/14C/13OC/11C/10=O/2=O	1	1	33	25	5	3	0	0	0	12	3	2	6,6,12	3	0	1	C
*CN(CCCCCC$4/7)CNCC^RC^RCNC^RCO($6)/17C/14C/13OC/11C/10=O/2=O	1	1	25	18	4	3	0	0	0	6	2	1	6,12	2	0	1	C
*CN(CCCCCC$4/7)CNCC^RC^RCNC^RCO($6)/17C/16C(CNCCS$22)/14C/13OC/11C/10=O/2=O	1	1	31	22	4	4	1	0	0	11	3	2	5,6,12	2	0	1	C
*CN(CCCCCC$4/7)CNCC^RC^RCNC^RCO($6)/17C/16C/14C/13OC/11C/10=O/2=O	1	1	26	19	4	3	0	0	0	6	2	1	6,12	2	0	1	C
*CN(CCCCCC$4/7)CNCC^RC^RCNC^RCO($6)/17C/16CCC/14C/13OC/11C/10=O/2=O	1	1	28	21	4	3	0	0	0	6	2	1	6,12	2	0	3	C
*CN(CCCCCC$4/7)CNCC^RC^RCNC^RCO($6)/17C/16CCC/21=O/14C/13OC/11C/10=O/2=O	1	1	29	21	5	3	0	0	0	6	2	1	6,12	3	0	3	C
*CN(CCCCCC$4/7)CNCC^RC^RCNC^SCO($6)/17C/14C/13OC/11C/10=O/2=O	1	1	25	18	4	3	0	0	0	6	2	1	6,12	2	0	1	C
*CN(CCCCCC$4/7)CNCC^RC^RCNC^SCO($6)/17C/16C(CNCCS$22)/14C/13OC/11C/10=O/2=O	1	1	31	22	4	4	1	0	0	11	3	2	5,6,12	2	0	1	C
*CN(CCCCCC$4/7)CNCC^RC^RCNC^SCO($6)/17C/16C/14C/13OC/11C/10=O/2=O	1	1	26	19	4	3	0	0	0	6	2	1	6,12	2	0	1	C
*CN(CCCCCC$4/7)CNCC^RC^RCNC^SCO($6)/17C/16CCC/14C/13OC/11C/10=O/2=O	1	1	28	21	4	3	0	0	0	6	2	1	6,12	2	0	3	C
*CN(CCCCCC$4/7)CNCC^RC^RCNC^SCO($6)/17C/16CCC/21=O/14C/13OC/11C/10=O/2=O	1	1	29	21	5	3	0	0	0	6	2	1	6,12	3	0	3	C
*CN(CCCCCC$4/7)CNCC^RC^SCNC(CCCCCC$18/6)OCC^R$16/26C/17=O/14C/13OC/11C/10=O/2=O	1	1	33	25	5	3	0	0	0	12	3	2	6,6,12	3	0	1	C
*CN(CCCCCC$4/7)CNCC^RC^SCNC^RCO($6)/17C/14C/13OC/11C/10=O/2=O	1	1	25	18	4	3	0	0	0	6	2	1	6,12	2	0	1	C
*CN(CCCCCC$4/7)CNCC^RC^SCNC^RCO($6)/17C/16C/14C/13OC/11C/10=O/2=O	1	1	26	19	4	3	0	0	0	6	2	1	6,12	2	0	1	C
*CN(CCCCCC$4/7)CNCC^RC^SCNC^RCO($6)/17C/16CCC/14C/13OC/11C/10=O/2=O	1	1	28	21	4	3	0	0	0	6	2	1	6,12	2	0	3	C
*CN(CCCCCC$4/7)CNCC^RC^SCNC^RCO($6)/17C/16CCC/21=O/14C/13OC/11C/10=O/2=O	1	1	29	21	5	3	0	0	0	6	2	1	6,12	3	0	3	C
*CN(CCCCCC$4/7)CNCC^SC^RCNC(CCCCCC$18/21)F/16C^RCO($6)/25C/14C/13OC/11C/10=O/2=O	1	1	33	25	4	3	0	0	1	12	3	2	6,6,12	2	0	1	C
*CN(CCCCCC$4/7)CNCC^SC^RCNC(CCCCCC$18/6)OCC^R$16/26C/17=O/14C/13OC/11C/10=O/2=O	1	1	33	25	5	3	0	0	0	12	3	2	6,6,12	3	0	1	C
*CN(CCCCCC$4/7)CNCC^SC^RCNC(CCCCCC$18/6)OCC^S$16/26C/17=O/14C/13OC/11C/10=O/2=O	1	1	33	25	5	3	0	0	0	12	3	2	6,6,12	3	0	1	C
*CN(CCCCCC$4/7)CNCC^SC^RCNC^RCO($6)/17C/14C/13OC/11C/10=O/2=O	1	1	25	18	4	3	0	0	0	6	2	1	6,12	2	0	1	C
*CN(CCCCCC$4/7)CNCC^SC^RCNC^RCO($6)/17C/16C(CNCCS$22)/14C/13OC/11C/10=O/2=O	1	1	31	22	4	4	1	0	0	11	3	2	5,6,12	2	0	1	C
*CN(CCCCCC$4/7)CNCC^SC^RCNC^RCO($6)/17C/16C/14C/13OC/11C/10=O/2=O	1	1	26	19	4	3	0	0	0	6	2	1	6,12	2	0	1	C
*CN(CCCCCC$4/7)CNCC^SC^RCNC^RCO($6)/17C/16CCC/21=O/14C/13OC/11C/10=O/2=O	1	1	29	21	5	3	0	0	0	6	2	1	6,12	3	0	3	C
*CN(CCCCCC$4/7)CNCC^SC^RCNC^SCO($6)/17C/14C/13OC/11C/10=O/2=O	1	1	25	18	4	3	0	0	0	6	2	1	6,12	2	0	1	C
*CN(CCCCCC$4/7)CNCC^SC^RCNC^SCO($6)/17C/16C(CNCCS$22)/14C/13OC/11C/10=O/2=O	1	1	31	22	4	4	1	0	0	11	3	2	5,6,12	2	0	1	C
*CN(CCCCCC$4/7)CNCC^SC^RCNC^SCO($6)/17C/16C/14C/13OC/11C/10=O/2=O	1	1	26	19	4	3	0	0	0	6	2	1	6,12	2	0	1	C
*CN(CCCCCC$4/7)CNCC^SC^RCNC^SCO($6)/17C/16CCC/14C/13OC/11C/10=O/2=O	1	1	28	21	4	3	0	0	0	6	2	1	6,12	2	0	3	C
*CN(CCCCCC$4/7)CNCC^SC^RCNC^SCO($6)/17C/16CCC/21=O/14C/13OC/11C/10=O/2=O	1	1	29	21	5	3	0	0	0	6	2	1	6,12	3	0	3	C
*CN(CCCCCC$4/7)CNCC^SC^SCNC(CCCCCC$18/6)OCC^R$16/26C/17=O/14C/13OC/11C/10=O/2=O	1	1	33	25	5	3	0	0	0	12	3	2	6,6,12	3	0	1	C
*CN(CCCCCC$4/7)CNCC^SC^SCNC(CCCCCC$18/6)OCC^S$16/26C/17=O/14C/13OC/11C/10=O/2=O	1	1	33	25	5	3	0	0	0	12	3	2	6,6,12	3	0	1	C
*CN(CCCCCC$4/7)CNCC^SC^SCNC^RCO($6)/17C/14C/13OC/11C/10=O/2=O	1	1	25	18	4	3	0	0	0	6	2	1	6,12	2	0	1	C
*CN(CCCCCC$4/7)CNCC^SC^SCNC^RCO($6)/17C/16C(CNCCS$22)/14C/13OC/11C/10=O/2=O	1	1	31	22	4	4	1	0	0	11	3	2	5,6,12	2	0	1	C
*CN(CCCCCC$4/7)CNCC^SC^SCNC^RCO($6)/17C/16C/14C/13OC/11C/10=O/2=O	1	1	26	19	4	3	0	0	0	6	2	1	6,12	2	0	1	C
*CN(CCCCCC$4/7)CNCC^SC^SCNC^RCO($6)/17C/16CCC/14C/13OC/11C/10=O/2=O	1	1	28	21	4	3	0	0	0	6	2	1	6,12	2	0	3	C
*CN(CCCCCC$4/7)CNCC^SC^SCNC^RCO($6)/17C/16CCC/21=O/14C/13OC/11C/10=O/2=O	1	1	29	21	5	3	0	0	0	6	2	1	6,12	3	0	3	C
*CN(CCCCCC$4/7)CNCC^SC^SCNC^SCO($6)/17C/14C/13OC/11C/10=O/2=O	1	1	25	18	4	3	0	0	0	6	2	1	6,12	2	0	1	C
*CN(CCCCCC$4/7)CNCC^SC^SCNC^SCO($6)/17C/16C(CNCCS$22)/14C/13OC/11C/10=O/2=O	1	1	31	22	4	4	1	0	0	11	3	2	5,6,12	2	0	1	C
*CN(CCCCCC$4/7)CNCC^SC^SCNC^SCO($6)/17C/16C/14C/13OC/11C/10=O/2=O	1	1	26	19	4	3	0	0	0	6	2	1	6,12	2	0	1	C
*CN(CCCCCC$4/7)CNCC^SC^SCNC^SCO($6)/17C/16CCC/14C/13OC/11C/10=O/2=O	1	1	28	21	4	3	0	0	0	6	2	1	6,12	2	0	3	C
*CN(CCCCCC$4/7)OCC^RNCC^RC^RCNC($6)/19=O/18C/16OC/15C/13C(CCNCCC$26)/12C/2=O	1	1	32	24	4	4	0	0	0	12	3	2	6,6,12	2	0	1	C
*CN(CCCCCC$4/7)OCC^RNCC^RC^RCNC($6)/19=O/18C/16OC/15C/13C/12C/2=O	1	1	26	19	4	3	0	0	0	6	2	1	6,12	2	0	1	C
*CN(CCCCCC$4/7)OCC^RNCC^RC^SCNC($6)/19=O/18C/16OC/15C/13C(CCNCCC$26)/12C/2=O	1	1	32	24	4	4	0	0	0	12	3	2	6,6,12	2	0	1	C
*CN(CCCCCC$4/7)OCC^RNCC^RC^SCNC($6)/19=O/18C/16OC/15C/13C/12C/2=O	1	1	26	19	4	3	0	0	0	6	2	1	6,12	2	0	1	C
*CN(CCCCCC$4/7)OCC^RNCC^SC^RCNC($6)/19=O/18C/16OC/15C/13C(CCNCCC$26)/12C/2=O	1	1	32	24	4	4	0	0	0	12	3	2	6,6,12	2	0	1	C
*CN(CCCCCC$4/7)OCC^RNCC^SC^RCNC($6)/19=O/18C/16OC/15C/13C/12C/2=O	1	1	26	19	4	3	0	0	0	6	2	1	6,12	2	0	1	C
*CN(CCCCCC$4/7)OCC^RNCC^SC^SCNC($6)/19=O/18C/16OC/15C/13C(CCNCCC$26)/12C/2=O	1	1	32	24	4	4	0	0	0	12	3	2	6,6,12	2	0	1	C
*CN(CCCCCC$4/7)OCC^RNCC^SC^SCNC($6)/19=O/18C/16OC/15C/13C/12C/2=O	1	1	26	19	4	3	0	0	0	6	2	1	6,12	2	0	1	C
*CN(CCCCCC$4/7)OCC^SNCC^RC^RCNC($6)/19=O/18C/16OC/15C/13C(CCNCCC$26)/12C/2=O	1	1	32	24	4	4	0	0	0	12	3	2	6,6,12	2	0	1	C
*CN(CCCCCC$4/7)OCC^SNCC^RC^RCNC($6)/19=O/18C/16OC/15C/13C/12C/2=O	1	1	26	19	4	3	0	0	0	6	2	1	6,12	2	0	1	C
*CN(CCCCCC$4/7)OCC^SNCC^RC^SCNC($6)/19=O/18C/16OC/15C/13C(CCNCCC$26)/12C/2=O	1	1	32	24	4	4	0	0	0	12	3	2	6,6,12	2	0	1	C
*CN(CCCCCC$4/7)OCC^SNCC^RC^SCNC($6)/19=O/18C/16OC/15C/13C/12C/2=O	1	1	26	19	4	3	0	0	0	6	2	1	6,12	2	0	1	C
*CN(CCCCCC$4/7)OCC^SNCC^SC^RCNC($6)/19=O/18C/16OC/15C/13C(CCNCCC$26)/12C/2=O	1	1	32	24	4	4	0	0	0	12	3	2	6,6,12	2	0	1	C
*CN(CCCCCC$4/7)OCC^SNCC^SC^RCNC($6)/19=O/18C/16OC/15C/13C/12C/2=O	1	1	26	19	4	3	0	0	0	6	2	1	6,12	2	0	1	C
*CN(CCCCCC$4/7)OCC^SNCC^SC^SCNC($6)/19=O/18C/16OC/15C/13C(CCNCCC$26)/12C/2=O	1	1	32	24	4	4	0	0	0	12	3	2	6,6,12	2	0	1	C
*CN(CCCCCC$4/7)OCC^SNCC^SC^SCNC($6)/19=O/18C/16OC/15C/13C/12C/2=O	1	1	26	19	4	3	0	0	0	6	2	1	6,12	2	0	1	C
*CN*/3C	1	1	3	2	0	1	0	0	0	0	0	0	-	0	0	1	C
*CNC*/3C	1	1	4	3	0	1	0	0	0	0	0	0	-	0	0	1	C
*CNC/2=O	1	1	4	2	1	1	0	0	0	0	0	0	-	1	0	1	C
*CNCC/4C/4C/2=O	1	1	7	5	1	1	0	0	0	0	0	0	-	1	0	3	C
*CNCCC(CCNCCCCCC$7/15$10/12)OC(/8)C^RNC$6/18CO/6CC$3/2=O	1	1	24	18	3	3	0	0	0	9	4	2	5,5,6,6	1	0	4	C
*CNCCC(CCNCCCCCC$7/15$10/12)OC(/8)C^RNC(CCCNCC$21)/19C$6/18CO/6CC$3	1	1	30	24	2	4	0	0	0	15	5	3	5,5,6,6,6	0	0	4	C
*CNCCC(CCNCCCCCC$7/15$10/12)OC(/8)C^RNCN(CCCCCC$22/25)F/20=O/19C$6/18CO/6CC$3	1	1	33	25	3	4	0	0	1	15	5	3	5,5,6,6,6	1	0	4	C
*CNCCC(CCNCCCCCC$7/15$10/12)OC(/8)C^RNCNCCC/20=O/19C$6/18CO/6CC$3/2=O	1	1	30	22	4	4	0	0	0	9	4	2	5,5,6,6	2	0	4	C
*CNCCC(CCNCCCCCC$7/15$10/12)OC(/8)C^SNC$6/18CO/6CC$3/2=O	1	1	24	18	3	3	0	0	0	9	4	2	5,5,6,6	1	0	4	C
*CNCCC(CCNCCCCCC$7/15$10/12)OC(/8)C^SNC(CCCNCC$21)/19C$6/18CO/6CC$3	1	1	30	24	2	4	0	0	0	15	5	3	5,5,6,6,6	0	0	4	C
*CNCCC(CCNCCCCCC$7/15$10/12)OC(/8)C^SNCNCCC/20=O/19C$6/18CO/6CC$3/2=O	1	1	30	22	4	4	0	0	0	9	4	2	5,5,6,6	2	0	4	C
*CNCCC(CCNCCCCCC$7/15$10/12)OC(/9)C(/8)C^RNC(CCCCCC$22/23)F/20C$6/19CO/6CC$3/2=O	1	1	33	26	3	3	0	0	1	15	5	3	5,5,6,6,6	1	0	4	C
*CNCCC(CCNCCCCCC$7/15$10/12)OC(/9)C(/8)C^SNC(CCCCCC$22/23)F/20C$6/19CO/6CC$3/2=O	1	1	33	26	3	3	0	0	1	15	5	3	5,5,6,6,6	1	0	4	C
*CNCCC(CCNCCCCCC$7/15$10/12)OC(/9)C(/8)C^SNCC/21=O/20C$6/19CO/6CC$3/2=O	1	1	28	21	4	3	0	0	0	9	4	2	5,5,6,6	2	0	4	C
*CNCCC(CCNCCCCCC$7/15$10/12)OC(/9)C(/8)C^SNCNCC/23C/21=O/20C$6/19CO/6CC$3	1	1	30	23	3	4	0	0	0	9	4	2	5,5,6,6	1	0	4	C
*CNCCCCN(CCCCCCCCC$12/11CCC$9/14)Cl/7=O/6CC$3	1	1	23	19	1	2	0	0	1	12	3	2	6,6,6	1	0	1	C
*CNCC^RC^RCNC(CCCCCC$10/13)NCCCC/17=O(/11)OCC^R$3/24C/9=O/8C/6OC/5C	1	1	29	22	4	3	0	0	0	6	2	1	6,12	2	0	4	C
*CNCC^RC^RCNC(CCCCCC$10/13)NCCCC/17=O(/11)OCC^S$3/24C/9=O/8C/6OC/5C	1	1	29	22	4	3	0	0	0	6	2	1	6,12	2	0	4	C
*CNCC^RC^RCNC(CCCCCC$10/13)NCNCCC/17=O(/11)OCC^R$3/25C/9=O/8C/6OC/5C/2=O	1	1	31	22	5	4	0	0	0	6	2	1	6,12	3	0	3	C
*CNCC^RC^RCNC(CCCCCC$10/13)NCNCCC/17=O(/11)OCC^S$3/25C/9=O/8C/6OC/5C/2=O	1	1	31	22	5	4	0	0	0	6	2	1	6,12	3	0	3	C
*CNCC^RC^RCNC(CCCCCC$10/14)NC(CCCCCC$18/19)F/17=O(/11)OCC^R$3/28C/9=O/8C/6OC/5C	1	1	33	25	4	3	0	0	1	12	3	2	6,6,12	2	0	1	C
*CNCC^RC^RCNC(CCCCCC$10/14)NC(CCCCCC$18/19)F/17=O(/11)OCC^S$3/28C/9=O/8C/6OC/5C	1	1	33	25	4	3	0	0	1	12	3	2	6,6,12	2	0	1	C
*CNCC^RC^RCNC(CCCCCC$10/14)NCCC/17=O(/11)OCC^R$3/23C/9=O/8C/6OC/5C	1	1	28	21	4	3	0	0	0	6	2	1	6,12	2	0	3	C
*CNCC^RC^RCNC(CCCCCC$10/14)NCCC/17=O(/11)OCC^S$3/23C/9=O/8C/6OC/5C	1	1	28	21	4	3	0	0	0	6	2	1	6,12	2	0	3	C
*CNCC^RC^RCNC(CCCCCC$10/14)NSC/17=O/17=O(/11)OCC^R$3/23C/9=O/8C/6OC/5C	1	1	28	19	5	3	1	0	0	6	2	1	6,12	1	0	1	C
*CNCC^RC^RCNC(CCCCCC$10/14)NSC/17=O/17=O(/11)OCC^R$3/23C/9=O/8C/6OC/5C/2=O	1	1	29	19	6	3	1	0	0	6	2	1	6,12	2	0	1	C
*CNCC^RC^RCNC(CCCCCC$10/14)NSC/17=O/17=O(/11)OCC^S$3/23C/9=O/8C/6OC/5C	1	1	28	19	5	3	1	0	0	6	2	1	6,12	1	0	1	C
*CNCC^RC^RCNC(CCCCCC$10/14)NSC/17=O/17=O(/11)OCC^S$3/23C/9=O/8C/6OC/5C/2=O	1	1	29	19	6	3	1	0	0	6	2	1	6,12	2	0	1	C
*CNCC^RC^RCNCN(CCCCCC$11/14)CF/17F/17F/9=O/8C^SCO/22C/6C/5OC/3C/2=O	1	1	29	19	4	3	0	0	3	6	1	1	6	2	0	4	C
*CNCC^RC^RCNCN(CCCCCC$11/14)F/9=O/8C^RCO/19C/6C/5OC/3C	1	1	25	18	3	3	0	0	1	6	1	1	6	1	0	4	C
*CNCC^RC^RCNCN(CCCCCC$11/14)F/9=O/8C^RCO/19C/6C/5OC/3C/2=O	1	1	26	18	4	3	0	0	1	6	1	1	6	2	0	4	C
*CNCC^RC^RCNCN(CCCCCC$11/14)F/9=O/8C^SCO/19C/6C/5OC/3C	1	1	25	18	3	3	0	0	1	6	1	1	6	1	0	4	C
*CNCC^RC^RCNCN(CCCCCC$11/14)F/9=O/8C^SCO/19C/6C/5OC/3C/2=O	1	1	26	18	4	3	0	0	1	6	1	1	6	2	0	4	C
*CNCC^RC^RCNS(CCCCCC$10)/9=O/9=O/8C^RCO/18C/6C/5OC/3C/2=O	1	1	25	17	5	2	1	0	0	6	1	1	6	1	0	4	C
*CNCC^RC^RCNS(CCCCCC$10)/9=O/9=O/8C^SCO/18C/6C/5OC/3C/2=O	1	1	25	17	5	2	1	0	0	6	1	1	6	1	0	4	C
*CNCC^RC^SCNC(CCCCCC$10/13)NCCCC/17=O(/11)OCC^S$3/24C/9=O/8C/6OC/5C	1	1	29	22	4	3	0	0	0	6	2	1	6,12	2	0	4	C
*CNCC^RC^SCNC(CCCCCC$10/13)NCCNC/19C/17=O(/11)OCC^R$3/25C/9=O/8C/6OC/5C/2=O	1	1	31	22	5	4	0	0	0	6	2	1	6,12	3	0	2	C
*CNCC^RC^SCNC(CCCCCC$10/13)NCNCCC/17=O(/11)OCC^S$3/25C/9=O/8C/6OC/5C/2=O	1	1	31	22	5	4	0	0	0	6	2	1	6,12	3	0	3	C
*CNCC^RC^SCNC(CCCCCC$10/13)NCNCCCCCC$19/17=O(/11)OCC^R$3/28C/9=O/8C/6OC/5C	1	1	33	25	4	4	0	0	0	6	3	1	6,6,12	2	0	1	C
*CNCC^RC^SCNC(CCCCCC$10/14)NC(CCCCCC$18/19)F/17=O(/11)OCC^R$3/28C/9=O/8C/6OC/5C	1	1	33	25	4	3	0	0	1	12	3	2	6,6,12	2	0	1	C
*CNCC^RC^SCNC(CCCCCC$10/14)NC(CCCCCC$18/19)F/17=O(/11)OCC^S$3/28C/9=O/8C/6OC/5C	1	1	33	25	4	3	0	0	1	12	3	2	6,6,12	2	0	1	C
*CNCC^RC^SCNC(CCCCCC$10/14)NC(CCCCCC$18/20)OC/17=O(/11)OCC^R$3/29C/9=O/8C/6OC/5C/2=O	1	1	35	26	6	3	0	0	0	12	3	2	6,6,12	3	0	1	C
*CNCC^RC^SCNC(CCCCCC$10/14)NCCC/17=O(/11)OCC^S$3/23C/9=O/8C/6OC/5C	1	1	28	21	4	3	0	0	0	6	2	1	6,12	2	0	3	C
*CNCC^RC^SCNC(CCCCCC$10/14)NSC/17=O/17=O(/11)OCC^R$3/23C/9=O/8C/6OC/5C	1	1	28	19	5	3	1	0	0	6	2	1	6,12	1	0	1	C
*CNCC^RC^SCNC(CCCCCC$10/14)NSC/17=O/17=O(/11)OCC^R$3/23C/9=O/8C/6OC/5C/2=O	1	1	29	19	6	3	1	0	0	6	2	1	6,12	2	0	1	C
*CNCC^RC^SCNC(CCCCCC$10/14)NSC/17=O/17=O(/11)OCC^S$3/23C/9=O/8C/6OC/5C	1	1	28	19	5	3	1	0	0	6	2	1	6,12	1	0	1	C
*CNCC^RC^SCNC(CCCCCC$10/14)NSC/17=O/17=O(/11)OCC^S$3/23C/9=O/8C/6OC/5C/2=O	1	1	29	19	6	3	1	0	0	6	2	1	6,12	2	0	1	C
*CNCC^RC^SCNCN(CCCCCC$11/14)CF/17F/17F/9=O/8C^RCO/22C/6C/5OC/3C/2=O	1	1	29	19	4	3	0	0	3	6	1	1	6	2	0	4	C
*CNCC^RC^SCNCN(CCCCCC$11/14)CF/17F/17F/9=O/8C^SCO/22C/6C/5OC/3C/2=O	1	1	29	19	4	3	0	0	3	6	1	1	6	2	0	4	C
*CNCC^RC^SCNCN(CCCCCC$11/14)F/9=O/8C^RCO/19C/6C/5OC/3C	1	1	25	18	3	3	0	0	1	6	1	1	6	1	0	4	C
*CNCC^RC^SCNCN(CCCCCC$11/14)F/9=O/8C^RCO/19C/6C/5OC/3C/2=O	1	1	26	18	4	3	0	0	1	6	1	1	6	2	0	4	C
*CNCC^RC^SCNCN(CCCCCC$11/14)F/9=O/8C^SCO/19C/6C/5OC/3C	1	1	25	18	3	3	0	0	1	6	1	1	6	1	0	4	C
*CNCC^RC^SCNCN(CCCCCC$11/14)F/9=O/8C^SCO/19C/6C/5OC/3C/2=O	1	1	26	18	4	3	0	0	1	6	1	1	6	2	0	4	C
*CNCC^RC^SCNS(CCCCCC$10)/9=O/9=O/8C^RCO/18C/6C/5OC/3C/2=O	1	1	25	17	5	2	1	0	0	6	1	1	6	1	0	4	C
*CNCC^RC^SCNS(CCCCCC$10)/9=O/9=O/8C^SCO/18C/6C/5OC/3C/2=O	1	1	25	17	5	2	1	0	0	6	1	1	6	1	0	4	C
*CNCC^RO(CCCCCC$7/11)C=^ECCCCC$13(/8)SNC^RCO/21C/20CC^R$5/26C/19=O/19=O/3C/2=O	1	1	30	22	5	2	1	0	0	6	3	1	6,6,8	1	0	3	C
*CNCC^RO(CCCCCC$7/11)C=^ECCCCC$13(/8)SNC^RCO/21C/20CC^S$5/26C/19=O/19=O/3C/2=O	1	1	30	22	5	2	1	0	0	6	3	1	6,6,8	1	0	3	C
*CNCC^RO(CCCCCC$7/11)C=^ECCCCC$13(/8)SNC^SCO/21C/20CC^R$5/26C/19=O/19=O/3C/2=O	1	1	30	22	5	2	1	0	0	6	3	1	6,6,8	1	0	3	C
*CNCC^RO(CCCCCC$7/11)C=^ECCCCC$13(/8)SNC^SCO/21C/20CC^S$5/26C/19=O/19=O/3C/2=O	1	1	30	22	5	2	1	0	0	6	3	1	6,6,8	1	0	3	C
*CNCC^RO(CCCCCC$7/11)C=^XCC(/8)SNC^RCO/18C/17CC^R$5/23C/16=O/16=O/3C	1	1	26	19	4	2	1	0	0	6	2	1	6,8	0	0	3	C
*CNCC^RO(CCCCCC$7/11)C=^XCC(/8)SNC^RCO/18C/17CC^S$5/23C/16=O/16=O/3C	1	1	26	19	4	2	1	0	0	6	2	1	6,8	0	0	3	C
*CNCC^RO(CCCCCC$7/11)C=^XCC(/8)SNC^SCO/18C/17CC^R$5/23C/16=O/16=O/3C	1	1	26	19	4	2	1	0	0	6	2	1	6,8	0	0	3	C
*CNCC^RO(CCCCCC$7/11)C=^XCC(/8)SNC^SCO/18C/17CC^S$5/23C/16=O/16=O/3C	1	1	26	19	4	2	1	0	0	6	2	1	6,8	0	0	3	C
*CNCC^RO(CCCCCC$7/11)CCCCC$13(/8)SNC^RCO/20C/19CC^R$5/25C/18=O/18=O/3C	1	1	28	21	4	2	1	0	0	6	3	1	5,6,8	0	0	3	C
*CNCC^RO(CCCCCC$7/11)CCCCC$13(/8)SNC^RCO/20C/19CC^S$5/25C/18=O/18=O/3C	1	1	28	21	4	2	1	0	0	6	3	1	5,6,8	0	0	3	C
*CNCC^RO(CCCCCC$7/11)CCCCC$13(/8)SNC^SCO/20C/19CC^R$5/25C/18=O/18=O/3C	1	1	28	21	4	2	1	0	0	6	3	1	5,6,8	0	0	3	C
*CNCC^RO(CCCCCC$7/11)CCCCC$13(/8)SNC^SCO/20C/19CC^S$5/25C/18=O/18=O/3C	1	1	28	21	4	2	1	0	0	6	3	1	5,6,8	0	0	3	C
*CNCC^RO(CCCCCCCCCC$11/10CN$7/12)C(/8)CNC^RCO/22C/21CC^R$5/27C/20=O/3C	1	1	29	23	3	3	0	0	0	12	3	2	6,6,8	1	0	3	C
*CNCC^RO(CCCCCCCCCC$11/10CN$7/12)C(/8)CNC^SCO/22C/21CC^R$5/27C/20=O/3C	1	1	29	23	3	3	0	0	0	12	3	2	6,6,8	1	0	3	C
*CNCC^RO(CCCCCCCCCC$11/10CN$7/12)F(/8)CNC^RCO/22C/21CC^R$5/27C/20=O/3C/2=O	1	1	30	22	4	3	0	0	1	12	3	2	6,6,8	2	0	3	C
*CNCC^RO(CCCCCCCCCC$11/10CN$7/12)F(/8)CNC^RCO/22C/21CC^S$5/27C/20=O/3C/2=O	1	1	30	22	4	3	0	0	1	12	3	2	6,6,8	2	0	3	C
*CNCC^RO(CCCCCCCCCC$11/10CN$7/12)F(/8)CNC^SCO/22C/21CC^R$5/27C/20=O/3C/2=O	1	1	30	22	4	3	0	0	1	12	3	2	6,6,8	2	0	3	C
*CNCC^RO(CCCCCCCCCC$11/10CN$7/12)F(/8)CNC^SCO/22C/21CC^S$5/27C/20=O/3C/2=O	1	1	30	22	4	3	0	0	1	12	3	2	6,6,8	2	0	3	C
*CNCC^RO(CCCCCCCCCC$11/10CN$7/12)OC(/8)CNC^RCO/23C/22CC^R$5/28C/21=O/3C	1	1	30	23	4	3	0	0	0	12	3	2	6,6,8	1	0	3	C
*CNCC^RO(CCCCCCCCCC$11/10CN$7/12)OC(/8)CNC^RCO/23C/22CC^S$5/28C/21=O/3C	1	1	30	23	4	3	0	0	0	12	3	2	6,6,8	1	0	3	C
*CNCC^RO(CCCCCCCCCC$11/10CN$7/12)OC(/8)CNC^SCO/23C/22CC^R$5/28C/21=O/3C	1	1	30	23	4	3	0	0	0	12	3	2	6,6,8	1	0	3	C
*CNCC^RO(CCCCCCCCCC$11/10CN$7/12)OC(/8)CNC^SCO/23C/22CC^S$5/28C/21=O/3C	1	1	30	23	4	3	0	0	0	12	3	2	6,6,8	1	0	3	C
*CNCC^RO(CCCCCCCCCC$11/10CN$7/13)F(/8)CNC^RCO/22C/21CC^R$5/27C/20=O/3C	1	1	29	22	3	3	0	0	1	12	3	2	6,6,8	1	0	3	C
*CNCC^RO(CCCCCCCCCC$11/10CN$7/13)F(/8)CNC^RCO/22C/21CC^S$5/27C/20=O/3C	1	1	29	22	3	3	0	0	1	12	3	2	6,6,8	1	0	3	C
*CNCC^RO(CCCCCCCCCC$11/10CN$7/13)F(/8)CNC^SCO/22C/21CC^R$5/27C/20=O/3C	1	1	29	22	3	3	0	0	1	12	3	2	6,6,8	1	0	3	C
*CNCC^RO(CCCCCCCCCC$11/10CN$7/13)F(/8)CNC^SCO/22C/21CC^S$5/27C/20=O/3C	1	1	29	22	3	3	0	0	1	12	3	2	6,6,8	1	0	3	C
*CNCC^RO(CCCCCCCCCCC$12/11C$7/13)OC(/8)SNC^RCO/23C/22CC^R$5/28C/21=O/21=O/3C	1	1	31	23	5	2	1	0	0	12	3	2	6,6,8	0	0	3	C
*CNCC^RO(CCCCCCCCCCC$12/11C$7/13)OC(/8)SNC^RCO/23C/22CC^S$5/28C/21=O/21=O/3C	1	1	31	23	5	2	1	0	0	12	3	2	6,6,8	0	0	3	C
*CNCC^RO(CCCCCCCCCCC$12/11C$7/13)OC(/8)SNC^SCO/23C/22CC^R$5/28C/21=O/21=O/3C	1	1	31	23	5	2	1	0	0	12	3	2	6,6,8	0	0	3	C
*CNCC^RO(CCCCCCCCCCC$12/11C$7/13)OC(/8)SNC^SCO/23C/22CC^S$5/28C/21=O/21=O/3C	1	1	31	23	5	2	1	0	0	12	3	2	6,6,8	0	0	3	C
*CNCC^RO(CCCCCCCCCCC$12/11C$7/14)OC(/8)SNC^RCO/23C/22CC^R$5/28C/21=O/21=O/3C/2=O	1	1	32	23	6	2	1	0	0	12	3	2	6,6,8	1	0	3	C
*CNCC^RO(CCCCCCCCCCC$12/11C$7/14)OC(/8)SNC^RCO/23C/22CC^S$5/28C/21=O/21=O/3C/2=O	1	1	32	23	6	2	1	0	0	12	3	2	6,6,8	1	0	3	C
*CNCC^RO(CCCCCCCCCCC$12/11C$7/14)OC(/8)SNC^SCO/23C/22CC^R$5/28C/21=O/21=O/3C/2=O	1	1	32	23	6	2	1	0	0	12	3	2	6,6,8	1	0	3	C
*CNCC^RO(CCCCCCCCCCC$12/11C$7/14)OC(/8)SNC^SCO/23C/22CC^S$5/28C/21=O/21=O/3C/2=O	1	1	32	23	6	2	1	0	0	12	3	2	6,6,8	1	0	3	C
*CNCC^RO(CCCCCCCCCNC$12/11C$7/8)SNC^RCO/21C/20CC^R$5/26C/19=O/19=O/3C	1	1	29	21	4	3	1	0	0	12	3	2	6,6,8	0	0	3	C
*CNCC^RO(CCCCCCCCCNC$12/11C$7/8)SNC^RCO/21C/20CC^S$5/26C/19=O/19=O/3C	1	1	29	21	4	3	1	0	0	12	3	2	6,6,8	0	0	3	C
*CNCC^RO(CCCCCCCCCNC$12/11C$7/8)SNC^SCO/21C/20CC^R$5/26C/19=O/19=O/3C	1	1	29	21	4	3	1	0	0	12	3	2	6,6,8	0	0	3	C
*CNCC^RO(CCCCCCCCCNC$12/11C$7/8)SNC^SCO/21C/20CC^S$5/26C/19=O/19=O/3C	1	1	29	21	4	3	1	0	0	12	3	2	6,6,8	0	0	3	C
*CNCC^RO(CCCCCN$7/10)C=^XCC(/8)CNC^RCO/18C/17CC^R$5/23C/16=O/3C/2=O	1	1	26	19	4	3	0	0	0	6	2	1	6,8	2	0	3	C
*CNCC^RO(CCCCCN$7/10)C=^XCC(/8)CNC^RCO/18C/17CC^S$5/23C/16=O/3C/2=O	1	1	26	19	4	3	0	0	0	6	2	1	6,8	2	0	3	C
*CNCC^RO(CCCCCN$7/10)C=^XCC(/8)CNC^SCO/18C/17CC^R$5/23C/16=O/3C/2=O	1	1	26	19	4	3	0	0	0	6	2	1	6,8	2	0	3	C
*CNCC^RO(CCCCCN$7/10)C=^XCC(/8)CNC^SCO/18C/17CC^S$5/23C/16=O/3C/2=O	1	1	26	19	4	3	0	0	0	6	2	1	6,8	2	0	3	C
*CNCC^RO(CCCCCN$7/10)CCCCC$13(/8)CNC^RCO/20C/19CC^R$5/25C/18=O/3C/2=O	1	1	28	21	4	3	0	0	0	6	3	1	5,6,8	2	0	3	C
*CNCC^RO(CCCCCN$7/10)CCCCC$13(/8)CNC^RCO/20C/19CC^S$5/25C/18=O/3C/2=O	1	1	28	21	4	3	0	0	0	6	3	1	5,6,8	2	0	3	C
*CNCC^RO(CCCCCN$7/10)CCCCC$13(/8)CNC^SCO/20C/19CC^R$5/25C/18=O/3C/2=O	1	1	28	21	4	3	0	0	0	6	3	1	5,6,8	2	0	3	C
*CNCC^RO(CCCCCN$7/10)CCCCC$13(/8)CNC^SCO/20C/19CC^S$5/25C/18=O/3C/2=O	1	1	28	21	4	3	0	0	0	6	3	1	5,6,8	2	0	3	C
*CNCC^SC^RCNC(CCCCCC$10/13)NCCCC/17=O(/11)OCC^R$3/24C/9=O/8C/6OC/5C	1	1	29	22	4	3	0	0	0	6	2	1	6,12	2	0	4	C
*CNCC^SC^RCNC(CCCCCC$10/13)NCNCCC/17=O(/11)OCC^R$3/25C/9=O/8C/6OC/5C/2=O	1	1	31	22	5	4	0	0	0	6	2	1	6,12	3	0	3	C
*CNCC^SC^RCNC(CCCCCC$10/13)NCNCCC/17=O(/11)OCC^S$3/25C/9=O/8C/6OC/5C/2=O	1	1	31	22	5	4	0	0	0	6	2	1	6,12	3	0	3	C
*CNCC^SC^RCNC(CCCCCC$10/14)NC(CCCCCC$18/19)F/17=O(/11)OCC^R$3/28C/9=O/8C/6OC/5C	1	1	33	25	4	3	0	0	1	12	3	2	6,6,12	2	0	1	C
*CNCC^SC^RCNC(CCCCCC$10/14)NC(CCCCCC$18/19)F/17=O(/11)OCC^S$3/28C/9=O/8C/6OC/5C	1	1	33	25	4	3	0	0	1	12	3	2	6,6,12	2	0	1	C
*CNCC^SC^RCNC(CCCCCC$10/14)NCCC/17=O(/11)OCC^R$3/23C/9=O/8C/6OC/5C	1	1	28	21	4	3	0	0	0	6	2	1	6,12	2	0	3	C
*CNCC^SC^RCNC(CCCCCC$10/14)NCCC/17=O(/11)OCC^S$3/23C/9=O/8C/6OC/5C	1	1	28	21	4	3	0	0	0	6	2	1	6,12	2	0	3	C
*CNCC^SC^RCNC(CCCCCC$10/14)NSC/17=O/17=O(/11)OCC^R$3/23C/9=O/8C/6OC/5C	1	1	28	19	5	3	1	0	0	6	2	1	6,12	1	0	1	C
*CNCC^SC^RCNC(CCCCCC$10/14)NSC/17=O/17=O(/11)OCC^R$3/23C/9=O/8C/6OC/5C/2=O	1	1	29	19	6	3	1	0	0	6	2	1	6,12	2	0	1	C
*CNCC^SC^RCNC(CCCCCC$10/14)NSC/17=O/17=O(/11)OCC^S$3/23C/9=O/8C/6OC/5C	1	1	28	19	5	3	1	0	0	6	2	1	6,12	1	0	1	C
*CNCC^SC^RCNC(CCCCCC$10/14)NSC/17=O/17=O(/11)OCC^S$3/23C/9=O/8C/6OC/5C/2=O	1	1	29	19	6	3	1	0	0	6	2	1	6,12	2	0	1	C
*CNCC^SC^RCNCN(CCCCCC$11/14)CF/17F/17F/9=O/8C^RCO/22C/6C/5OC/3C/2=O	1	1	29	19	4	3	0	0	3	6	1	1	6	2	0	4	C
*CNCC^SC^RCNCN(CCCCCC$11/14)CF/17F/17F/9=O/8C^SCO/22C/6C/5OC/3C/2=O	1	1	29	19	4	3	0	0	3	6	1	1	6	2	0	4	C
*CNCC^SC^RCNCN(CCCCCC$11/14)F/9=O/8C^RCO/19C/6C/5OC/3C	1	1	25	18	3	3	0	0	1	6	1	1	6	1	0	4	C
*CNCC^SC^RCNCN(CCCCCC$11/14)F/9=O/8C^RCO/19C/6C/5OC/3C/2=O	1	1	26	18	4	3	0	0	1	6	1	1	6	2	0	4	C
*CNCC^SC^RCNCN(CCCCCC$11/14)F/9=O/8C^SCO/19C/6C/5OC/3C	1	1	25	18	3	3	0	0	1	6	1	1	6	1	0	4	C
*CNCC^SC^RCNCN(CCCCCC$11/14)F/9=O/8C^SCO/19C/6C/5OC/3C/2=O	1	1	26	18	4	3	0	0	1	6	1	1	6	2	0	4	C
*CNCC^SC^RCNS(CCCCCC$10)/9=O/9=O/8C^RCO/18C/6C/5OC/3C/2=O	1	1	25	17	5	2	1	0	0	6	1	1	6	1	0	4	C
*CNCC^SC^RCNS(CCCCCC$10)/9=O/9=O/8C^SCO/18C/6C/5OC/3C/2=O	1	1	25	17	5	2	1	0	0	6	1	1	6	1	0	4	C
*CNCC^SC^SCNC(CCCCCC$10/13)NCCCC/17=O(/11)OCC^R$3/24C/9=O/8C/6OC/5C	1	1	29	22	4	3	0	0	0	6	2	1	6,12	2	0	4	C
*CNCC^SC^SCNC(CCCCCC$10/13)NCCCC/17=O(/11)OCC^S$3/24C/9=O/8C/6OC/5C	1	1	29	22	4	3	0	0	0	6	2	1	6,12	2	0	4	C
*CNCC^SC^SCNC(CCCCCC$10/13)NCNCCC/17=O(/11)OCC^S$3/25C/9=O/8C/6OC/5C/2=O	1	1	31	22	5	4	0	0	0	6	2	1	6,12	3	0	3	C
*CNCC^SC^SCNC(CCCCCC$10/14)NC(CCCCCC$18/19)F/17=O(/11)OCC^R$3/28C/9=O/8C/6OC/5C	1	1	33	25	4	3	0	0	1	12	3	2	6,6,12	2	0	1	C
*CNCC^SC^SCNC(CCCCCC$10/14)NC(CCCCCC$18/19)F/17=O(/11)OCC^S$3/28C/9=O/8C/6OC/5C	1	1	33	25	4	3	0	0	1	12	3	2	6,6,12	2	0	1	C
*CNCC^SC^SCNC(CCCCCC$10/14)NCCC/17=O(/11)OCC^R$3/23C/9=O/8C/6OC/5C	1	1	28	21	4	3	0	0	0	6	2	1	6,12	2	0	3	C
*CNCC^SC^SCNC(CCCCCC$10/14)NCCC/17=O(/11)OCC^S$3/23C/9=O/8C/6OC/5C	1	1	28	21	4	3	0	0	0	6	2	1	6,12	2	0	3	C
*CNCC^SC^SCNC(CCCCCC$10/14)NSC/17=O/17=O(/11)OCC^R$3/23C/9=O/8C/6OC/5C	1	1	28	19	5	3	1	0	0	6	2	1	6,12	1	0	1	C
*CNCC^SC^SCNC(CCCCCC$10/14)NSC/17=O/17=O(/11)OCC^R$3/23C/9=O/8C/6OC/5C/2=O	1	1	29	19	6	3	1	0	0	6	2	1	6,12	2	0	1	C
*CNCC^SC^SCNC(CCCCCC$10/14)NSC/17=O/17=O(/11)OCC^S$3/23C/9=O/8C/6OC/5C	1	1	28	19	5	3	1	0	0	6	2	1	6,12	1	0	1	C
*CNCC^SC^SCNC(CCCCCC$10/14)NSC/17=O/17=O(/11)OCC^S$3/23C/9=O/8C/6OC/5C/2=O	1	1	29	19	6	3	1	0	0	6	2	1	6,12	2	0	1	C
*CNCC^SC^SCNCN(CCCCCC$11/14)CF/17F/17F/9=O/8C^RCO/22C/6C/5OC/3C/2=O	1	1	29	19	4	3	0	0	3	6	1	1	6	2	0	4	C
*CNCC^SC^SCNCN(CCCCCC$11/14)CF/17F/17F/9=O/8C^SCO/22C/6C/5OC/3C/2=O	1	1	29	19	4	3	0	0	3	6	1	1	6	2	0	4	C
*CNCC^SC^SCNCN(CCCCCC$11/14)F/9=O/8C^RCO/19C/6C/5OC/3C	1	1	25	18	3	3	0	0	1	6	1	1	6	1	0	4	C
*CNCC^SC^SCNCN(CCCCCC$11/14)F/9=O/8C^RCO/19C/6C/5OC/3C/2=O	1	1	26	18	4	3	0	0	1	6	1	1	6	2	0	4	C
*CNCC^SC^SCNCN(CCCCCC$11/14)F/9=O/8C^SCO/19C/6C/5OC/3C	1	1	25	18	3	3	0	0	1	6	1	1	6	1	0	4	C
*CNCC^SC^SCNCN(CCCCCC$11/14)F/9=O/8C^SCO/19C/6C/5OC/3C/2=O	1	1	26	18	4	3	0	0	1	6	1	1	6	2	0	4	C
*CNCC^SC^SCNS(CCCCCC$10)/9=O/9=O/8C^RCO/18C/6C/5OC/3C/2=O	1	1	25	17	5	2	1	0	0	6	1	1	6	1	0	4	C
*CNCC^SC^SCNS(CCCCCC$10)/9=O/9=O/8C^SCO/18C/6C/5OC/3C/2=O	1	1	25	17	5	2	1	0	0	6	1	1	6	1	0	4	C
*CNCC^SO(CCCCCC$7/11)C=^ECCCCC$13(/8)SNC^RCO/21C/20CC^R$5/26C/19=O/19=O/3C/2=O	1	1	30	22	5	2	1	0	0	6	3	1	6,6,8	1	0	3	C
*CNCC^SO(CCCCCC$7/11)C=^ECCCCC$13(/8)SNC^RCO/21C/20CC^S$5/26C/19=O/19=O/3C/2=O	1	1	30	22	5	2	1	0	0	6	3	1	6,6,8	1	0	3	C
*CNCC^SO(CCCCCC$7/11)C=^ECCCCC$13(/8)SNC^SCO/21C/20CC^R$5/26C/19=O/19=O/3C/2=O	1	1	30	22	5	2	1	0	0	6	3	1	6,6,8	1	0	3	C
*CNCC^SO(CCCCCC$7/11)C=^ECCCCC$13(/8)SNC^SCO/21C/20CC^S$5/26C/19=O/19=O/3C/2=O	1	1	30	22	5	2	1	0	0	6	3	1	6,6,8	1	0	3	C
*CNCC^SO(CCCCCC$7/11)C=^XCC(/8)SNC^RCO/18C/17CC^R$5/23C/16=O/16=O/3C	1	1	26	19	4	2	1	0	0	6	2	1	6,8	0	0	3	C
*CNCC^SO(CCCCCC$7/11)C=^XCC(/8)SNC^RCO/18C/17CC^S$5/23C/16=O/16=O/3C	1	1	26	19	4	2	1	0	0	6	2	1	6,8	0	0	3	C
*CNCC^SO(CCCCCC$7/11)C=^XCC(/8)SNC^SCO/18C/17CC^R$5/23C/16=O/16=O/3C	1	1	26	19	4	2	1	0	0	6	2	1	6,8	0	0	3	C
*CNCC^SO(CCCCCC$7/11)C=^XCC(/8)SNC^SCO/18C/17CC^S$5/23C/16=O/16=O/3C	1	1	26	19	4	2	1	0	0	6	2	1	6,8	0	0	3	C
*CNCC^SO(CCCCCC$7/11)CCCCC$13(/8)SNC^RCO/20C/19CC^R$5/25C/18=O/18=O/3C	1	1	28	21	4	2	1	0	0	6	3	1	5,6,8	0	0	3	C
*CNCC^SO(CCCCCC$7/11)CCCCC$13(/8)SNC^RCO/20C/19CC^S$5/25C/18=O/18=O/3C	1	1	28	21	4	2	1	0	0	6	3	1	5,6,8	0	0	3	C
*CNCC^SO(CCCCCC$7/11)CCCCC$13(/8)SNC^SCO/20C/19CC^R$5/25C/18=O/18=O/3C	1	1	28	21	4	2	1	0	0	6	3	1	5,6,8	0	0	3	C
*CNCC^SO(CCCCCC$7/11)CCCCC$13(/8)SNC^SCO/20C/19CC^S$5/25C/18=O/18=O/3C	1	1	28	21	4	2	1	0	0	6	3	1	5,6,8	0	0	3	C
*CNCC^SO(CCCCCCCCCC$11/10CN$7/12)C(/8)CNC^RCO/22C/21CC^S$5/27C/20=O/3C	1	1	29	23	3	3	0	0	0	12	3	2	6,6,8	1	0	3	C
*CNCC^SO(CCCCCCCCCC$11/10CN$7/12)C(/8)CNC^SCO/22C/21CC^S$5/27C/20=O/3C	1	1	29	23	3	3	0	0	0	12	3	2	6,6,8	1	0	3	C
*CNCC^SO(CCCCCCCCCC$11/10CN$7/12)F(/8)CNC^RCO/22C/21CC^R$5/27C/20=O/3C/2=O	1	1	30	22	4	3	0	0	1	12	3	2	6,6,8	2	0	3	C
*CNCC^SO(CCCCCCCCCC$11/10CN$7/12)F(/8)CNC^RCO/22C/21CC^S$5/27C/20=O/3C/2=O	1	1	30	22	4	3	0	0	1	12	3	2	6,6,8	2	0	3	C
*CNCC^SO(CCCCCCCCCC$11/10CN$7/12)F(/8)CNC^SCO/22C/21CC^R$5/27C/20=O/3C/2=O	1	1	30	22	4	3	0	0	1	12	3	2	6,6,8	2	0	3	C
*CNCC^SO(CCCCCCCCCC$11/10CN$7/12)F(/8)CNC^SCO/22C/21CC^S$5/27C/20=O/3C/2=O	1	1	30	22	4	3	0	0	1	12	3	2	6,6,8	2	0	3	C
*CNCC^SO(CCCCCCCCCC$11/10CN$7/12)OC(/8)CNC^RCO/23C/22CC^R$5/28C/21=O/3C	1	1	30	23	4	3	0	0	0	12	3	2	6,6,8	1	0	3	C
*CNCC^SO(CCCCCCCCCC$11/10CN$7/12)OC(/8)CNC^RCO/23C/22CC^S$5/28C/21=O/3C	1	1	30	23	4	3	0	0	0	12	3	2	6,6,8	1	0	3	C
*CNCC^SO(CCCCCCCCCC$11/10CN$7/12)OC(/8)CNC^SCO/23C/22CC^R$5/28C/21=O/3C	1	1	30	23	4	3	0	0	0	12	3	2	6,6,8	1	0	3	C
*CNCC^SO(CCCCCCCCCC$11/10CN$7/12)OC(/8)CNC^SCO/23C/22CC^S$5/28C/21=O/3C	1	1	30	23	4	3	0	0	0	12	3	2	6,6,8	1	0	3	C
*CNCC^SO(CCCCCCCCCC$11/10CN$7/13)F(/8)CNC^RCO/22C/21CC^R$5/27C/20=O/3C	1	1	29	22	3	3	0	0	1	12	3	2	6,6,8	1	0	3	C
*CNCC^SO(CCCCCCCCCC$11/10CN$7/13)F(/8)CNC^RCO/22C/21CC^S$5/27C/20=O/3C	1	1	29	22	3	3	0	0	1	12	3	2	6,6,8	1	0	3	C
*CNCC^SO(CCCCCCCCCC$11/10CN$7/13)F(/8)CNC^SCO/22C/21CC^R$5/27C/20=O/3C	1	1	29	22	3	3	0	0	1	12	3	2	6,6,8	1	0	3	C
*CNCC^SO(CCCCCCCCCC$11/10CN$7/13)F(/8)CNC^SCO/22C/21CC^S$5/27C/20=O/3C	1	1	29	22	3	3	0	0	1	12	3	2	6,6,8	1	0	3	C
*CNCC^SO(CCCCCCCCCCC$12/11C$7/13)OC(/8)SNC^RCO/23C/22CC^R$5/28C/21=O/21=O/3C	1	1	31	23	5	2	1	0	0	12	3	2	6,6,8	0	0	3	C
*CNCC^SO(CCCCCCCCCCC$12/11C$7/13)OC(/8)SNC^RCO/23C/22CC^S$5/28C/21=O/21=O/3C	1	1	31	23	5	2	1	0	0	12	3	2	6,6,8	0	0	3	C
*CNCC^SO(CCCCCCCCCCC$12/11C$7/13)OC(/8)SNC^SCO/23C/22CC^R$5/28C/21=O/21=O/3C	1	1	31	23	5	2	1	0	0	12	3	2	6,6,8	0	0	3	C
*CNCC^SO(CCCCCCCCCCC$12/11C$7/13)OC(/8)SNC^SCO/23C/22CC^S$5/28C/21=O/21=O/3C	1	1	31	23	5	2	1	0	0	12	3	2	6,6,8	0	0	3	C
*CNCC^SO(CCCCCCCCCCC$12/11C$7/14)OC(/8)SNC^RCO/23C/22CC^R$5/28C/21=O/21=O/3C/2=O	1	1	32	23	6	2	1	0	0	12	3	2	6,6,8	1	0	3	C
*CNCC^SO(CCCCCCCCCCC$12/11C$7/14)OC(/8)SNC^RCO/23C/22CC^S$5/28C/21=O/21=O/3C/2=O	1	1	32	23	6	2	1	0	0	12	3	2	6,6,8	1	0	3	C
*CNCC^SO(CCCCCCCCCCC$12/11C$7/14)OC(/8)SNC^SCO/23C/22CC^R$5/28C/21=O/21=O/3C/2=O	1	1	32	23	6	2	1	0	0	12	3	2	6,6,8	1	0	3	C
*CNCC^SO(CCCCCCCCCCC$12/11C$7/14)OC(/8)SNC^SCO/23C/22CC^S$5/28C/21=O/21=O/3C/2=O	1	1	32	23	6	2	1	0	0	12	3	2	6,6,8	1	0	3	C
*CNCC^SO(CCCCCCCCCNC$12/11C$7/8)SNC^RCO/21C/20CC^R$5/26C/19=O/19=O/3C	1	1	29	21	4	3	1	0	0	12	3	2	6,6,8	0	0	3	C
*CNCC^SO(CCCCCCCCCNC$12/11C$7/8)SNC^RCO/21C/20CC^S$5/26C/19=O/19=O/3C	1	1	29	21	4	3	1	0	0	12	3	2	6,6,8	0	0	3	C
*CNCC^SO(CCCCCCCCCNC$12/11C$7/8)SNC^SCO/21C/20CC^R$5/26C/19=O/19=O/3C	1	1	29	21	4	3	1	0	0	12	3	2	6,6,8	0	0	3	C
*CNCC^SO(CCCCCCCCCNC$12/11C$7/8)SNC^SCO/21C/20CC^S$5/26C/19=O/19=O/3C	1	1	29	21	4	3	1	0	0	12	3	2	6,6,8	0	0	3	C
*CNCC^SO(CCCCCN$7/10)C=^XCC(/8)CNC^RCO/18C/17CC^R$5/23C/16=O/3C/2=O	1	1	26	19	4	3	0	0	0	6	2	1	6,8	2	0	3	C
*CNCC^SO(CCCCCN$7/10)C=^XCC(/8)CNC^RCO/18C/17CC^S$5/23C/16=O/3C/2=O	1	1	26	19	4	3	0	0	0	6	2	1	6,8	2	0	3	C
*CNCC^SO(CCCCCN$7/10)C=^XCC(/8)CNC^SCO/18C/17CC^R$5/23C/16=O/3C/2=O	1	1	26	19	4	3	0	0	0	6	2	1	6,8	2	0	3	C
*CNCC^SO(CCCCCN$7/10)C=^XCC(/8)CNC^SCO/18C/17CC^S$5/23C/16=O/3C/2=O	1	1	26	19	4	3	0	0	0	6	2	1	6,8	2	0	3	C
*CNCC^SO(CCCCCN$7/10)CCCCC$13(/8)CNC^RCO/20C/19CC^R$5/25C/18=O/3C/2=O	1	1	28	21	4	3	0	0	0	6	3	1	5,6,8	2	0	3	C
*CNCC^SO(CCCCCN$7/10)CCCCC$13(/8)CNC^RCO/20C/19CC^S$5/25C/18=O/3C/2=O	1	1	28	21	4	3	0	0	0	6	3	1	5,6,8	2	0	3	C
*CNCC^SO(CCCCCN$7/10)CCCCC$13(/8)CNC^SCO/20C/19CC^R$5/25C/18=O/3C/2=O	1	1	28	21	4	3	0	0	0	6	3	1	5,6,8	2	0	3	C
*CNCC^SO(CCCCCN$7/10)CCCCC$13(/8)CNC^SCO/20C/19CC^S$5/25C/18=O/3C/2=O	1	1	28	21	4	3	0	0	0	6	3	1	5,6,8	2	0	3	C
*CNC^R(CCCCCC$5/9)Br(/6)NC^SC^RCC$3/14$4/13CO/2=O	1	1	18	13	2	2	0	0	1	6	3	1	5,5,6	1	0	2	C
*CNC^R(CCCCCCCC$7/8N$5/10)OC(/6)CCCNC(CCCCCC$21/23)F/19CC$16/16C$3/4CO/2=O	1	1	32	25	3	3	0	0	1	15	5	3	5,6,6,6,6	1	0	1	C
*CNC^R(CCCCCCCC$7/8N$5/10)OC(/6)CCCNC(CNCCS$21)/19CC$16/16C$3/4CO/2=O	1	1	30	22	3	4	1	0	0	14	5	3	5,5,6,6,6	1	0	1	C
*CNC^R(CCCCCCCC$7/8N$5/10)OC(/6)CCCNSC/20=O/20=O/19CC$16/16C$3/4CO/2=O	1	1	28	19	5	3	1	0	0	9	4	2	5,6,6,6	1	0	1	C
*CNC^R(CCCCCCCC$7/8N$5/13)C(/10)OC(/6)CCCNC(CCCNCC$22)/21=O/20CC$17/17C$3/4CO/2=O	1	1	33	25	4	4	0	0	0	15	5	3	5,6,6,6,6	2	0	1	C
*CNC^R(CCCCCCCC$7/8N$5/13)C(/10)OC(/6)CCCNCCNC/23C/21=O/20CC$17/17C$3/4CO	1	1	30	23	3	4	0	0	0	9	4	2	5,6,6,6	1	0	2	C
*CNC^R(CCCCCCCCCCC$10/9C$5/12)F(/6)NC^RC^RCC$3/20$4/19CO/2=O	1	1	24	19	2	2	0	0	1	12	4	2	5,5,6,6	1	0	2	C
*CNC^R(CCCCCCCCCCC$10/9C$5/12)F(/6)NC^RC^SCC$3/20$4/19CO/18C/2=O	1	1	25	20	2	2	0	0	1	12	4	2	5,5,6,6	1	0	2	C
*CNC^R(CCCCCCCCCCC$10/9C$5/12)F(/6)NC^SC^RCC$3/20$4/19CO/2=O	1	1	24	19	2	2	0	0	1	12	4	2	5,5,6,6	1	0	2	C
*CNC^R(CCCCCCCCCCC$10/9C$5/12)F(/6)NC^SC^SCC$3/20$4/19CO/18C/2=O	1	1	25	20	2	2	0	0	1	12	4	2	5,5,6,6	1	0	2	C
*CNC^RCNCCC=^ECCCC$9/8=^ZCC$5/7=O/6CC^SC^SC^SCNC/22C/21=O/20$4/19CO/18$3	1	1	26	20	3	3	0	0	0	0	4	0	5,5,5,6	2	0	1	C
*CNC^RCNCCC=^XCC/8=^ZCC$5/7=O/6CC^SC^SC^SCOC/19=O/18$4/17CO/16$3	1	1	23	17	4	2	0	0	0	0	3	0	5,5,6	2	1	3	C
*CNC^RC^RCNCC=^ZCC=^ZC$4/12$7/8=O/5C^SC^SCNC(CCCCCC$19/20)Cl/16=O/15$3/14CO/2=O	1	1	28	20	4	3	0	0	1	6	4	1	5,5,5,6	3	0	4	C
*CNC^RC^RC^SC^SCOC/8=O/7$3/6CO/5CNCC=^ZCC=^ZC$4/20$15/16=O	1	1	20	14	4	2	0	0	0	0	3	0	5,5,5	2	1	4	C
*CNC^RC^SC^SC^SCNCC=^ZCC=^ZC$4/14$9/10=O/7$3/6CO/5CNCCF/21F/21F/18=O	1	1	24	15	3	3	0	0	3	0	3	0	5,6,6	2	0	2	C
*CNC^S(CCCCCC$5/9)Br(/6)NC^RC^SCC$3/14$4/13CO/2=O	1	1	18	13	2	2	0	0	1	6	3	1	5,5,6	1	0	2	C
*CNC^S(CCCCCC$5/9)Br(/6)NC^SC^SCC$3/14$4/13CO/2=O	1	1	18	13	2	2	0	0	1	6	3	1	5,5,6	1	0	2	C
*CNC^S(CCCCCCCC$7/8N$5/10)OC(/6)CCCNC(CCCCCC$21/23)F/19CC$16/16C$3/4CO/2=O	1	1	32	25	3	3	0	0	1	15	5	3	5,6,6,6,6	1	0	1	C
*CNC^S(CCCCCCCC$7/8N$5/10)OC(/6)CCCNC(CNCCS$21)/19CC$16/16C$3/4CO/2=O	1	1	30	22	3	4	1	0	0	14	5	3	5,5,6,6,6	1	0	1	C
*CNC^S(CCCCCCCC$7/8N$5/10)OC(/6)CCCNSC/20=O/20=O/19CC$16/16C$3/4CO/2=O	1	1	28	19	5	3	1	0	0	9	4	2	5,6,6,6	1	0	1	C
*CNC^S(CCCCCCCC$7/8N$5/13)C(/10)OC(/6)CCCNC(CCCNCC$22)/21=O/20CC$17/17C$3/4CO/2=O	1	1	33	25	4	4	0	0	0	15	5	3	5,6,6,6,6	2	0	1	C
*CNC^S(CCCCCCCCCCC$10/9C$5/12)F(/6)NC^RC^RCC$3/20$4/19CO/18C/2=O	1	1	25	20	2	2	0	0	1	12	4	2	5,5,6,6	1	0	2	C
*CNC^S(CCCCCCCCCCC$10/9C$5/12)F(/6)NC^RC^SCC$3/20$4/19CO/2=O	1	1	24	19	2	2	0	0	1	12	4	2	5,5,6,6	1	0	2	C
*CNC^S(CCCCCCCCCCC$10/9C$5/12)F(/6)NC^SC^RCC$3/20$4/19CO/18C/2=O	1	1	25	20	2	2	0	0	1	12	4	2	5,5,6,6	1	0	2	C
*CNC^S(CCCCCCCCCCC$10/9C$5/12)F(/6)NC^SC^SCC$3/20$4/19CO/2=O	1	1	24	19	2	2	0	0	1	12	4	2	5,5,6,6	1	0	2	C
*CNC^SCNCCC=^ECCCC$9/8=^ZCC$5/7=O/6CC^RC^RC^RCNC/22C/21=O/20$4/19CO/18$3	1	1	26	20	3	3	0	0	0	0	4	0	5,5,5,6	2	0	1	C
*CNC^SCNCCC=^XCC/8=^ZCC$5/7=O/6CC^RC^RC^RCOC/19=O/18$4/17CO/16$3	1	1	23	17	4	2	0	0	0	0	3	0	5,5,6	2	1	3	C
*CNC^SC^RC^RC^RCNCC=^ZCC=^ZC$4/14$9/10=O/7$3/6CO/5CNCCF/21F/21F/18=O	1	1	24	15	3	3	0	0	3	0	3	0	5,6,6	2	0	2	C
*CNC^SC^SC^RC^RCOC/8=O/7$3/6CO/5CNCC=^ZCC=^ZC$4/20$15/16=O	1	1	20	14	4	2	0	0	0	0	3	0	5,5,5	2	1	4	C
*COC(CCCCCC$5/9)OC(/8)O(/7)OC/4=O	1	1	15	10	5	0	0	0	0	6	1	1	6	1	1	1	C
*COC*/4=O	1	1	4	2	2	0	0	0	0	0	0	0	-	1	1	1	C
*COCC/4=O	1	1	5	3	2	0	0	0	0	0	0	0	-	1	1	2	C
*COCC=^XC(CCCCCC$7/10)O/4=O	1	1	13	10	3	0	0	0	0	6	1	1	6	1	1	3	C
*COCCCCCC/2=O	1	1	9	7	2	0	0	0	0	0	0	0	-	1	1	6	C
*COC^RC^RC^RC=^ECCCC=^ECC$4/12C/8C/6OCC$5/18=C/17=O/2=O	1	1	20	16	4	0	0	0	0	0	2	0	5,10	2	2	1	C
*COC^RC^RC^RC=^ZCC^RCC=^ECC$4/12C/9OCC/16=O/8C/6OCC$5/22=C/21=O/2=O	1	1	24	18	6	0	0	0	0	0	2	0	5,10	3	3	2	C
*COC^RC^XC^RC^RC^RCC$4/9=C/8CCC^S$7/14C/13=O/6OCC$5/19=C/18=O/2=O	1	1	21	16	5	0	0	0	0	0	3	0	5,5,7	3	2	1	C
*COC^XC^SC^SNCC(CCCCCC$10/15)$5(/13)OCO($12)/7CCC$6/6C=^ECOC/23$4/5C/2=O	1	1	26	20	5	1	0	0	0	6	5	1	5,5,5,6,7	1	1	1	C
*C^R(CCCCCC$3/5)NS(CCCCCN$11/14)CF/17F/17F/10=O/10=O/2CC	1	1	23	15	2	2	1	0	3	12	2	2	6,6	0	0	3	C
*C^R(CCCCCC$3/6)O(/5)OC/2O	1	1	11	8	3	0	0	0	0	6	1	1	6	0	0	1	C
*C^RCC^RCCCCC^R$4/9C/5=^ZCC$2/4C	1	1	12	12	0	0	0	0	0	0	2	0	6,6	0	0	1	C
*C^RCO/2O	1	1	4	2	2	0	0	0	0	0	0	0	-	0	0	2	C
*C^RC^RCC^RC^SC^SC^RC^RC^SC=O/11O/10C/9CC$7/8CC$5/8C/7C/6CC$2/3OCCC$3/24=O	1	1	26	22	4	0	0	0	0	0	4	0	5,5,6,7	2	2	3	C
*C^RC^SC^SCC^RC^RC^RCC^SCC$7/10O/9C/9C/8CC$5/7C/6CC$3/4CC$2/4C/3C	1	1	23	22	1	0	0	0	0	0	4	0	5,6,6,6	0	0	1	C
*C^RC^SC^SCC^RC^RC^RCC^SOCCCCCCCCCCCCCCCC/12=O/10CC$7/9C/9C/8CC$5/7C/6CC$3/4CC$2/4C/3C	1	1	40	38	2	0	0	0	0	0	4	0	5,6,6,6	1	1	16	C
*C^S(CCCCCC$3/6)O(/5)OC/2O	1	1	11	8	3	0	0	0	0	6	1	1	6	0	0	1	C
*C^SC(CCCCCC$4/5)C^RC$2/10O/3=O	1	1	12	10	2	0	0	0	0	6	2	1	6,6	1	0	0	C
*C^SCC=^ZCCC$2/5C	1	1	7	7	0	0	0	0	0	0	1	0	6	0	0	1	C
*C^SCCC^RC^RC^RC^SC^RC^SC^SC^SCC^RCC$11/14O/12CC^R$9/19O/11C/10CC^S$7/23O/8CC$6/7C/5C/2O	1	1	28	24	4	0	0	0	0	0	4	0	5,6,6,6	0	0	5	C
*C^SCCC^RC^RC^RC^SC^RC^XC^SC^SCC^RCC$11/14O/12CC^R$9/19O/11C/10CC^S$7/23O/8CC$6/7C/5C/2O	1	1	28	24	4	0	0	0	0	0	4	0	5,6,6,6	0	0	5	C
*C^SCC^RC^SC^RC^RCC$4/9=C/7O/6O/5CC$2/5C	1	1	14	12	2	0	0	0	0	0	2	0	6,6	0	0	1	C
*C^SC^RCC=^ECC^SC^RCC^RC^SC$7/11O/10O/8CC$5/15=O/7C/6CC$3/4=^ECC$2/3C	1	1	22	19	3	0	0	0	0	0	4	0	5,6,6,6	1	0	1	C
*C^SC^RC^RC=^ECC=^ZCC^RCOCC=^ZC$8/12=O/10C/10C/9CC$5/6CC$3/4C^ROCC/24=O/22C$2/4C/3C	1	1	28	24	4	0	0	0	0	0	4	0	5,6,7,7	2	2	2	C
*C^SC^RC^RC=^ECC^SC^RCCCC$7/10=O/9C/9C/8CC$5/7C/6CC$3/4CC$2/4C/3C	1	1	23	22	1	0	0	0	0	0	4	0	5,6,6,6	1	0	1	C
*C^SC^RC^RCCC^SC^RCC^SCC$7/10O/9C/9C/8CC$5/7C/6=^ZCC$3/4CC$2/4C/3C	1	1	23	22	1	0	0	0	0	0	4	0	5,6,6,6	0	0	1	C
*C^SC^RC^RCCC^SC^RCC^SCC$7/10OCC/14=O/9C/9C/8CC$5/7C/6=^ZCC$3/4CC$2/4C/3C	1	1	26	24	2	0	0	0	0	0	4	0	5,6,6,6	1	1	2	C
*C^SC^RC^RCC^RC^RC^RCC^RC^SC$7/11O/10O/8CC$5/15=O/7C/6CC$3/20=O/4CC$2/4O/3C	1	1	24	19	5	0	0	0	0	0	4	0	5,6,6,6	2	0	1	C
*C^SC^RC^SCC^RC^RC^RCC$5/9=O/8CC^SCC$7/13O/7C/6CC$3/4CC$2/4O/3C	1	1	22	19	3	0	0	0	0	0	4	0	5,6,6,6	1	0	1	C
*C^SC^RC^SCC^RC^RC^SCC^RC^SC$7/11O/10O/8CC$5/15=O/8O/7C/6CC$3/4CC$2/4O/3C	1	1	24	19	5	0	0	0	0	0	4	0	5,6,6,6	1	0	1	C
*C^SC^RC^SCC^RC^RC^SCC^SCC$7/10OCC/14=O/8CC$5/17=O/7C/6CC$3/4CC$2/4O/3C	1	1	25	21	4	0	0	0	0	0	4	0	5,6,6,6	2	1	2	C
*C^SC^RC^SC^SC^SC^RCCC=^ZCC$7/12=O/8=^ZCC$5/7C/6CC^R$3/18O/4CC$2/3C	1	1	21	19	2	0	0	0	0	0	4	0	5,6,6,6	1	0	1	C
*C^SC^RC^SC^SC^SC^RC^SCC^SC^RC$7/11O/10O/8CC$5/15=O/7C/6CC$3/4CC$2/3C	1	1	22	19	3	0	0	0	0	0	4	0	5,6,6,6	1	0	1	C
*C^SC^SC^RC=^ECC^SC^RCC^SCC$7/10OCC/14=O/9C/9C/8CC$5/7C/6C=^ZC$3/4CC$2/4C/3C	1	1	26	24	2	0	0	0	0	0	4	0	5,6,6,6	1	1	2	C
*C^SC^SC^ROCC=^ECC=^ECC^RC^SC^SCC=^ECC=^ECC^SOC/19$4/15C/13C/12O/11C/9C/7C/6=O/3C/2O	1	1	29	24	5	0	0	0	0	0	1	0	16	1	1	3	C
*C^SC^SC^SCC$2/4C/3C=O	1	1	8	7	1	0	0	0	0	0	1	0	5	1	0	1	C
*C^SC^SC^SC^RC^SC^RC=^ZCCC=^ZC$7/10=O/8CC$5/7C/6CC$3/4CC$2/3COCC/23=O	1	1	24	21	3	0	0	0	0	0	4	0	5,6,6,6	2	1	2	C
*C^SOCC=^ZCC/5C/4=O/2CC=^ECCO/11C	1	1	14	11	3	0	0	0	0	0	0	0	-	1	1	5	C
*C^SOPO/4O/4=O/2CC^RC=^ZCC=^ZCCCCCCC$14/9O	1	1	19	13	5	0	0	1	0	0	1	0	6	0	0	7	C
*C^XC=O/2C=C	1	1	5	4	1	0	0	0	0	0	0	0	-	1	0	4	C
*C^XCC=^ECC=^ECC=CC/9C/5C/2OCC/14=O	1	1	15	13	2	0	0	0	0	0	0	0	-	1	1	9	C
*C^XCC=^ECC=^ECC=^ECC=^ECC=^ECC=^ECC^RC^SC^SC^XC=^ECCCC=^ECC=^ECC=^ECCO/30=O/29C/19C/18O/17C/16O/2O	1	1	37	32	5	0	0	0	0	0	0	0	-	1	1	29	C
*C^XCC^XC^XC^XC^XCO/7O/6O/5O/4OC/2OC	1	1	15	9	6	0	0	0	0	0	0	0	-	0	0	7	C
*C^XC^SC^SC^RC^RC^RC^RC^SC^SCCCC$9/11C/11C/10CC$7/9C/8CC$5/7C/6CC$3/6C/4CC$2/4C	1	1	27	27	0	0	0	0	0	0	5	0	5,6,6,6,6	0	0	1	C
*C^XN*/3(CCCCCN$5)/2(CCCCCC$11/14)OC(/8)Br	1	1	17	13	1	2	0	0	1	12	2	2	6,6	0	0	1	C
*C^XN*/3(CNCCCC$5)/2(CCCCCC$11/13)O(CCCCCC$18/7)C	1	1	22	19	1	2	0	0	0	18	3	3	6,6,6	0	0	1	C
*C^XN*/3(CNCCS$5)/2(CCCCO$10/8)C(/7)C	1	1	14	10	1	2	1	0	0	10	2	2	5,5	0	0	1	C
*C^XOS=O/4=O/4O/2CC=^ECC=^ECC=^ECC=^ECC=^ECC=^ECC^RC^SC^SC^XC=^ECCCC=^ECC=^ECC=^ECC=O/35O/34C/24C/23O/22C/21O	1	1	41	32	8	0	1	0	0	0	0	0	-	1	1	29	C
*C^XOS=O/4=O/4O/2CC=^ECC=^ECC=^ECC=^ECC=^ECC=^ECC^RC^SC^SC^XC=^ECCCC=^ECC=^ECC=^ECCO/35=O/34C/24C/23O/22C/21O	1	1	41	32	8	0	1	0	0	0	0	0	-	1	1	29	C
*FN	1	1	2	0	0	1	0	0	1	0	0	0	-	0	0	0	F
*N(CCCCCC$3/4)Br	1	1	8	6	0	1	0	0	1	6	1	1	6	0	0	0	N
*N(CCCCCC$3/4)CNCCO(CCCCCC$14)/9=O	1	1	19	15	2	2	0	0	0	12	2	2	6,6	1	0	2	N
*N(CCCCCC$3/4)CO/9=O	1	1	10	7	2	1	0	0	0	6	1	1	6	1	1	1	N
*N(CCCCCC$3/4)Cl	1	1	8	6	0	1	0	0	1	6	1	1	6	0	0	0	N
*N(CCCCCC$3/4)NCCNCC/12CC/9C$2/17=N	1	1	17	13	0	4	0	0	0	6	2	1	5,6	0	0	2	N
*N(CCCCCC$3/4)NCCNCCCCC$12/9C$2/18=N	1	1	18	14	0	4	0	0	0	6	3	1	5,6,6	0	0	2	N
*N(CCCCCC$3/5)F	1	1	8	6	0	1	0	0	1	6	1	1	6	0	0	0	N
*N(CCCCCC$3/5CCCC$4)	1	1	11	10	0	1	0	0	0	10	2	2	6,6	0	0	0	N
*N(CCCCCC$3/6)Br	1	1	8	6	0	1	0	0	1	6	1	1	6	0	0	0	N
*N(CCCCCC$3/6)C/2CCCN(CCCCCC$14/17)OC(/15)C$11/12=O	1	1	22	18	2	2	0	0	0	12	3	2	6,6,6	1	0	1	N
*N(CCCCCC$3/6)CCC($5)	1	1	10	9	0	1	0	0	0	6	2	1	5,6	0	0	0	N
*N(CCCCCC$3/6)CCCC($5)	1	1	11	10	0	1	0	0	0	6	2	1	6,6	0	0	0	N
*N(CCCCCC$3/6)CN(CCCCCC$11/14)OCCO($13)/9=O	1	1	20	15	3	2	0	0	0	12	3	2	6,6,6	1	0	1	N
*N(CCCCCC$3/6)CNCC/11C/11C/9=O	1	1	14	11	1	2	0	0	0	6	1	1	6	1	0	3	N
*N(CCCCCC$3/6)COCC/9=O	1	1	12	9	2	1	0	0	0	6	1	1	6	1	1	2	N
*N(CCCCCC$3/6)COCCCC/9=O	1	1	14	11	2	1	0	0	0	6	1	1	6	1	1	4	N
*N(CCCCCC$3/6)Cl(/5)COC/10=O	1	1	12	8	2	1	0	0	1	6	1	1	6	1	1	1	N
*N(CCCCCC$3/6)F	1	1	8	6	0	1	0	0	1	6	1	1	6	0	0	0	N
*N(CCCCCC$3/6)NCC^SC/11O/10=O(/4)*/2CC=C	1	1	16	12	2	2	0	0	0	6	1	1	6	1	0	3	N
*N(CCCCCC$3/7)C(/6)C(/5)CCC=^ENCCNC=^ENC$2/20$15/18O/16=O/14($4)/11C/11C	1	1	23	17	2	4	0	0	0	6	4	1	6,6,6,6	1	0	1	N
*N(CCCCCC$3/7)C(/6)C(/5)CCCNC^XCNCN=^EC$2/20$15/18=O/16=O/14($4)/11C/11C	1	1	23	17	2	4	0	0	0	6	4	1	6,6,6,6	2	0	1	N
*N(CCCCCC$3/7)C(/6)C(/5)O(/4)N=^ECCNCN=^EC$2/18$13/16=O/14=O	1	1	19	12	3	4	0	0	0	6	3	1	6,6,6	2	0	1	N
*N(CCCCCC$3/7)COC/9=O(/5)COC/13=O	1	1	15	10	4	1	0	0	0	6	1	1	6	2	2	1	N
*N(CCCCCC$3/7)F(/4)F	1	1	9	6	0	1	0	0	2	6	1	1	6	0	0	0	N
*N(CCCCCC$3/7)NC/9C(/6)C(/4)N=^ECCNCN=^EC$2/19$14/17=O/15=O	1	1	20	13	2	5	0	0	0	6	3	1	6,6,6	2	0	1	N
*N(CCCCCC$3/8)F(/4)F	1	1	9	6	0	1	0	0	2	6	1	1	6	0	0	0	N
*N(CCCCCCCC$5/4NCNCCCC$12/13$3/14)C(/8)O(/7)OC	1	1	20	15	2	3	0	0	0	15	3	3	5,6,6	0	0	1	N
*N(CCCCCCCC$5/6CC$3)	1	1	11	10	0	1	0	0	0	10	2	2	6,6	0	0	0	N
*N(CCCCCCCCC$6/7N$4/5NCN$3)	1	1	14	10	0	4	0	0	0	13	3	3	5,6,6	0	0	0	N
*N(CCCCCCCCCC$7/8OC$6/14C$3/4)OC	1	1	16	13	2	1	0	0	0	13	3	3	5,6,6	0	0	1	N
*N(CCCCCCCCCCCO$10/9NC$6/16S$4/5NCN$3/8)COCC($7)/23C/23C	1	1	25	18	2	4	1	0	0	18	5	4	5,5,5,6,6	0	0	1	N
*N(CCCCCN$3/4)O	1	1	8	5	1	2	0	0	0	6	1	1	6	0	0	0	N
*N(CCCCCNCCCCCC$9/10O$7/6CC$3/13)Cl	1	1	17	13	1	2	0	0	1	15	3	3	5,6,6	0	0	0	N
*N(CCCCS$3/6)CCC(/4)CN/11=O	1	1	12	8	1	2	1	0	0	5	1	1	5	1	0	3	N
*N(CCCCS$3/6)CNCC($5/4)CN/12=O/9C	1	1	14	9	1	3	1	0	0	5	2	1	5,6	1	0	1	N
*N(CCCNCN$3)/2(CCCCCC$9/13)C(/12)C(/10)N($4/7)=O(/5)=O	1	1	18	12	2	4	0	0	0	12	3	2	6,6,6	2	0	1	N
*N(CCCNCN$3/5CCCC$4/7)N(CCCCCC$14/18)Cl(/15)O	1	1	20	14	1	4	0	0	1	16	3	3	6,6,6	0	0	0	N
*N(CCCNCN$3/7)N(/5)=O(/4)=^ENC=^ZC$2/13C/12C	1	1	14	8	1	5	0	0	0	6	2	1	6,6	1	0	1	N
*N(CNCCCCCC$5/6S$3)	1	1	10	7	0	2	1	0	0	9	2	2	5,6	0	0	0	N
*N(CNCCCCCCC$6/5CS$3/10)OC(/7)OC/2CCCCCCC$19/18=O	1	1	24	18	3	2	1	0	0	11	3	2	5,6,6	1	0	1	N
*N(CNCCCCCCC$6/5CS$3/9)NSC/15=O/15=O/14CC($8)	1	1	19	12	2	3	2	0	0	11	3	2	5,5,6	0	0	1	N
*N(CNCCCCCCC$6/5CS$3/9)OC/2C(CCCCCC$17)/16=O	1	1	22	17	2	2	1	0	0	17	3	3	5,6,6	1	0	1	N
*N(CNCCCCCCC$6/5CS$3/9)SNCCCC$15/14=O/14=O	1	1	20	13	2	3	2	0	0	11	3	2	5,5,6	0	0	0	N
*N(CNCCCN$3/6)C=^ECO(CCCCCC$12/15)F(/13)F/10CN($5)/21C/20=O	1	1	22	14	2	4	0	0	2	12	3	2	6,6,6	1	0	1	N
*N(CSCCCCCC$5/6N$3/9)F	1	1	11	7	0	2	1	0	1	9	2	2	5,6	0	0	0	N
*N(CSCCN$3/5)C(CCCCCC$9/12)C	1	1	14	11	0	2	1	0	0	11	2	2	5,6	0	0	1	N
*N*/2CCCC	1	1	5	4	0	1	0	0	0	0	0	0	-	0	0	4	N
*N*/2CCCCCCCCC	1	1	10	9	0	1	0	0	0	0	0	0	-	0	0	9	N
*N*/2CCO	1	1	4	2	1	1	0	0	0	0	0	0	-	0	0	2	N
*N=*	1	1	1	0	0	1	0	0	0	0	0	0	-	0	0	0	N
*N=CCC(CCCCCC$6/7)C$4/12=O/5=O	1	1	13	10	2	1	0	0	0	6	2	1	5,6	2	0	1	N
*N=CC^XC(CCCCCC$6/9)O/4CNCN$3/15=O/13=O/4N	1	1	18	11	3	4	0	0	0	6	2	1	6,6	2	0	1	N
*N=^EC(CCCNCC$4/9)O(/8)C(/5)COPO/14O/14=O	1	1	16	8	5	2	0	1	0	6	1	1	6	0	0	1	N
*N=^XCCO/3O	1	1	5	2	2	1	0	0	0	0	0	0	-	0	0	2	N
*NC(CCCCCC$4)/2C	1	1	9	8	0	1	0	0	0	6	1	1	6	0	0	1	N
*NC(CCCCCC$4)/2CC(CCCCCC$12)	1	1	16	15	0	1	0	0	0	12	2	2	6,6	0	0	2	N
*NC(CCCCCC$4)/2CCO	1	1	11	9	1	1	0	0	0	6	1	1	6	0	0	2	N
*NC(CCCCCC$4/5)C/3=O	1	1	10	8	1	1	0	0	0	6	1	1	6	1	0	1	N
*NC(CCCCCC$4/5)OC/2C	1	1	11	9	1	1	0	0	0	6	1	1	6	0	0	1	N
*NC(CCCCCC$4/7)CCN(CSCCN$13/15)SC(COCCN$20/22)CC/25C/25C/11=O	1	1	28	20	2	4	2	0	0	16	3	3	5,5,6	1	0	3	N
*NC(CCCCCC$4/7)CNCCCCC/10=O(/5)NC$2/19=O/3=O	1	1	20	14	3	3	0	0	0	6	2	1	6,6	3	0	5	N
*NC(CCCCCC$4/7)OC(/6)OC	1	1	12	9	2	1	0	0	0	6	1	1	6	0	0	1	N
*NC(CCCCCC$4/7)OCCN($6)/12=O/3=^ZCSC$2/17=^XN(CCCCCC$19/20)OC	1	1	25	18	3	3	1	0	0	12	4	2	5,6,6,6	1	0	1	N
*NC(CCCCCC$4/7)S(CCCCCC$11/14)Br(/12)CCC/18=^ZN($6)/3=O	1	1	21	16	1	2	1	0	1	12	3	2	6,6,7	1	0	2	N
*NC(CCCCCC$4/8)OC(/7)OC(/5)NC$2/15=S/3=O	1	1	16	10	3	2	1	0	0	6	2	1	6,6	1	0	1	N
*NC(CCCCCC$4/8)OC(/7)OC(/5)NCCN(CCCCCC$18/20)Cl/16=O/14C$2/26=O/3=O	1	1	27	18	5	3	0	0	1	12	3	2	6,6,6	3	0	2	N
*NC(CCCCCC$4/8)OC(/7)OC(/5)NCN$3/15=S	1	1	16	10	2	3	1	0	0	6	2	1	6,6	0	0	1	N
*NC(CCCCCC$4/9)F(/8)F(/7)OC(/6)F(/5)F/3=O	1	1	15	8	2	1	0	0	4	6	1	1	6	1	0	1	N
*NC(CCCCCCC$5/6CCC$4/10)C$2/14=O/3=O	1	1	15	12	2	1	0	0	0	10	3	2	6,6,6	2	0	0	N
*NC(CCCCN$4/5)Cl/3=O	1	1	9	5	1	2	0	0	1	5	1	1	5	1	0	1	N
*NC(CCCCN$4/7)Cl(/5)Cl/3=O	1	1	10	5	1	2	0	0	2	5	1	1	5	1	0	1	N
*NC(CCCCNC$4/9)NCCCOCC(/7)N=^ZCNC=^ZCC=^ZC$18/21C/19C($6)/25=O/3=O	1	1	26	18	3	5	0	0	0	6	3	1	6,6,6	2	0	3	N
*NC(CCCCNCS$6/7CC$4/9)NCCCCC$13/3=O	1	1	18	13	1	3	1	0	0	9	3	2	5,6,6	1	0	1	N
*NC(CCCCO$4)/3=O/2CC=^ZC(CCCCCC$13/15)C(/14)NC$11/21=O	1	1	21	16	3	2	0	0	0	11	3	2	5,6,6	2	0	1	N
*NC(CCCNC$4/6NCCCCCC$10/11N$5/8)N=^ZC$2(/7)CCCOC/3=O	1	1	23	16	2	5	0	0	0	13	4	3	5,6,6,6	1	0	3	N
*NC(CCCNCC$4/5)N(CCCCCC$11/14)I(/12)F/3=O	1	1	18	12	1	3	0	0	2	12	2	2	6,6	1	0	1	N
*NC(CCCNCC$4/9)O(/8)C(/5)COPO/14O/14=O	1	1	16	8	5	2	0	1	0	6	1	1	6	0	0	1	N
*NC(CCCNCCCCCO$9/8C$4/6CCCC$5)/3=O	1	1	18	14	2	2	0	0	0	15	3	3	5,6,6	1	0	1	N
*NC(COCCC$4/6)CSC(CCCCCC$12/15)F/10=O/10=O/3=O	1	1	20	13	4	1	1	0	1	11	2	2	5,6	1	0	1	N
*NC*/2C	1	1	3	2	0	1	0	0	0	0	0	0	-	0	0	1	N
*NC=^ECC(CCCCCC$6/8)O/5CCOC/14=O/13=^EC$2/4COC/19=O	1	1	21	15	5	1	0	0	0	6	2	1	6,6	2	2	1	N
*NC=^ECC(CCCCCC$6/9)O(/7)$2/4CNCN$3/15=O/13=O	1	1	17	11	3	3	0	0	0	6	3	1	6,6,6	2	0	0	N
*NC=^ECCC=^EC$2/6I/5=O/4I	1	1	9	5	1	1	0	0	2	0	1	0	6	1	0	0	N
*NC=^ECCNC=^ZN$3/7N/5=O/4N	1	1	10	4	1	5	0	0	0	0	1	0	6	1	0	0	N
*NC=^ECCNCN$3/7=O/5=O/4N=^ECC=O	1	1	13	6	3	4	0	0	0	0	1	0	6	3	0	2	N
*NC=^ECCNCN$3/7=O/5=O/4N=^ECCC/13=O	1	1	14	7	3	4	0	0	0	0	1	0	6	3	0	3	N
*NC=^XCCN(CCCCCC$7/10)Cl/6CNC$4/16=O/14=O/5=O/3C	1	1	19	12	3	3	0	0	1	6	2	1	6,6	3	0	2	N
*NC=^ZCCCC^SCO/7C$3/7O/5=O/4OC	1	1	13	8	4	1	0	0	0	0	1	0	6	1	0	1	N
*NC=^ZCCN=^ECN$3/7O/5=O/4N=^ZCC$2/13=O/12C	1	1	14	7	3	4	0	0	0	0	2	0	6,6	2	0	1	N
*NC=^ZCCNCC=^ZCC=^ZC$6/10C/7=^ZN$3/5=O/4C=^ECCNCC(CCCCCC$21)/17=O/16C$2/28=N	1	1	28	21	2	5	0	0	0	6	4	1	6,6,6,6	2	0	2	N
*NC=^ZCCNCC=^ZCC=^ZC$6/7=^ZN$3/5=O/4C=^ECS(CCCCCC$17)/16=O/16=O/15C$2/25=N	1	1	25	17	3	4	1	0	0	6	4	1	6,6,6,6	1	0	0	N
*NC=^ZCCNCN$3/7=O/5=O/4N=^ZCC$2/13=O/12C	1	1	14	7	3	4	0	0	0	0	2	0	6,6	3	0	1	N
*NC=^ZCNC$2/6=S/4C/3C	1	1	8	5	0	2	1	0	0	0	1	0	5	0	0	1	N
*NCC(CCCCCC$5)/2CCC	1	1	12	11	0	1	0	0	0	6	1	1	6	0	0	3	N
*NCC(CCCCCC$5/8)Cl(/7)Cl/2C	1	1	12	9	0	1	0	0	2	6	1	1	6	0	0	2	N
*NCC(CCCCCC$5/8)NCN(CCCCCC$14/15)C$11/20=O/13C(CCCCCC$23/24)F/12=O/3=O	1	1	30	23	3	3	0	0	1	18	4	3	6,6,6,6	3	0	2	N
*NCC(CCCCCC$5/8)NS(CCCCCC$13/16)NCNCCCCCC/20=O/12=O/12=O	1	1	29	21	3	4	1	0	0	12	2	2	6,6	1	0	6	N
*NCC(CCCCCC$5/8)OC	1	1	11	9	1	1	0	0	0	6	1	1	6	0	0	2	N
*NCC(CCCNC$5/7CCCC$6/12)OC(/9)C(/8)C(CCCCCC$18/21)Cl/17=O/3=O	1	1	25	19	3	2	0	0	1	15	3	3	5,6,6	2	0	2	N
*NCC(NCCCCCCCC$5/12$7/8CCC$6/13)=O/3=O	1	1	17	13	2	2	0	0	0	12	3	3	5,5,6	2	0	3	N
*NCC*	1	1	3	2	0	1	0	0	0	0	0	0	-	0	0	2	N
*NCC/2CC	1	1	5	4	0	1	0	0	0	0	0	0	-	0	0	2	N
*NCC=^EC(CCCCCC$6/9)CC/12C/3=O	1	1	14	12	1	1	0	0	0	6	1	1	6	1	0	3	N
*NCC=^EC(CCCCCCCCCC$10/9CC$6)/3=O	1	1	17	15	1	1	0	0	0	12	2	2	6,6	1	0	3	N
*NCC=^ECC/3=O	1	1	6	4	1	1	0	0	0	0	0	0	-	1	0	4	N
*NCC=^ECCCCCCCCCC/13C/3=O	1	1	15	13	1	1	0	0	0	0	0	0	-	1	0	12	N
*NCC=^ECCCCCCCCCCC/14C/3=O	1	1	16	14	1	1	0	0	0	0	0	0	-	1	0	13	N
*NCC=^ECCCCCCCCCCCC/15C/3=O	1	1	17	15	1	1	0	0	0	0	0	0	-	1	0	14	N
*NCC=^ECCCCCCCCCCCC/3=O	1	1	16	14	1	1	0	0	0	0	0	0	-	1	0	14	N
*NCC=^ECCCCCCCCCCCCC/16C/3=O	1	1	18	16	1	1	0	0	0	0	0	0	-	1	0	15	N
*NCC=^ECCCCCCCCCCCCC/3=O	1	1	17	15	1	1	0	0	0	0	0	0	-	1	0	15	N
*NCC=^ECCCCCCCCCCCCCC/17C/3=O	1	1	19	17	1	1	0	0	0	0	0	0	-	1	0	16	N
*NCC=^ECCCCCCCCCCCCCC/3=O	1	1	18	16	1	1	0	0	0	0	0	0	-	1	0	16	N
*NCC=^ECCCCCCCCCCCCCCC/3=O	1	1	19	17	1	1	0	0	0	0	0	0	-	1	0	17	N
*NCC=^ECCS/3=O	1	1	7	4	1	1	1	0	0	0	0	0	-	1	0	4	N
*NCC=^ECO(CCCCCC$7/11)=O(/8)=C$4/5N(CCCCCC$16/19)OC/3=O	1	1	23	17	4	2	0	0	0	12	3	2	6,6,6	2	0	1	N
*NCC=^EN(CCCCCC$6/11)$2(/9)N(/8)C/4CNCN$3/16=O/14=O	1	1	18	11	2	5	0	0	0	6	3	1	6,6,6	2	0	1	N
*NCC=^EN(CCCCCC$6/11)$2(/9)NC(/8)C/4CNCN$3/17=O/15=O	1	1	19	12	2	5	0	0	0	6	3	1	6,6,6	2	0	1	N
*NCC=^XC(CCCCS$6/7)C/4SC$2/13=S/3=O	1	1	14	9	1	1	3	0	0	5	2	1	5,5	1	0	1	N
*NCC=^XCCCC/7C/3=O	1	1	9	7	1	1	0	0	0	0	0	0	-	1	0	6	N
*NCC=^XCCCCCCCCCCC/14C/3=O	1	1	16	14	1	1	0	0	0	0	0	0	-	1	0	13	N
*NCC=^ZC(CCCCCC$6/10)OC(/7)NC$4/15=O/2CN(CCCCCC$19/22)OC/17=O	1	1	26	19	4	3	0	0	0	12	3	2	6,6,6	2	0	1	N
*NCC=^ZCC^S$2/6C/3=O	1	1	7	5	1	1	0	0	0	0	1	0	5	1	0	1	N
*NCC=^ZCC^XOCC/8=O/6C/3=O	1	1	11	7	3	1	0	0	0	0	0	0	-	2	1	5	N
*NCC=^ZCN(CCCCCC$7/10)OCC/6CS$4/16=S/5N/3=O	1	1	19	12	2	3	2	0	0	6	2	1	5,6	1	0	2	N
*NCC=^ZCNCS$4/7=S/6CC=C/5N/3=O	1	1	13	7	1	3	2	0	0	0	1	0	5	1	0	3	N
*NCCC(CCCCCC$6/11)NC$4(/8)SN(CCCCCC$16/17)CC/14=O/14=O/5=O/3=O	1	1	26	18	4	3	1	0	0	12	3	2	6,6,6	2	0	2	N
*NCCC(CCCCCC$6/9)O/3=O	1	1	12	9	2	1	0	0	0	6	1	1	6	1	0	3	N
*NCCC/2C	1	1	5	4	0	1	0	0	0	0	0	0	-	0	0	3	N
*NCCC/3C/3C	1	1	6	5	0	1	0	0	0	0	0	0	-	0	0	4	N
*NCCC/4C/4O/3=O	1	1	7	4	2	1	0	0	0	0	0	0	-	1	0	3	N
*NCCCC(CCCCCC$7/10)CCCC($9)/3=O	1	1	16	14	1	1	0	0	0	6	2	1	6,6	1	0	4	N
*NCCCC=^ECCCCCCCCCCCCCC/3=O/2C	1	1	21	19	1	1	0	0	0	0	0	0	-	1	0	18	N
*NCCCCC$3/7O/4=O	1	1	8	5	2	1	0	0	0	0	1	0	5	1	0	0	N
*NCCCCCCC$2	1	1	8	7	0	1	0	0	0	0	1	0	8	0	0	0	N
*NCCCCCCCC(CCCCCC$11)/3=O	1	1	16	14	1	1	0	0	0	6	1	1	6	1	0	8	N
*NCCCCCCCCCC/11C/3=O	1	1	13	11	1	1	0	0	0	0	0	0	-	1	0	10	N
*NCCCCCCCCCC/3=O	1	1	12	10	1	1	0	0	0	0	0	0	-	1	0	10	N
*NCCCCCCCCCCC=^ZCCCCCCC/3=O	1	1	20	18	1	1	0	0	0	0	0	0	-	1	0	18	N
*NCCCCCCCCCCCCCC/5=O/3=O	1	1	17	14	2	1	0	0	0	0	0	0	-	2	0	14	N
*NCCCCCCCCCCCCCCCC/3=O	1	1	18	16	1	1	0	0	0	0	0	0	-	1	0	16	N
*NCCCCCCCCCCCCCCCCCC/2CCCCCCCCCCCCCCCCCC	1	1	37	36	0	1	0	0	0	0	0	0	-	0	0	18	N
*NCCCCCCCCCCCCCCCCCCCCCCCC/3=O	1	1	26	24	1	1	0	0	0	0	0	0	-	1	0	24	N
*NCCCCCCCCCCCCCCCCCCCCCCCCCCCCC/3=O	1	1	31	29	1	1	0	0	0	0	0	0	-	1	0	29	N
*NCCCCCCCCCC^RCC^SCC/14C/12C/3=O	1	1	18	16	1	1	0	0	0	0	0	0	-	1	0	14	N
*NCCCCCCCC^XCC/10C/3=O	1	1	13	11	1	1	0	0	0	0	0	0	-	1	0	10	N
*NCCCCCCN	1	1	8	6	0	2	0	0	0	0	0	0	-	0	0	6	N
*NCCCCCO/7=O/3=O	1	1	9	5	3	1	0	0	0	0	0	0	-	2	1	5	N
*NCCCCC^SCO/8=O/7NC=O	1	1	12	7	3	2	0	0	0	0	0	0	-	2	1	6	N
*NCCCCOCC/6=O/5CC$2	1	1	11	8	2	1	0	0	0	0	1	0	6	1	1	2	N
*NCCCN(CNCCCCCC$9/10CN$7/15)N(/13)OC(/12)OC/6C	1	1	21	14	2	5	0	0	0	10	2	2	6,6	0	0	3	N
*NCCCN(CNCCCCCC$9/10S$7)/6C/5CC$2	1	1	17	13	0	3	1	0	0	9	3	2	5,6,6	0	0	1	N
*NCCCNC=^ECCNCC=^ZCC=^ZC$10/11=^ZN$7/9=O/8C$4/6C(CCCCCC$20/23)C/5=N/3=O	1	1	27	20	2	5	0	0	0	6	4	1	6,6,6,6	2	0	1	N
*NCCCNC=^ECCNCC=^ZCC=^ZC$10/12C/11=^ZN$7/9=O/8C$4/6CCCCC$20/5=N/3=O	1	1	25	18	2	5	0	0	0	0	4	0	5,6,6,6	2	0	1	N
*NCCCNCN$3/7=O/5=O/4=^ENC=^EC$2/13O/12C	1	1	14	7	3	4	0	0	0	0	2	0	6,6	2	0	1	N
*NCCCNCN$3/7=O/5=O/4=^ENC=^ZC$2/13C/12C	1	1	14	8	2	4	0	0	0	0	2	0	6,6	2	0	1	N
*NCCCNCN$3/7=O/5=O/4=^ENCCO/12=^ZC$2	1	1	14	7	3	4	0	0	0	0	2	0	6,6	2	0	1	N
*NCCCNCN$3/7=O/5=O/4=^ENC^XCO/12C$2	1	1	14	7	3	4	0	0	0	0	2	0	6,6	2	0	1	N
*NCCCNCN(CCCCCC$9/12)CC/15C/15C/7=O/2CC/20C	1	1	21	17	1	3	0	0	0	6	1	1	6	1	0	3	N
*NCCCNCN=^ZCNCC$7/12C$4/11=O/10C=^ZCC=^ZC$9/18C/6CC(CCCCCC$22/25)OC(/24)OC/5=N/3=O	1	1	32	23	4	5	0	0	0	6	4	1	6,6,6,6	2	0	2	N
*NCCCOCCOCCOCCOCN/3=O	1	1	17	10	5	2	0	0	0	0	0	0	-	1	0	3	N
*NCCC^R(CCCCCC$6/9)CC/5C/3=O	1	1	14	12	1	1	0	0	0	6	1	1	6	1	0	4	N
*NCCC^SCCCCCCCCCCC/5O/3=O	1	1	17	14	2	1	0	0	0	0	0	0	-	1	0	14	N
*NCCC^SCCCN/5N/3=O	1	1	10	6	1	3	0	0	0	0	0	0	-	1	0	6	N
*NCCC^SCCCNCCC^SCCCN/12N/10=O/5NCC/20=O/3=O	1	1	22	14	3	5	0	0	0	0	0	0	-	3	0	6	N
*NCCC^SCCCNCCC^SCCCNCCC^SCCCN/19N/17=O/12N/10=O/5N/3=O	1	1	28	18	3	7	0	0	0	0	0	0	-	3	0	6	N
*NCCC^SCCCNCCC^SCCCNCCC^SCCCN/19N/17=O/12N/10=O/5NC=O/29C/3=O	1	1	31	20	4	7	0	0	0	0	0	0	-	4	0	6	N
*NCCC^SCCNCN/9=N/8C/5N/3=O	1	1	13	7	1	5	0	0	0	0	0	0	-	1	0	5	N
*NCCC^SCCNCN/9=N/8C/5NCC/14=O/3=O	1	1	16	9	2	5	0	0	0	0	0	0	-	2	0	5	N
*NCCC^SOCCCCCCCCCCCC/7=O/5CCCCCCCCCCC/3=O	1	1	30	26	3	1	0	0	0	0	0	0	-	2	1	14	N
*NCCC^XCCNCN/9=N/8C/5N/3=O	1	1	13	7	1	5	0	0	0	0	0	0	-	1	0	5	N
*NCCC^XNCNCC$5/8C/7=N/3=O	1	1	12	7	1	4	0	0	0	0	1	0	6	1	0	2	N
*NCCC^XOCCCCCCCCCCCCCCCC/7=O/5CCCCCCCCCCC/3=O	1	1	34	30	3	1	0	0	0	0	0	0	-	2	1	16	N
*NCCC^XOCN/7=O/5C/3=O	1	1	10	5	3	2	0	0	0	0	0	0	-	2	1	4	N
*NCCF/3=O	1	1	5	2	1	1	0	0	1	0	0	0	-	1	0	2	N
*NCCN(CCCCCC$6/10)Cl(/7)C/5CC$2	1	1	14	11	0	2	0	0	1	6	2	1	6,6	0	0	1	N
*NCCN(CCCCCC$6/7)OC/5CC$2	1	1	14	11	1	2	0	0	0	6	2	1	6,6	0	0	1	N
*NCCN(CCCCCC$6/7)OCC/5CC$2	1	1	15	12	1	2	0	0	0	6	2	1	6,6	0	0	2	N
*NCCN(CCCCCC$6/8)CF/12F/12F/5CC$2	1	1	16	11	0	2	0	0	3	6	2	1	6,6	0	0	1	N
*NCCN(CCCCCC$6/8)Cl/5CC$2	1	1	13	10	0	2	0	0	1	6	2	1	6,6	0	0	0	N
*NCCN(CCCCCC$6/9)F/5CC$2	1	1	13	10	0	2	0	0	1	6	2	1	6,6	0	0	0	N
*NCCN(CCCCCNCCC$6/12$8/10CCCC$9/11)CC/4=O	1	1	20	16	1	3	0	0	0	13	3	3	5,6,6	1	0	2	N
*NCCN(CCNCCCCCC$9/10$6/12)C(/8)C(/7)CN(CCCCCC$19)/18C$5/25=O/17=O/3=O	1	1	27	20	3	4	0	0	0	15	4	3	5,6,6,6	3	0	2	N
*NCCNCC$2/5CC	1	1	8	6	0	2	0	0	0	0	1	0	6	0	0	2	N
*NCCNCC=^XC(CCCCCC$9/11CCCC$10/14)OC/7SC=^XCCOCC/24=O/22$5/6=O/3=O	1	1	29	21	5	2	1	0	0	10	3	2	5,6,6	3	1	2	N
*NCCNCCC=^ZC(CCCCCC$10/14)Cl(/13)O(/11)OC$8/19=O/9C/6=O/5CC$2	1	1	23	16	4	2	0	0	1	6	3	1	6,6,6	2	1	2	N
*NCCNCCCCCCCCCC	1	1	14	12	0	2	0	0	0	0	0	0	-	0	0	10	N
*NCCNCCNCCNCC$2/11CCO/15=O/8CCO/19=O/5CC=O/23O	1	1	24	14	6	4	0	0	0	0	1	0	12	3	3	2	N
*NCCNCC^X(CCCCCC$8)/7OC/5CC$2	1	1	16	13	1	2	0	0	0	6	2	1	6,6	0	0	2	N
*NCCNCC^XCCCNCCCN/7NCCCN/6=O/2C/2C	1	1	22	15	1	6	0	0	0	0	0	0	-	1	0	5	N
*NCCNCN(CCCCS$8)/6=O/5CC$2	1	1	14	9	1	3	1	0	0	5	2	1	5,6	1	0	1	N
*NCCNCNCC=^ZC$5/9C/8=O/6=O	1	1	12	7	2	3	0	0	0	0	1	0	6	2	0	2	N
*NCCNCNCCCCCCCC$8/14C$10/12C$8/6=O/5CC$2	1	1	19	15	1	3	0	0	0	0	4	0	6,6,6,6	1	0	1	N
*NCCNS(CCCCCC$7/10)C(/9)C/6=O/6=O/5CC$2	1	1	17	12	2	2	1	0	0	6	2	1	6,6	0	0	1	N
*NCCO(CCCCCC$6/7)OC	1	1	12	9	2	1	0	0	0	6	1	1	6	0	0	2	N
*NCCO(CCCCCC$6/9)O(/8)CN/13=O	1	1	14	9	3	2	0	0	0	6	1	1	6	1	0	2	N
*NCCO(CCCCCC$6/9)OCCNCCOC/14=O	1	1	19	13	4	2	0	0	0	6	1	1	6	1	0	2	N
*NCCO(CCCCCC$6/9)OCCO/14=O	1	1	15	10	4	1	0	0	0	6	1	1	6	1	1	2	N
*NCCO(CCCCCCCCCC$10/9CC$6)/3=O	1	1	17	14	2	1	0	0	0	12	2	2	6,6	1	0	2	N
*NCCO/2CCO	1	1	7	4	2	1	0	0	0	0	0	0	-	0	0	2	N
*NCCO/4=O/3=N	1	1	6	2	2	2	0	0	0	0	0	0	-	1	1	2	N
*NCCOC(CCCCS$7)/6=O/3=O	1	1	12	7	3	1	1	0	0	5	1	1	5	2	1	2	N
*NCCOC(CCCNCCCCCCC$12/11C$7/9CCCC$8/15)F/6=O/3=O	1	1	24	18	3	2	0	0	1	16	3	3	6,6,6	2	1	2	N
*NCCS/3=O	1	1	5	2	1	1	1	0	0	0	0	0	-	1	0	2	N
*NCCSC(CNCCCCCCC$10/9OC$7/17)C(/12)C/5=O/3=O	1	1	20	14	3	2	1	0	0	11	2	2	5,6	1	0	2	N
*NCCSCNC(CCCCCC$9/14)N$6(/11)NCCOCC$16/8=O/7CC(CCCCCC$25)/3=O	1	1	30	22	3	4	1	0	0	12	4	2	6,6,6,6	2	0	2	N
*NCCSCNCCSC^XCC$9/13N$6/11C/8=O/7CCOC/3=O	1	1	20	12	3	3	2	0	0	0	2	0	5,6	2	0	2	N
*NCCSO/5=O/5=O	1	1	7	2	3	1	1	0	0	0	0	0	-	0	0	2	N
*NCC^RC(CCCCCC$6/9)CC/12C/4C/3=O	1	1	15	13	1	1	0	0	0	6	1	1	6	1	0	3	N
*NCC^RC(CCCCCCC$7/8NC$6)/4N/3=O	1	1	15	11	1	3	0	0	0	9	2	2	5,6	1	0	3	N
*NCC^RCS/4N/3=O	1	1	7	3	1	2	1	0	0	0	0	0	-	1	0	3	N
*NCC^RCSC^XCNCC$7/10=O/9CC/8=O/4NCC/17=O/3=O	1	1	19	11	4	3	1	0	0	0	1	0	5	4	0	3	N
*NCC^RCSN/6=O/4NCC/10=O/3=O	1	1	12	5	3	3	1	0	0	0	0	0	-	2	0	3	N
*NCC^RC^RC^R(CCCCCN$7/10)O/6O/5C/4N/3=O	1	1	16	10	3	3	0	0	0	6	1	1	6	1	0	4	N
*NCC^RNCC/6=O/4CS/3=O	1	1	10	5	2	2	1	0	0	0	0	0	-	2	0	3	N
*NCC^RNCC/6=O/4CSC=O/3=O	1	1	12	6	3	2	1	0	0	0	0	0	-	3	0	3	N
*NCC^RNCC/6=O/4CSCC(CCCCCC$13)/12=O/3=O	1	1	19	13	3	2	1	0	0	6	1	1	6	3	0	3	N
*NCC^RNCC/6=O/4CSCO/3=O	1	1	12	6	3	2	1	0	0	0	0	0	-	2	0	3	N
*NCC^SC(CCCCCCC$7/8NC$6)/4N/3=O	1	1	15	11	1	3	0	0	0	9	2	2	5,6	1	0	3	N
*NCC^SC/4N/3=O	1	1	6	3	1	2	0	0	0	0	0	0	-	1	0	3	N
*NCC^SC/4S/3=O	1	1	6	3	1	1	1	0	0	0	0	0	-	1	0	3	N
*NCC^SC^SC^S(CCCCCN$7/10)O/6O/5C/4N/3=O	1	1	16	10	3	3	0	0	0	6	1	1	6	1	0	4	N
*NCC^SOCC$2/4OC	1	1	8	5	2	1	0	0	0	0	1	0	6	0	0	1	N
*NCC^X(CCCCCC$5)/4CNC$2/13=O/11=O/4CC/3=O	1	1	17	12	3	2	0	0	0	6	2	1	6,6	3	0	2	N
*NCC^XC^XCC=^ZCC$4/5C$2/10=O/3=O	1	1	11	8	2	1	0	0	0	0	2	0	5,6	2	0	0	N
*NCC^XC^XC^X(CCCCCN$7/10)O/6C/5C/4N/3=O	1	1	16	11	2	3	0	0	0	6	1	1	6	1	0	5	N
*NCC^XN(CCCCCC$6/11)$2(/9)C(/8)C/4CNCN$3/16=O/14=O	1	1	18	12	2	4	0	0	0	6	3	1	6,6,6	2	0	1	N
*NCC^XNC(CNCNCC$7/11)N(/9)C^XNCC^XCN/18=O/17N/14CCN/23=O/6=O/4C(CNCNC$28)/3=O	1	1	32	17	4	11	0	0	0	11	2	2	5,6	4	0	3	N
*NCC^XNC(CNCNCC$7/12)C(/11)N(/9)C^XNCC^XCN/19=O/18N/15CCN/24=O/6=O/4C(CNCNC$29)/3=O	1	1	33	18	4	11	0	0	0	11	2	2	5,6	4	0	3	N
*NCC^XNCC^XCCC/7C$4/5C/3=O	1	1	12	9	1	2	0	0	0	0	1	0	5	1	0	3	N
*NCC^XOC(CNCCCOC$9/13C$7/11)C(/8)C/6=O/4CC/18C/3=O	1	1	20	14	4	2	0	0	0	8	2	2	5,5	2	1	4	N
*NCN(CCCCCC$5)/3=S	1	1	10	7	0	2	1	0	0	6	1	1	6	0	0	1	N
*NCN(CCCCCC$5/7CCCC$6)/3=O	1	1	14	11	1	2	0	0	0	10	2	2	6,6	1	0	1	N
*NCN*/3=S	1	1	4	1	0	2	1	0	0	0	0	0	-	0	0	1	N
*NCN*/4C(CCCCCC$7/10)CO/3=O/2C(CCCCCC$17/20)CO	1	1	22	17	3	2	0	0	0	12	2	2	6,6	1	0	1	N
*NCN*/4C(CCCCCC$7/9)CN(CNCCS$15)/13=O/3=O/2C(CCCCCC$23/25)CN(CNCCS$31)/29=O	1	1	34	23	3	6	2	0	0	22	4	4	5,5,6,6	3	0	1	N
*NCN=^ECC=^ZC$2/5N/3=O	1	1	8	4	1	3	0	0	0	0	1	0	6	1	0	0	N
*NCNC(CCCCCC$6/9)C(/8)Br/5=O/3=S	1	1	14	9	1	2	1	0	1	6	1	1	6	1	0	1	N
*NCNCC=^ZC(CCCCCC$8/12)OCO($11/9)NC$6/18=O/4CCNC/22C/3=S	1	1	24	16	3	4	1	0	0	6	3	1	5,6,6	1	0	2	N
*NCNCC=^ZC(CCCCCC$8/13)C(/10)C(/9)NC$6/17=O/4C(CCCCO$20)/3=S	1	1	24	18	2	3	1	0	0	11	3	2	5,6,6	1	0	1	N
*NCNCCCCC$5/4CC(CNCCCCCC$14/15N$12/18)C(/17)C/3=S	1	1	22	17	0	4	1	0	0	9	3	2	5,5,6	0	0	2	N
*NCNCCCN(CCCCCC$9/14)C$6(/12)OCCO($11)/7=O/4CCNCC/23CC/3=S	1	1	27	19	3	4	1	0	0	6	3	1	6,6,6	1	0	2	N
*NCNC^XCCCCCCCC$6/12C$8/10C$6/5CCC/3=S	1	1	18	15	0	2	1	0	0	0	3	0	6,6,6	0	0	4	N
*NCO/3=O	1	1	4	1	2	1	0	0	0	0	0	0	-	1	1	1	N
*NCO/3=O/2C	1	1	5	2	2	1	0	0	0	0	0	0	-	1	1	1	N
*NCPO/4O/4=O/2*	1	1	6	1	3	1	0	1	0	0	0	0	-	0	0	1	N
*NC^RC/3O	1	1	4	2	1	1	0	0	0	0	0	0	-	0	0	2	N
*NC^S(CCCCCC$4)/3CO	1	1	10	8	1	1	0	0	0	6	1	1	6	0	0	2	N
*NC^S(CCCCCC$4/5)CCC$3	1	1	11	10	0	1	0	0	0	6	2	1	6,6	0	0	0	N
*NC^SC(CCCCCC$5)/3COC/11=O	1	1	13	10	2	1	0	0	0	6	1	1	6	1	1	3	N
*NC^SCC^SC^SC^RC^S$3/8O/7O/6O/5CO/5O	1	1	13	7	5	1	0	0	0	0	1	0	6	0	0	1	N
*NC^SCN/4=O/3CNCN/9=O	1	1	10	4	2	4	0	0	0	0	0	0	-	2	0	3	N
*NC^SCO/4=O/3C	1	1	6	3	2	1	0	0	0	0	0	0	-	1	1	3	N
*NC^SCO/4=O/3CCCCN	1	1	10	6	2	2	0	0	0	0	0	0	-	1	1	6	N
*NC^SCO/4=O/3CCCN/9=O	1	1	10	5	3	2	0	0	0	0	0	0	-	2	1	5	N
*NC^SCO/4=O/3C^RC/7O	1	1	8	4	3	1	0	0	0	0	0	0	-	1	1	4	N
*NC^SC^SC^SC^RCCOPO/10O/10=O/7=^ZC$3/6O/5O/4O	1	1	16	7	7	1	0	1	0	0	1	0	6	0	0	1	N
*NC^SC^SC^SC^SCCO/7=^ZC$3/6O/5O/4O	1	1	12	7	4	1	0	0	0	0	1	0	6	0	0	1	N
*NC^X(CCCCCC$4)/3C	1	1	9	8	0	1	0	0	0	6	1	1	6	0	0	2	N
*NC^X(CCCCS$4)/3CNCC/11C/11C/9=O/2C(CNCCCCCCC$20/19CC$17)/16=O	1	1	27	21	2	3	1	0	0	16	3	3	5,5,6	2	0	3	N
*NC^X(CCCCS$4)/3CNCCCCC$11/9=O/2CC(CCCCS$19)/17=O	1	1	23	17	2	2	2	0	0	10	3	2	5,5,5	2	0	2	N
*NC^XCSCC$3/5=O/5=O	1	1	8	4	2	1	1	0	0	0	1	0	5	0	0	0	N
*NPOC/3OC/3=O	1	1	7	2	3	1	0	1	0	0	0	0	-	0	0	1	N
*NP^RC/3O/3=O	1	1	5	1	2	1	0	1	0	0	0	0	-	0	0	1	N
*NP^SC/3O/3=O	1	1	5	1	2	1	0	1	0	0	0	0	-	0	0	1	N
*NS(CCCCCC$4/7)CN(CCCCCC$12/15)F/10=O/3=O/3=O	1	1	20	13	3	2	1	0	1	12	2	2	6,6	1	0	1	N
*NS(CCCCCC$4/7)Cl(/6)SN/11=O/11=O/3=O/3=O/2C	1	1	16	7	4	2	2	0	1	6	1	1	6	0	0	1	N
*NS(CCCCCC$4/7)Cl/3=O/3=O/2CC=^ZC(CCCCCC$16/20)OCCO($19/17)NC$14/27=O	1	1	27	18	5	2	1	0	1	12	4	2	6,6,6,6	1	0	1	N
*NS(CCCCO$4/7)C(/6)CO/10=O/3=O/3=O	1	1	13	6	5	1	1	0	0	5	1	1	5	1	1	1	N
*NS(CCCCS$4)/3=O/3=O	1	1	9	4	2	1	2	0	0	5	1	1	5	0	0	0	N
*NS(CCSCC$4/7)C(/5)C/3=O/3=O	1	1	11	6	2	1	2	0	0	5	1	1	5	0	0	1	N
*NS(CSCCC$4/6)Br/3=O/3=O	1	1	10	4	2	1	2	0	1	5	1	1	5	0	0	0	N
*O(CCCCCC$3/4)Br	1	1	8	6	1	0	0	0	1	6	1	1	6	0	0	0	O
*O(CCCCCC$3/4)CC	1	1	9	8	1	0	0	0	0	6	1	1	6	0	0	2	O
*O(CCCCCC$3/4)CCCCC$9	1	1	12	11	1	0	0	0	0	6	2	1	5,6	0	0	0	O
*O(CCCCCC$3/4)CO/9=O	1	1	10	7	3	0	0	0	0	6	1	1	6	1	1	1	O
*O(CCCCCC$3/4)F	1	1	8	6	1	0	0	0	1	6	1	1	6	0	0	0	O
*O(CCCCCC$3/4)I	1	1	8	6	1	0	0	0	1	6	1	1	6	0	0	0	O
*O(CCCCCC$3/4)OCC=C	1	1	11	9	2	0	0	0	0	6	1	1	6	0	0	3	O
*O(CCCCCC$3/4)OCCNC/11=O	1	1	13	9	3	1	0	0	0	6	1	1	6	1	0	2	O
*O(CCCCCC$3/5)C=^ECCN($4)/12C/11=O/9OC	1	1	15	11	3	1	0	0	0	6	2	1	6,6	1	0	1	O
*O(CCCCCC$3/5)CCCS($4)	1	1	11	9	1	0	1	0	0	6	2	1	6,6	0	0	0	O
*O(CCCCCC$3/5)CCO($4)/10C/10C	1	1	12	10	2	0	0	0	0	6	2	1	5,6	0	0	1	O
*O(CCCCCC$3/5)CO/9=O	1	1	10	7	3	0	0	0	0	6	1	1	6	1	1	1	O
*O(CCCCCC$3/5)N	1	1	8	6	1	1	0	0	0	6	1	1	6	0	0	0	O
*O(CCCCCC$3/5)NCCC($4)/10=O	1	1	12	9	2	1	0	0	0	6	2	1	6,6	1	0	0	O
*O(CCCCCC$3/5)NCN($4)/10=O	1	1	11	7	2	2	0	0	0	6	2	1	5,6	1	0	0	O
*O(CCCCCC$3/6)Br	1	1	8	6	1	0	0	0	1	6	1	1	6	0	0	0	O
*O(CCCCCC$3/6)C(/4)CC=C	1	1	11	10	1	0	0	0	0	6	1	1	6	0	0	3	O
*O(CCCCCC$3/6)C(/5)C	1	1	9	8	1	0	0	0	0	6	1	1	6	0	0	1	O
*O(CCCCCC$3/6)C(/5)C=^ZCCO($4)/12=O	1	1	13	10	3	0	0	0	0	6	2	1	6,6	1	1	1	O
*O(CCCCCC$3/6)C(CCCCCC$10/5)OCC=^Z$9/17=O	1	1	18	15	3	0	0	0	0	12	3	2	6,6,6	1	1	0	O
*O(CCCCCC$3/6)C=O	1	1	9	7	2	0	0	0	0	6	1	1	6	1	0	1	O
*O(CCCCCC$3/6)C=^ECC	1	1	10	9	1	0	0	0	0	6	1	1	6	0	0	3	O
*O(CCCCCC$3/6)C=^ZC(CCCCCC$11/14)OC(/13)OC/10CO($5)/21=O	1	1	22	17	5	0	0	0	0	12	3	2	6,6,6	1	1	1	O
*O(CCCCCC$3/6)C=^ZC(CCCCCC$11/5)OC$10/18=O	1	1	18	15	3	0	0	0	0	12	3	2	6,6,6	1	1	0	O
*O(CCCCCC$3/6)C=^ZCC(/4)OC	1	1	12	10	2	0	0	0	0	6	1	1	6	0	0	3	O
*O(CCCCCC$3/6)C=^ZNC^RC(CCCCCC$13)/11CNCCCOC/19=O/11CO$9	1	1	27	21	4	2	0	0	0	12	3	2	5,6,6	1	0	3	O
*O(CCCCCC$3/6)C=^ZNC^RCNC(CCCCCC$15)/14=O/13C(CCCCCC$23/24)C$11/12=O/11C^R(CCCCCC$32)/31O$9	1	1	37	31	4	2	0	0	0	24	6	4	5,6,6,6,6,7	2	0	1	O
*O(CCCCCC$3/6)C=^ZNC^RCNCCNCCOCC$16/12=O/11CO$9/11CC=C	1	1	26	19	4	3	0	0	0	6	3	1	5,6,6	1	0	3	O
*O(CCCCCC$3/6)C=^ZNC^RCNCCOCC$13/12=O/11CCS(CCCCCC$23)/22=O/22=O/11CO$9	1	1	31	22	6	2	1	0	0	12	4	2	5,6,6,6	1	0	2	O
*O(CCCCCC$3/6)C=^ZNC^RC^R(CCCCCC$13)/12O$9/11CCCOCC/24C/24C/22=O/11CN/29=O	1	1	30	23	5	2	0	0	0	12	3	2	5,6,6	2	1	3	O
*O(CCCCCC$3/6)C=^ZNC^RC^R(CCCCCC$13/14)CNCC=C/20C$11/24=O/12O$9/11CCS(CCCCCC$30)/29=O/29=O	1	1	36	28	5	2	1	0	0	18	5	3	5,6,6,6,7	1	0	3	O
*O(CCCCCC$3/6)C=^ZNC^RC^R(CCCCCC$13/14)CNCCS(CCCCCC$24)/23=O/23=O/20C$11/32=O/12O$9/11C(CCCCCC$36)	1	1	40	32	5	2	1	0	0	24	6	4	5,6,6,6,6,7	1	0	2	O
*O(CCCCCC$3/6)C=^ZNC^SC^S(CCCCCC$13)/12O$9/11CNCCCCC$21/20=O/11CCCOCC/32C/32C/30=O	1	1	35	28	5	2	0	0	0	12	4	2	5,6,6,6	2	1	3	O
*O(CCCCCC$3/6)C=^ZNC^SC^S(CCCCCC$13/14)CNCC=C/20C$11/24=O/12O$9/11CCCOCC/31C/31C/29=O	1	1	34	27	5	2	0	0	0	12	4	2	5,6,6,7	2	1	3	O
*O(CCCCCC$3/6)CC	1	1	9	8	1	0	0	0	0	6	1	1	6	0	0	2	O
*O(CCCCCC$3/6)CC(CCCCCC$11/15)C=^ZCCO($14/12)OC$9/19C/19C/10=O(/4)OC	1	1	26	21	5	0	0	0	0	12	4	2	6,6,6,6	1	0	1	O
*O(CCCCCC$3/6)CC(CCCCCC$11/16)OC$9(/14)OCC=^ZC($13/12)OC/20C/20C/10=O(/4)OC	1	1	28	22	6	0	0	0	0	12	4	2	6,6,6,6	1	0	1	O
*O(CCCCCC$3/6)CC/9C	1	1	10	9	1	0	0	0	0	6	1	1	6	0	0	3	O
*O(CCCCCC$3/6)CC/9C/9C	1	1	11	10	1	0	0	0	0	6	1	1	6	0	0	3	O
*O(CCCCCC$3/6)CC=C(/4)OC	1	1	12	10	2	0	0	0	0	6	1	1	6	0	0	3	O
*O(CCCCCC$3/6)CC=O(/5)O(/4)CCC	1	1	14	11	3	0	0	0	0	6	1	1	6	1	0	3	O
*O(CCCCCC$3/6)CC=^ZCCO/12=O/11O($5/4)CCC/9=O	1	1	18	13	5	0	0	0	0	6	2	1	6,6	2	1	3	O
*O(CCCCCC$3/6)CCC/9C/9C	1	1	12	11	1	0	0	0	0	6	1	1	6	0	0	4	O
*O(CCCCCC$3/6)CCCCCC$9	1	1	13	12	1	0	0	0	0	6	2	1	6,6	0	0	0	O
*O(CCCCCC$3/6)CCCO(/4)O*	1	1	12	9	3	0	0	0	0	6	1	1	6	0	0	3	O
*O(CCCCCC$3/6)CCCO/11=O	1	1	12	9	3	0	0	0	0	6	1	1	6	1	1	3	O
*O(CCCCCC$3/6)CCO	1	1	10	8	2	0	0	0	0	6	1	1	6	0	0	2	O
*O(CCCCCC$3/6)CCOC	1	1	11	9	2	0	0	0	0	6	1	1	6	0	0	2	O
*O(CCCCCC$3/6)CC^XCNCS$10/13=O/11=O	1	1	15	10	3	1	1	0	0	6	2	1	5,6	2	0	1	O
*O(CCCCCC$3/6)CC^XOCCC$10/12=O(/4)OC	1	1	16	12	4	0	0	0	0	6	2	1	5,6	1	1	1	O
*O(CCCCCC$3/6)CN(CCCCCC$11/14)Cl(/13)SNCCOCC$19/18=O/18=O/9=O	1	1	26	17	5	2	1	0	1	12	3	2	6,6,6	1	0	1	O
*O(CCCCCC$3/6)CNCC(CCCCCC$13/16)CF/19F/19F	1	1	21	16	1	1	0	0	3	12	2	2	6,6	0	0	2	O
*O(CCCCCC$3/6)CNCCCCCCC$11/9=O	1	1	17	14	2	1	0	0	0	6	2	1	6,7	1	0	1	O
*O(CCCCCC$3/6)CO/9=O	1	1	10	7	3	0	0	0	0	6	1	1	6	1	1	1	O
*O(CCCCCC$3/6)CO/9=O(/4)OC	1	1	12	8	4	0	0	0	0	6	1	1	6	1	1	1	O
*O(CCCCCC$3/6)COCCOCC/14C	1	1	15	12	3	0	0	0	0	6	1	1	6	0	0	3	O
*O(CCCCCC$3/6)C^S(CCCCCC$10/14)O(/13)OC(/11)CC^RC^S$9/21C/20C(/4)OC	1	1	24	20	4	0	0	0	0	12	3	2	6,6,6	0	0	1	O
*O(CCCCCC$3/6)F	1	1	8	6	1	0	0	0	1	6	1	1	6	0	0	0	O
*O(CCCCCC$3/6)F(/4)CCCC/10=O	1	1	13	10	2	0	0	0	1	6	1	1	6	1	0	4	O
*O(CCCCCC$3/6)I	1	1	8	6	1	0	0	0	1	6	1	1	6	0	0	0	O
*O(CCCCCC$3/6)NCC=^ZC($5)/10=O	1	1	12	9	2	1	0	0	0	6	2	1	6,6	1	0	0	O
*O(CCCCCC$3/6)NCCCC/10=O(/4)CC/15=O	1	1	16	12	3	1	0	0	0	6	1	1	6	2	0	4	O
*O(CCCCCC$3/6)NCCCSC/13C/10=O	1	1	15	11	2	1	1	0	0	6	1	1	6	1	0	3	O
*O(CCCCCC$3/6)NCNCC/11CC/10=O(/4)CC/17=O	1	1	18	13	3	2	0	0	0	6	1	1	6	2	0	2	O
*O(CCCCCC$3/6)NCNCCCCCC$12/10=O	1	1	17	13	2	2	0	0	0	6	2	1	6,6	1	0	1	O
*O(CCCCCC$3/6)NSC/10=O/10=O	1	1	12	7	3	1	1	0	0	6	1	1	6	0	0	1	O
*O(CCCCCC$3/6)O(CCCCCC$10)	1	1	14	12	2	0	0	0	0	12	2	2	6,6	0	0	0	O
*O(CCCCCC$3/6)O(CCCCCC$10/13)F	1	1	15	12	2	0	0	0	1	12	2	2	6,6	0	0	0	O
*O(CCCCCC$3/6)OC=^ZC(CCCCCC$12/13)O/11C($5/4)O/19=O	1	1	20	15	5	0	0	0	0	12	3	2	6,6,6	1	0	0	O
*O(CCCCCC$3/6)OC=^ZC(CCCCCC$12/13)OSO/19=O/19=O/11C($5/4)O/23=O	1	1	24	15	8	0	1	0	0	12	3	2	6,6,6	1	0	0	O
*O(CCCCCC$3/7)C(/4)C	1	1	9	8	1	0	0	0	0	6	1	1	6	0	0	1	O
*O(CCCCCC$3/7)C(/4)Cl	1	1	9	7	1	0	0	0	1	6	1	1	6	0	0	1	O
*O(CCCCCC$3/7)C(/5)C	1	1	9	8	1	0	0	0	0	6	1	1	6	0	0	1	O
*O(CCCCCC$3/7)C(/5)OCC=^ZC($4)/13C/12C/11=O	1	1	15	12	3	0	0	0	0	6	2	1	6,6	1	1	1	O
*O(CCCCCC$3/7)C(/6)Br(/4)NCN(CNCCNC$14/17)C/12=O	1	1	20	13	2	4	0	0	1	12	2	2	6,6	1	0	1	O
*O(CCCCCC$3/7)C(/6)OCC/11=O(/5)C(/4)C	1	1	14	11	3	0	0	0	0	6	1	1	6	1	1	2	O
*O(CCCCCC$3/7)Cl(/4)Cl	1	1	9	6	1	0	0	0	2	6	1	1	6	0	0	0	O
*O(CCCCCC$3/7)OCC=^ZC($6/4)OC/10=O	1	1	14	10	4	0	0	0	0	6	2	1	6,6	1	1	1	O
*O(CCCCCC$3/8)C(/6)C(/4)C	1	1	10	9	1	0	0	0	0	6	1	1	6	0	0	1	O
*O(CCCCCC$3/8)Cl(/6)OCC=CCl/13Cl(/4)Cl	1	1	15	9	2	0	0	0	4	6	1	1	6	0	0	3	O
*O(CCCCCC$3/8)OC(/6)C=^ECC(/4)OC	1	1	14	11	3	0	0	0	0	6	1	1	6	0	0	3	O
*O(CCCCCC$3/8)OC(/6)CO/11=O(/4)OC	1	1	14	9	5	0	0	0	0	6	1	1	6	1	1	1	O
*O(CCCCCC$3/8)OC(/6)O(/4)OC	1	1	12	8	4	0	0	0	0	6	1	1	6	0	0	1	O
*O(CCCCCCC$4/5NCCCCO$11/12$3/8)OCO($7)	1	1	17	12	4	1	0	0	0	13	4	3	5,5,6,6	0	0	0	O
*O(CCCCCCOCC$7/8$3/5)C=^ZCCO($4)/14=O	1	1	15	11	4	0	0	0	0	9	3	2	5,6,6	1	1	0	O
*O(CCCCCN$3)	1	1	7	5	1	1	0	0	0	6	1	1	6	0	0	0	O
*O(CCCCCN$3/6)CF/9F/9F	1	1	11	6	1	1	0	0	3	6	1	1	6	0	0	1	O
*O(CCCCCNCCN$7/6CC$3/10)CF/14F/14F(/8)C	1	1	17	11	1	2	0	0	3	11	2	2	5,6	0	0	1	O
*O(CCCCCNCNC$6/11C$3/7)N(CCCCCC$14/17)F(/16)Cl(/4)NCC=^ECCNC/27C/23=O	1	1	29	20	2	5	0	0	2	16	3	3	6,6,6	1	0	4	O
*O(CCCCCNCSC$7/6CC$3/9)C(/4)O*	1	1	14	10	2	1	1	0	0	11	2	2	5,6	0	0	1	O
*O(CCCCCO$4/5CCC$3/7)CC/12=O	1	1	13	10	3	0	0	0	0	9	2	2	5,6	1	0	2	O
*O(CCCNC$3/5CCCC$4/6)C	1	1	11	9	1	1	0	0	0	9	2	2	5,6	0	0	1	O
*O(CCCNCC$3/5)CS(CNCCCCCC$13/14N$11/4)C/10=O	1	1	20	14	2	3	1	0	0	15	3	3	5,6,6	0	0	1	O
*O(CCCNCC$3/5)CSCN(CCCCCC$13/14)N$11/10=O(/4)C	1	1	20	14	2	3	1	0	0	12	3	2	5,6,6	0	0	1	O
*O(CCCNCC$4/5CCC$3/7)COCC/14C/12=O	1	1	16	12	3	1	0	0	0	9	2	2	5,6	1	1	3	O
*O(CCCNCC$4/5CCC$3/8)C	1	1	11	9	1	1	0	0	0	9	2	2	5,6	0	0	1	O
*O(CCNCCCC$5/4CCCC$3)	1	1	12	10	1	1	0	0	0	11	2	2	5,6	0	0	0	O
*O=C	1	1	2	1	1	0	0	0	0	0	0	0	-	1	0	1	O
*O=POP^ROCC=^ZCCCC=^ZCCCC=^ZCCCC=CC/21C/17C/13C/9C/5O/5=O/3O/3O	1	1	29	20	7	0	0	2	0	0	0	0	-	0	0	16	O
*O=SO/3O/3=O	1	1	5	0	4	0	1	0	0	0	0	0	-	0	0	0	O
*OC(CCCCCC$4)/3(CCCCCC$10)	1	1	14	13	1	0	0	0	0	12	2	2	6,6	0	0	1	O
*OC(CCCCCC$4/5)CNC$3/11C/10=O	1	1	13	10	2	1	0	0	0	6	2	1	6,6	1	0	1	O
*OC(CCCCCC$4/5)N(CCCCCCC$12/13NCC$11/14)CF/21F/21F/3=O	1	1	24	17	2	2	0	0	3	16	3	3	6,6,6	1	1	1	O
*OC(CCCCCC$4/5)N(CCCCCCC$12/13NCC$11/15)Cl/3=O	1	1	21	16	2	2	0	0	1	16	3	3	6,6,6	1	1	1	O
*OC(CCCCCC$4/5)NCC$3/11=O	1	1	12	9	2	1	0	0	0	6	2	1	6,6	1	0	0	O
*OC(CCCCCC$4/5)O/3=O	1	1	10	7	3	0	0	0	0	6	1	1	6	1	1	1	O
*OC(CCCCCC$4/6)O/3=O	1	1	10	7	3	0	0	0	0	6	1	1	6	1	1	1	O
*OC(CCCCCC$4/6)OC(/5)OC/3=O	1	1	13	9	4	0	0	0	0	6	1	1	6	1	1	1	O
*OC(CCCCCC$4/7)C(CCCCCC$11)/10=O/3=O	1	1	17	14	3	0	0	0	0	12	2	2	6,6	2	1	1	O
*OC(CCCCCC$4/8)O(/6)O/3=O	1	1	11	7	4	0	0	0	0	6	1	1	6	1	1	1	O
*OC(CCCCCC$4/8)OC(/7)O(/6)OC/3=O	1	1	14	9	5	0	0	0	0	6	1	1	6	1	1	1	O
*OC(CCCCCC$4/8)OC(/7)OC(/5)NCCOC/16=C/15=O/3=O	1	1	20	13	6	1	0	0	0	6	1	1	6	2	1	3	O
*OC(CCCCCC$4/9)C(/6)C(/5)O/3=O	1	1	12	9	3	0	0	0	0	6	1	1	6	1	1	1	O
*OC(CCCCCC$4/9)Cl(/5)Cl/3=O	1	1	11	7	2	0	0	0	2	6	1	1	6	1	1	1	O
*OC(CCCCCC$4/9)O(/8)Cl(/7)O(/6)Cl(/5)CC/3=O	1	1	15	9	4	0	0	0	2	6	1	1	6	1	1	2	O
*OC(CCCCCC$4/9)OC(/5)OC/3=O	1	1	13	9	4	0	0	0	0	6	1	1	6	1	1	1	O
*OC(CCCCCCC$5/6NC$4)/3=O	1	1	12	9	2	1	0	0	0	9	2	2	5,6	1	1	1	O
*OC(CCCCCCCC$6/5CCCC$4/15)O(/13)O(/8)O/3=O	1	1	18	13	5	0	0	0	0	12	2	2	6,6	1	1	1	O
*OC(CCCCCCCC$6/7CC$4)	1	1	12	11	1	0	0	0	0	10	2	2	6,6	0	0	1	O
*OC(CCCCCCCCCC$4/11$6/9CCCC$8/17)OC(/15)O(/13)C(/10)=O(/7)=O(/5)O/3=O	1	1	24	17	7	0	0	0	0	14	3	3	6,6,6	3	1	1	O
*OC(CCCCN$4)/3=O	1	1	8	5	2	1	0	0	0	5	1	1	5	1	1	1	O
*OC(CCCCN$4/7)C/3=O	1	1	9	6	2	1	0	0	0	5	1	1	5	1	1	1	O
*OC(CCCNCCCCCCC$9/8C$4/6CCCC$5/12)Br/3=O	1	1	20	16	2	1	0	0	1	16	3	3	6,6,6	1	1	1	O
*OC(CCCNCCCCCCC$9/8C$4/6CCCC$5/12)OC(/11)OC/3=O	1	1	23	18	4	1	0	0	0	16	3	3	6,6,6	1	1	1	O
*OC(CCCNCCCCCS$9/8C$4/6CCCC$5)/3=O	1	1	18	14	2	1	1	0	0	15	3	3	5,6,6	1	1	1	O
*OC(CCNCCC$4)/3=O	1	1	9	6	2	1	0	0	0	6	1	1	6	1	1	1	O
*OC(NCCNC$4/6)CN=^ZCN($5)/11N/9=O	1	1	13	6	2	5	0	0	0	5	2	1	5,6	1	0	1	O
*OC(NCCNC$4/6)CNC=^ZN($5)/11N/9=O	1	1	13	6	2	5	0	0	0	5	2	1	5,6	1	0	1	O
*OC*	1	1	2	1	1	0	0	0	0	0	0	0	-	0	0	1	O
*OC=N*/3(CCCCCC$6/7)O	1	1	10	7	2	1	0	0	0	6	1	1	6	0	0	1	O
*OC=^EC(CCCCCC$5/6)OC$3/12=O	1	1	12	9	3	0	0	0	0	6	2	1	6,6	1	1	0	O
*OCC(CCCCCC$5)/3=O	1	1	10	8	2	0	0	0	0	6	1	1	6	1	1	2	O
*OCC(CCCCCC$5/8)O/3=O	1	1	11	8	3	0	0	0	0	6	1	1	6	1	1	2	O
*OCC(CCCCS$5)/4=O	1	1	9	6	2	0	1	0	0	5	1	1	5	1	0	2	O
*OCC=C/3C/3C	1	1	6	5	1	0	0	0	0	0	0	0	-	0	0	4	O
*OCC=CC/5C	1	1	6	5	1	0	0	0	0	0	0	0	-	0	0	4	O
*OCC=^EC(CCCCCC$6/10)O(/9)O(/7)OC/3=O	1	1	15	10	5	0	0	0	0	6	1	1	6	1	1	3	O
*OCC=^EC(CCCCCC$6/10)OC(/9)OC(/8)OC/3=O	1	1	17	12	5	0	0	0	0	6	1	1	6	1	1	3	O
*OCC=^EC(CCCCCC$6/9)OC(/8)O/3=O	1	1	14	10	4	0	0	0	0	6	1	1	6	1	1	3	O
*OCC=^EC(CCCCCCCC$8/9NC$6)	1	1	14	12	1	1	0	0	0	10	2	2	6,6	0	0	3	O
*OCC=^ECC=^ECC/3=O	1	1	8	6	2	0	0	0	0	0	0	0	-	1	1	6	O
*OCC=^ECC=^ECCCCCCCCCCCCCC/3=O	1	1	20	18	2	0	0	0	0	0	0	0	-	1	1	18	O
*OCC=^ECC=^ECCC^XC=^ECC=^ECCCCCC/9O/3=O	1	1	19	16	3	0	0	0	0	0	0	0	-	1	1	16	O
*OCC=^ECC=^ZCCCC^XCC/10O/3=O	1	1	13	10	3	0	0	0	0	0	0	0	-	1	1	10	O
*OCC=^ECCCC=^ECCCC=CC/13C/9C/5C	1	1	16	15	1	0	0	0	0	0	0	0	-	0	0	12	O
*OCC=^ECCCC=^ECCCC=^ECCCC=^ECCCC=^ECCCC=^ECCCC=CC/29C/25C/21C/17C/13C/9C/5C	1	1	36	35	1	0	0	0	0	0	0	0	-	0	0	28	O
*OCC=^ECCCC=^ECCCCCCC=^ECCCC=CC/20C/16C/13=C/10C/10C/5C	1	1	26	25	1	0	0	0	0	0	0	0	-	0	0	19	O
*OCC=^ECCCCCCCCCCCCCCCCCC/4C/3=O	1	1	23	21	2	0	0	0	0	0	0	0	-	1	1	20	O
*OCC=^ECCC^RCCC=CC/11C/7C/3=O	1	1	14	12	2	0	0	0	0	0	0	0	-	1	1	10	O
*OCC=^ECCO/6=O/3=O	1	1	8	4	4	0	0	0	0	0	0	0	-	2	2	4	O
*OCC=^ECC^RCCCCCCCCCCCCCCCCCC/6C/4C/3=O	1	1	26	24	2	0	0	0	0	0	0	0	-	1	1	22	O
*OCC=^ECC^SCC^SCCCCCCCCCCCCCCCCCC/8C/6C/4C/3=O	1	1	29	27	2	0	0	0	0	0	0	0	-	1	1	24	O
*OCC=^ECC^SCC^SCC^SCC^SCCCCCCCCCCCCCCCC/12C/10C/8C/6C/4C/3=O	1	1	33	31	2	0	0	0	0	0	0	0	-	1	1	26	O
*OCC=^ECC^XCCC^XC=^ZC$6/9O/7=O/6O/3=O	1	1	14	9	5	0	0	0	0	0	1	0	6	2	1	3	O
*OCC=^XC(CCCCCC$6/9)O(/8)OC/3=O	1	1	14	10	4	0	0	0	0	6	1	1	6	1	1	3	O
*OCC=^XC(CCCCCC$6/9)OC(/8)OC/3=O	1	1	15	11	4	0	0	0	0	6	1	1	6	1	1	3	O
*OCC=^XCCO/4C/3=O	1	1	8	5	3	0	0	0	0	0	0	0	-	1	1	4	O
*OCC=^ZCCC(CNCOC$8/10)C=^ZCCNCOC/17=O/3=O	1	1	20	13	5	2	0	0	0	5	1	1	5	2	2	5	O
*OCC=^ZCCCCCCCCCCCCCC/3=O	1	1	18	16	2	0	0	0	0	0	0	0	-	1	1	16	O
*OCCC/3CC	1	1	6	5	1	0	0	0	0	0	0	0	-	0	0	5	O
*OCCC=^ZCCC=^ZCCC=^ZCCC=^ZCCC=^ZCCC=^ZCCCC/3=O	1	1	24	22	2	0	0	0	0	0	0	0	-	1	1	22	O
*OCCCC/5C/3CCC/9C	1	1	10	9	1	0	0	0	0	0	0	0	-	0	0	7	O
*OCCCC=^ECCC=^ECCC=^ECCC=^ECCC=^ECCC=^ECCC/3=O	1	1	24	22	2	0	0	0	0	0	0	0	-	1	1	22	O
*OCCCC=^ZCCC=^ZCCCC/3=O	1	1	13	11	2	0	0	0	0	0	0	0	-	1	1	11	O
*OCCCCC=C=CCOCC=^ECC=^ZCCCCCC/12=O/3=O	1	1	22	18	4	0	0	0	0	0	0	0	-	2	2	10	O
*OCCCCC=^ECC/7C/3C/3C	1	1	11	10	1	0	0	0	0	0	0	0	-	0	0	8	O
*OCCCCC=^ECC=^ECC=^ECC=^ECC=^ECC=^ECC=^ZCC=^ECC=^ECC=^ECC=^ECC=^ECC=CC/32C/28C/24C/20CO/15C/11C/7C/3C/3C	1	1	42	40	2	0	0	0	0	0	0	0	-	0	0	32	O
*OCCCCC=^ECC=^ZCC=^ECC=^ECC=^ECC=^ZCC=^ECC=^ECC=^ECC=^ZCC=^ECC=^ECC=CC/32C/28C/24C/20C/15C/11C/7C/3C/3C	1	1	41	40	1	0	0	0	0	0	0	0	-	0	0	32	O
*OCCCCC=^XCCC=^XCCC=^XCCC=^XCCCCCC/3=O	1	1	22	20	2	0	0	0	0	0	0	0	-	1	1	20	O
*OCCCCC=^ZCCC=^ZCC=^ECC^SCC=^ZCCCCCC/14O/3=O	1	1	23	20	3	0	0	0	0	0	0	0	-	1	1	20	O
*OCCCCC=^ZCCC=^ZCCC=^ZCC=^ECC^RCCCCC/17O/3=O	1	1	23	20	3	0	0	0	0	0	0	0	-	1	1	20	O
*OCCCCC=^ZCCC=^ZCCC=^ZCC=^ECC^SCCCCC/17O/3=O	1	1	23	20	3	0	0	0	0	0	0	0	-	1	1	20	O
*OCCCCC=^ZCCC=^ZCCC=^ZCCC=^ZCCC=^ZCCCCC/3=O	1	1	24	22	2	0	0	0	0	0	0	0	-	1	1	22	O
*OCCCCC=^ZCCC=^ZCCC=^ZCCCCCCCCCCC/3=O	1	1	24	22	2	0	0	0	0	0	0	0	-	1	1	22	O
*OCCCCC=^ZCCCC=^ZCCCCCCCCCCCCCCCCC/3=O	1	1	28	26	2	0	0	0	0	0	0	0	-	1	1	26	O
*OCCCCC=^ZCCC^RC^RC=^ECC^SCCCCC/14O/11C^RCC^S$10/23O$8/21O/3=O	1	1	25	20	5	0	0	0	0	0	2	0	5,5	1	1	8	O
*OCCCCC=^ZCCC^SCCC=^ZC$10/12=O/11=^ECC=^ECCCCCC/3=O	1	1	23	20	3	0	0	0	0	0	1	0	5	2	1	8	O
*OCCCCCC=^ECCO/10=O/7=O/3=O	1	1	13	8	5	0	0	0	0	0	0	0	-	3	2	8	O
*OCCCCCC=^ZCCC=^ZCCC=^ZCCC=^ZCCC=^ZCCCC/3=O	1	1	24	22	2	0	0	0	0	0	0	0	-	1	1	22	O
*OCCCCCC=^ZCCC=^ZCCC=^ZCCCC/3=O	1	1	18	16	2	0	0	0	0	0	0	0	-	1	1	16	O
*OCCCCCCC$4	1	1	8	7	1	0	0	0	0	0	1	0	6	0	0	1	O
*OCCCCCCC/8C/3=O	1	1	10	8	2	0	0	0	0	0	0	0	-	1	1	7	O
*OCCCCCCC=O/3=O	1	1	10	7	3	0	0	0	0	0	0	0	-	2	1	7	O
*OCCCCCCC=^ZCCCCCCCCCCC/3=O	1	1	20	18	2	0	0	0	0	0	0	0	-	1	1	18	O
*OCCCCCCCC=^ZCC=^ZCC=^ZCC=^ZCCCCCC/3=O	1	1	22	20	2	0	0	0	0	0	0	0	-	1	1	20	O
*OCCCCCCCCC$6	1	1	10	9	1	0	0	0	0	0	1	0	6	0	0	3	O
*OCCCCCCCCC=O/3=O	1	1	12	9	3	0	0	0	0	0	0	0	-	2	1	9	O
*OCCCCCCCCC=^ECCC=^ECCC=^ECCC/3=O	1	1	20	18	2	0	0	0	0	0	0	0	-	1	1	18	O
*OCCCCCCCCC=^ECCC=^ECCCCCC/3=O	1	1	20	18	2	0	0	0	0	0	0	0	-	1	1	18	O
*OCCCCCCCCC=^XCCCCCCC/17C/3=O	1	1	19	17	2	0	0	0	0	0	0	0	-	1	1	16	O
*OCCCCCCCCC=^ZCC=^ZCC=^ZCC=^ZCC=^ZCC=^ECCC/3=O	1	1	24	22	2	0	0	0	0	0	0	0	-	1	1	22	O
*OCCCCCCCCC=^ZCCC=^ZCCC=^ZCCC	1	1	19	18	1	0	0	0	0	0	0	0	-	0	0	18	O
*OCCCCCCCCC=^ZCCC=^ZCCCCC/3=O	1	1	19	17	2	0	0	0	0	0	0	0	-	1	1	17	O
*OCCCCCCCCC=^ZCC^XCCCCCCC/13O/3=O	1	1	21	18	3	0	0	0	0	0	0	0	-	1	1	18	O
*OCCCCCCCCCC$5/11C$7/9C$5	1	1	13	12	1	0	0	0	0	0	3	0	6,6,6	0	0	2	O
*OCCCCCCCCCC/11C/3=O	1	1	13	11	2	0	0	0	0	0	0	0	-	1	1	10	O
*OCCCCCCCCCC=^ZCC=^ZCCCCCC/3=O	1	1	20	18	2	0	0	0	0	0	0	0	-	1	1	18	O
*OCCCCCCCCCCC=^ZCCCCCCCCC	1	1	21	20	1	0	0	0	0	0	0	0	-	0	0	20	O
*OCCCCCCCCCCCC/13C/3=O	1	1	15	13	2	0	0	0	0	0	0	0	-	1	1	12	O
*OCCCCCCCCCCCCC	1	1	14	13	1	0	0	0	0	0	0	0	-	0	0	13	O
*OCCCCCCCCCCCCCCCCCC/19C/3=O	1	1	21	19	2	0	0	0	0	0	0	0	-	1	1	18	O
*OCCCCCCCCCCCCCCCCCC/7=C/3=O	1	1	21	19	2	0	0	0	0	0	0	0	-	1	1	18	O
*OCCCCCCCCCCCCCCCCCCCCCCCCC/3=O	1	1	27	25	2	0	0	0	0	0	0	0	-	1	1	25	O
*OCCCCCCCCCCCCCCCCCCCCCCCCCC/3=O	1	1	28	26	2	0	0	0	0	0	0	0	-	1	1	26	O
*OCCCCCCCCCCCCCCCCCCCCCCCCCCCCCC/3=O	1	1	32	30	2	0	0	0	0	0	0	0	-	1	1	30	O
*OCCCCCCCCCCCCCCCCCCNCCCC=O/25N/21CCCN/20=O	1	1	31	25	3	3	0	0	0	0	0	0	-	2	0	18	O
*OCCCCCCCCCCCCCCCCCCS/3=O	1	1	21	18	2	0	1	0	0	0	0	0	-	1	1	18	O
*OCCCCCCCCCCCCCCCCNCC^SCCN/21O/19CCCN/18=O	1	1	29	23	3	3	0	0	0	0	0	0	-	1	0	16	O
*OCCCCCCCCCCCCCCCCO/3=O	1	1	19	16	3	0	0	0	0	0	0	0	-	1	1	16	O
*OCCCCCCCCCCCCCCCSSCC/3=O	1	1	21	17	2	0	2	0	0	0	0	0	-	1	1	15	O
*OCCCCCCCCCCCCCCC^SCCCC/17C/3=O	1	1	22	20	2	0	0	0	0	0	0	0	-	1	1	19	O
*OCCCCCCCCCCCCN/3=O	1	1	15	12	2	1	0	0	0	0	0	0	-	1	1	12	O
*OCCCCCCCCCCN(CCCNC$14/18)=O(/16)=^ECSS($15)/12=O	1	1	22	15	3	2	2	0	0	5	2	1	5,5	2	0	10	O
*OCCCCCCCCCC^SCCCCCCCC/12C/3=O	1	1	21	19	2	0	0	0	0	0	0	0	-	1	1	18	O
*OCCCCCCCCCC^XCCCCCC/12C	1	1	18	17	1	0	0	0	0	0	0	0	-	0	0	16	O
*OCCCCCCCCCC^XCCCCCCCC/12C/3=O	1	1	21	19	2	0	0	0	0	0	0	0	-	1	1	18	O
*OCCCCCCCCC^SC^SCC=^ZC$11/13=O/12CC=^ZCCC/3=O	1	1	21	18	3	0	0	0	0	0	1	0	5	2	1	8	O
*OCCCCCCCCC^XCCCCCCCCCC/11C/3=O	1	1	22	20	2	0	0	0	0	0	0	0	-	1	1	19	O
*OCCCCCCCCN(CCCNC$12/16)=O(/14)=^ECSS($13)/19=O/19=O/10=O	1	1	22	13	5	2	2	0	0	5	2	1	5,5	2	0	8	O
*OCCCCCCCCO	1	1	10	8	2	0	0	0	0	0	0	0	-	0	0	8	O
*OCCCCCCCC^XC=^ZCCCCCCCCC/10O/3=O	1	1	21	18	3	0	0	0	0	0	0	0	-	1	1	18	O
*OCCCCCO	1	1	7	5	2	0	0	0	0	0	0	0	-	0	0	5	O
*OCCCCC^SC=^ECC=^ZCCC=^ZCCC=^ZCCCCCC/7O/3=O	1	1	23	20	3	0	0	0	0	0	0	0	-	1	1	20	O
*OCCCCC^XC=^ECCO/10=O/7O/3=O	1	1	13	8	5	0	0	0	0	0	0	0	-	2	2	8	O
*OCCCCN(CCCCCC$8/9)CN$6/14=O/3=O	1	1	16	11	3	2	0	0	0	6	2	1	6,6	2	1	3	O
*OCCCCO/4=C/3=O	1	1	8	5	3	0	0	0	0	0	0	0	-	1	1	4	O
*OCCCC^SC^RC^SCCC^SCC$8/11C$7/10=C/8C=^ZCC$6/18=O/6C/3=O	1	1	20	17	3	0	0	0	0	0	3	0	6,6,6	2	1	3	O
*OCCCN	1	1	5	3	1	1	0	0	0	0	0	0	-	0	0	3	O
*OCCCO/4=^ECC/3=O	1	1	8	5	3	0	0	0	0	0	0	0	-	1	1	4	O
*OCCCO/4=^ZCC/3=O	1	1	8	5	3	0	0	0	0	0	0	0	-	1	1	4	O
*OCCC^R(CCCOC$6/10)=O(/8)=O(/7)C/5O/3=O	1	1	14	8	6	0	0	0	0	5	1	1	5	3	3	3	O
*OCCC^RCCCCCCC/5OC	1	1	13	11	2	0	0	0	0	0	0	0	-	0	0	10	O
*OCCC^XCC(CCCCCC$8/12)Cl(/9)OC$6/7=O/5C^XCCCCC$18/23=O/19=^ZNC$4/26C/3=O	1	1	27	20	5	1	0	0	1	6	4	1	6,6,6,6	3	1	1	O
*OCCC^XCCO/7=O/5C/5O/3=O	1	1	11	6	5	0	0	0	0	0	0	0	-	2	2	5	O
*OCCN(CCCCCC$6/11)C(/8)SNCCOCC$14/13=O/13=O/4=O	1	1	21	13	5	2	1	0	0	6	2	1	6,6	1	0	2	O
*OCCN(CCCCCC$6/9)O(CCCCCC$13/16)CCC/19C/19C/4=O	1	1	23	19	3	1	0	0	0	12	2	2	6,6	1	0	4	O
*OCCN*	1	1	4	2	1	1	0	0	0	0	0	0	-	0	0	2	O
*OCCNCC/5CC	1	1	8	6	1	1	0	0	0	0	0	0	-	0	0	2	O
*OCCNC^XCC(CCCCCC$9)/6C/4=O	1	1	15	12	2	1	0	0	0	6	1	1	6	1	0	4	O
*OCCNS(CCCCCC$7/10)C/6=O/6=O/3=O	1	1	15	9	4	1	1	0	0	6	1	1	6	1	1	2	O
*OCCOCC^XC/7N	1	1	8	5	2	1	0	0	0	0	0	0	-	0	0	3	O
*OCCOCNC/6=O	1	1	8	4	3	1	0	0	0	0	0	0	-	1	1	2	O
*OCCOCNCCCNCOCC/12=O/6=O	1	1	16	9	5	2	0	0	0	0	0	0	-	2	2	3	O
*OCCOCNCCCNCOCC/12=O/6=O/2$15	1	1	16	9	5	2	0	0	0	0	1	0	14	2	2	0	O
*OCC^R(CCCCCCC$6/7NC$5)/4C/3=O	1	1	14	11	2	1	0	0	0	9	2	2	5,6	1	1	3	O
*OCC^RC(CCCCCC$6)/4CC=^XCCC^RC(CCCCCC$18)/16CO*/24=O/3=O	1	1	26	22	4	0	0	0	0	12	2	2	6,6	2	2	8	O
*OCC^RCC/4C/3=O	1	1	7	5	2	0	0	0	0	0	0	0	-	1	1	4	O
*OCC^RCS/4N/3=O	1	1	7	3	2	1	1	0	0	0	0	0	-	1	1	3	O
*OCC^RC^RCCCCCCCCCCCCCCC/5O/4CCCCCCCCCCCCCC/3=O	1	1	35	32	3	0	0	0	0	0	0	0	-	1	1	31	O
*OCC^RC^RCCCCCCCCCCCCCCCCC=^ZCCCCCCCCCCCCCCC=^ZCCCCCCCCCCCCCCCCCCCCC/5O/4CCCCCCCCCCCCCCCCCCCCCCCC/3=O	1	1	83	80	3	0	0	0	0	0	0	0	-	1	1	79	O
*OCC^RC^RCCCCCCCCCCCCCCCCCCC/5O/4CCCCCCCCCCCCCC/3=O	1	1	39	36	3	0	0	0	0	0	0	0	-	1	1	35	O
*OCC^RC^RCCCCCCCCCCCCCCCCCCCC=^ZCCCCCCCCCC=^ZCCCCCCCCCCCCCCCCCCC/5O/4CCCCCCCC/3=O	1	1	63	60	3	0	0	0	0	0	0	0	-	1	1	59	O
*OCC^RNCC^RC/7N/6=O/4C/3=O	1	1	11	6	3	2	0	0	0	0	0	0	-	2	1	3	O
*OCC^RO(CCCCCC$6/9)O(CNCCCCCC$15/16NC$13/18)Cl/4C/3=O	1	1	24	17	4	2	0	0	1	16	3	3	6,6,6	1	1	3	O
*OCC^SC(CCCCCC$6)/4N/3=O	1	1	12	9	2	1	0	0	0	6	1	1	6	1	1	3	O
*OCC^SC(CCCCCC$6/8)Br/4CC=^XCCC^SCO*/18=O/17C(CCCCCC$23/25)Br/3=O	1	1	28	22	4	0	0	0	2	12	2	2	6,6	2	2	8	O
*OCC^SC(CCCCCC$6/9)O/4N/3=O	1	1	13	9	3	1	0	0	0	6	1	1	6	1	1	3	O
*OCC^SC(CCCCCCC$7/8NC$6)/4N/3=O	1	1	15	11	2	2	0	0	0	9	2	2	5,6	1	1	3	O
*OCC^SC(CCNCN$6)/4N/3=O	1	1	11	6	2	3	0	0	0	5	1	1	5	1	1	3	O
*OCC^SC/4N/3=O	1	1	6	3	2	1	0	0	0	0	0	0	-	1	1	3	O
*OCC^SCCC/6C/4N/3=O	1	1	9	6	2	1	0	0	0	0	0	0	-	1	1	5	O
*OCC^SCCCN$4/3=O	1	1	8	5	2	1	0	0	0	0	1	0	5	1	1	1	O
*OCC^SCCCN/7=O/4N/3=O	1	1	10	5	3	2	0	0	0	0	0	0	-	2	1	5	O
*OCC^SCCCNCN/9=N/4N/3=O	1	1	12	6	2	4	0	0	0	0	0	0	-	1	1	5	O
*OCC^SCCCO/7=O/4N/3=O	1	1	10	5	4	1	0	0	0	0	0	0	-	2	2	5	O
*OCC^SCCN/6=O/4N/3=O	1	1	9	4	3	2	0	0	0	0	0	0	-	2	1	4	O
*OCC^SCCO/6=O/4N/3=O	1	1	9	4	4	1	0	0	0	0	0	0	-	2	2	4	O
*OCC^SCCSC/4N/3=O	1	1	9	5	2	1	1	0	0	0	0	0	-	1	1	4	O
*OCC^SCCSC/4NC=O/3=O	1	1	11	6	3	1	1	0	0	0	0	0	-	2	1	4	O
*OCC^SCC^SCCCCCCCCCCCCCCCCCC/6C/4C/3=O	1	1	26	24	2	0	0	0	0	0	0	0	-	1	1	22	O
*OCC^SCC^SCC^SCCCCCCCCCCCCCCCCCC/8C/6C/4C/3=O	1	1	29	27	2	0	0	0	0	0	0	0	-	1	1	24	O
*OCC^SCC^SCC^SCC^SCCCCCCCCCCCCCCCC/10C/8C/6C/4C/3=O	1	1	30	28	2	0	0	0	0	0	0	0	-	1	1	24	O
*OCC^SCC^SCC^SCC^SCCCCCCCCCCCCCCCCCCCCCC/10C/8C/6C/4C/3=O	1	1	36	34	2	0	0	0	0	0	0	0	-	1	1	30	O
*OCC^SCC^SCC^SCC^SCC^SCC^SCC^SCC^SCCCCCCCCCCCCCCCC/18C/16C/14C/12C/10C/8C/6C/4C/3=O	1	1	42	40	2	0	0	0	0	0	0	0	-	1	1	32	O
*OCC^SCO/4N/3=O	1	1	7	3	3	1	0	0	0	0	0	0	-	1	1	3	O
*OCC^SC^RC/5O/4C/3=O	1	1	8	5	3	0	0	0	0	0	0	0	-	1	1	4	O
*OCC^SC^RC/5O/4N/3=O	1	1	8	4	3	1	0	0	0	0	0	0	-	1	1	4	O
*OCC^SC^RCC^SC^R$3/8O/7N/5N/4O	1	1	11	6	3	2	0	0	0	0	1	0	6	0	0	0	O
*OCC^SC^RC^RC^S$3/7O/6O/5O/4O	1	1	10	5	5	0	0	0	0	0	1	0	5	0	0	0	O
*OCC^SC^SCC/5C/4N/3=O	1	1	9	6	2	1	0	0	0	0	0	0	-	1	1	5	O
*OCC^SC^SC^RCCCCCCCCCCCCCC/6O/5O/4NCCCCCCCCCCCCCCCCCCCCCCCCCC/24=O	1	1	49	44	4	1	0	0	0	0	0	0	-	1	0	26	O
*OCC^SNCCCCCCC=^ZCCCCCCCC=^ECC=^ECCCCCC/6=O/4C^SC=^ECCCCCCCCCCCCCC/30O	1	1	45	41	3	1	0	0	0	0	0	0	-	1	0	23	O
*OCC^SNCCCCCCCCCCCCCCCC/6=O/4C^RC=^ECCCCCCCCCCCCCC/23O	1	1	38	34	3	1	0	0	0	0	0	0	-	1	0	18	O
*OCC^XC/4N	1	1	5	3	1	1	0	0	0	0	0	0	-	0	0	3	O
*OCC^XC/4N/3=O	1	1	6	3	2	1	0	0	0	0	0	0	-	1	1	3	O
*OCC^XCC/4C/3=O	1	1	7	5	2	0	0	0	0	0	0	0	-	1	1	4	O
*OCC^XCC=^ZCCC$4	1	1	8	7	1	0	0	0	0	0	1	0	6	0	0	1	O
*OCC^XCCCCCCCCCCCCCCCC/4C/3=O	1	1	21	19	2	0	0	0	0	0	0	0	-	1	1	18	O
*OCC^XC^XCCCCCCCCCCCCCCC/5O/4CCCCCCCCCCCCCC/3=O	1	1	35	32	3	0	0	0	0	0	0	0	-	1	1	31	O
*OCC^XC^XCCCCCCCCCCCCCCCCC=^ECCCCCCCCCCCCCCCCCCCOC^XCCCCCCCCCCCCCCCCC/43C/41=O/5O/4CCCCCCCCCCCCCCCCCCCCCC/3=O	1	1	85	80	5	0	0	0	0	0	0	0	-	2	2	60	O
*OCC^XC^XCCCCCCCCCCCCCCCCCCCCCCCCCCCCC/5O/4CCCCCCCCCCCCCC/3=O	1	1	49	46	3	0	0	0	0	0	0	0	-	1	1	45	O
*OCC^XNC(CCCCCC$7/9)NC=O(/8)O/6=O/4C^RO*/18C/3=O	1	1	20	12	6	2	0	0	0	6	1	1	6	3	1	4	O
*OCF/3F	1	1	4	1	1	0	0	0	2	0	0	0	-	0	0	1	O
*OCN(CCCCCC$5/7)CC/3=O	1	1	12	9	2	1	0	0	0	6	1	1	6	1	1	2	O
*OCN(CCCCCC$5/7CCCC$6)/3=O	1	1	14	11	2	1	0	0	0	10	2	2	6,6	1	1	1	O
*OCN(CCCCCC$5/8)CF/11F/11F/3=O	1	1	14	8	2	1	0	0	3	6	1	1	6	1	1	1	O
*OCN(CCCCCC$5/8)Cl/3=O	1	1	11	7	2	1	0	0	1	6	1	1	6	1	1	1	O
*OCN(CCCCCC$5/8)O(CCCCCC$12)/3=O	1	1	17	13	3	1	0	0	0	12	2	2	6,6	1	1	1	O
*OCN(CCCCCC$5/8)OC/3=O	1	1	12	8	3	1	0	0	0	6	1	1	6	1	1	1	O
*OCN(CCCNCC$5)/3=O	1	1	10	6	2	2	0	0	0	6	1	1	6	1	1	1	O
*OCN*/3=O	1	1	4	1	2	1	0	0	0	0	0	0	-	1	1	1	O
*OCNC/3=O	1	1	5	2	2	1	0	0	0	0	0	0	-	1	1	1	O
*OCNCCCC/3=O	1	1	8	5	2	1	0	0	0	0	0	0	-	1	1	4	O
*OCNCCCOC(CCCCCC$10)/9=O/7=O/3=O	1	1	17	11	5	1	0	0	0	6	1	1	6	3	3	3	O
*OCNCCN(CNCCCCCCCN$8/15$10/16)N(/13)OC(/12)OC(/11)OC/7CC$4/3=O	1	1	26	16	5	5	0	0	0	10	3	2	6,6,6	1	1	1	O
*OCNCCOC/3=O	1	1	8	4	3	1	0	0	0	0	0	0	-	1	1	2	O
*OCNC^SC^RCNS(CCCCCC$10/13)N/9=O/9=O/8CCC/20C/6OPO/24O/24=O/5C(CCCCCC$29)/3=O	1	1	34	21	8	3	1	1	0	12	2	2	6,6	1	1	4	O
*OCO	1	1	3	1	2	0	0	0	0	0	0	0	-	0	0	1	O
*OCO*	1	1	3	1	2	0	0	0	0	0	0	0	-	0	0	1	O
*OCO*/3(CCCCCC$6)/3(CCCCCC$12)	1	1	15	13	2	0	0	0	0	12	2	2	6,6	0	0	1	O
*OCO*/3(CCCCCC$6/7)Cl	1	1	10	7	2	0	0	0	1	6	1	1	6	0	0	1	O
*OCO*/3=O	1	1	4	1	3	0	0	0	0	0	0	0	-	1	1	1	O
*OCO*/3CC(CCCCCC$8/9)OC$6/7=O	1	1	14	10	4	0	0	0	0	6	2	1	6,6	1	0	1	O
*OCO*/3CC/3C	1	1	6	4	2	0	0	0	0	0	0	0	-	0	0	4	O
*OCO*/3CC/3CC	1	1	7	5	2	0	0	0	0	0	0	0	-	0	0	5	O
*OCO*/3CC/6C/3CC/9C	1	1	9	7	2	0	0	0	0	0	0	0	-	0	0	5	O
*OCO*/3CCC/7C	1	1	7	5	2	0	0	0	0	0	0	0	-	0	0	4	O
*OCO*/3CCCCCCCCCCCCCCC	1	1	18	16	2	0	0	0	0	0	0	0	-	0	0	16	O
*OCO*/3CCNCCNCCCN(CCCCCC$16)/15(CCCCCC$22/23)S($17/20)CF/29F/29F/11CC$8	1	1	32	23	2	3	1	0	3	12	4	2	6,6,6,6	0	0	3	O
*OCO*/3CCl/6Cl/6Cl	1	1	7	2	2	0	0	0	3	0	0	0	-	0	0	2	O
*OCO*/3C^XCC/6C	1	1	7	5	2	0	0	0	0	0	0	0	-	0	0	4	O
*OCOC	1	1	4	2	2	0	0	0	0	0	0	0	-	0	0	1	O
*OCPO/4O/4=O	1	1	6	1	4	0	0	1	0	0	0	0	-	0	0	1	O
*OC^R(NCCNC$4/6)CNC=^ZN($5)/11N/9=O/3CO	1	1	15	7	3	5	0	0	0	5	2	1	5,6	1	0	2	O
*OC^RC*/3C^SC^SC^RC^RC^SC^R$6/11C/11O/10O/9OC(CCNCCC$17)/16=O/8C=^ZCCC$7/24C/8C/6C	1	1	28	22	5	1	0	0	0	6	3	1	6,6,6	1	1	2	O
*OC^RCC^RC=^ECC^SC^RC^R$3/10O/9C/8CCC^SCOC/15$7/5CCCCC/22C/21=^Z$4/5C	1	1	24	21	3	0	0	0	0	0	3	0	5,5,8	0	0	3	O
*OC^RCC^SC^SCOC/7=O/6CC$3/5COC/13=O	1	1	15	10	5	0	0	0	0	0	1	0	6	2	2	1	O
*OC^RCNC^SCNC^RCCCNCCCCC^RCO/19=O/18N/12=O/9CO/24=O/7=O/6C/4=O/3C	1	1	29	17	8	4	0	0	0	0	0	0	-	5	2	6	O
*OC^RCNC^SCNC^RCCCNC^RCCCCNCCCCCCCCCCCCCCCCCC/20=O/14C=O/39O/12=O/9CN/43=O/7=O/6C/4=O/3C	1	1	48	35	8	5	0	0	0	0	0	0	-	6	1	18	O
*OC^RCNC^SCNC^RCCCNC^SCCCCNCCCCCCCCCCCCCCCCCC/20=O/14CO/39=O/12=O/9CN/43=O/7=O/6C/4=O/3C	1	1	48	35	8	5	0	0	0	0	0	0	-	6	1	18	O
*OC^RCNC^SCNC^RCN/10=O/9CCCO/15=O/7=O/6C/4=O/3C	1	1	20	11	6	3	0	0	0	0	0	0	-	4	1	5	O
*OC^RCNC^SCNC^RCNCCCCC^RCO/17=O/16N/10=O/9CCCO/24=O/7=O/6C/4=O/3C	1	1	29	17	8	4	0	0	0	0	0	0	-	5	2	6	O
*OC^RCNC^SCNC^RCO/10=O/9CCCN/15=O/7=O/6C/4=O/3C	1	1	20	11	6	3	0	0	0	0	0	0	-	4	1	5	O
*OC^RCNC^SCNC^SCO/10=O/9CCCN/15=O/7=O/6C/4=O/3C	1	1	20	11	6	3	0	0	0	0	0	0	-	4	1	5	O
*OC^RCO/3O	1	1	5	2	3	0	0	0	0	0	0	0	-	0	0	2	O
*OC^RC^RCC^RCC^S$3/8N/6N/4O	1	1	10	6	2	2	0	0	0	0	1	0	6	0	0	0	O
*OC^RC^RC^RCC=^ZC$3/5CO/4O	1	1	10	7	3	0	0	0	0	0	1	0	6	0	0	1	O
*OC^RC^RC^SCC^SC$3/7O/5O/4O	1	1	10	6	4	0	0	0	0	0	1	0	6	0	0	0	O
*OC^RC^RC^SC^RCC^S$3/8N/6N/5O/4O	1	1	11	6	3	2	0	0	0	0	1	0	6	0	0	0	O
*OC^RC^RN/4O/3C	1	1	6	3	2	1	0	0	0	0	0	0	-	0	0	3	O
*OC^RC^SC=^ECC=^ECCC^RC*/10C/9=O/4C/3C	1	1	14	12	2	0	0	0	0	0	0	0	-	1	0	10	O
*OC^RC^SC^RC^SC^SC^R$3/8O/7O/6O/5O/4OPO/14O/14=O	1	1	16	6	9	0	0	1	0	0	1	0	6	0	0	0	O
*OC^RN*/3COCCOC	1	1	9	5	3	1	0	0	0	0	0	0	-	0	0	2	O
*OC^RO*/3(CCCCCC$6)/3CC	1	1	11	9	2	0	0	0	0	6	1	1	6	0	0	3	O
*OC^RO*/3(CCCCCC$6/9)Cl(/7)Cl/3C(NCNCC$15)	1	1	17	11	2	2	0	0	2	11	2	2	5,6	0	0	2	O
*OC^S(CCCCCC$4)/3CN	1	1	10	8	1	1	0	0	0	6	1	1	6	0	0	2	O
*OC^S*/3C	1	1	3	2	1	0	0	0	0	0	0	0	-	0	0	2	O
*OC^SCC^SC^SC^SC^RC^SC^RC^RCC=^ZCCOC$12/15=O/11CC$9/10CC$7/10C/9O/8CC$5/6CC$3/6C=O/5OCC/32=O	1	1	33	26	7	0	0	0	0	0	5	0	5,6,6,6,6	3	2	2	O
*OC^SCO/4=O/3C	1	1	6	3	3	0	0	0	0	0	0	0	-	1	1	3	O
*OC^SC^RC^RC=^ZCCCC=^ECC$3/11C/7CO/5OCC$4/18=C/17=O	1	1	19	15	4	0	0	0	0	0	2	0	5,10	1	1	1	O
*OC^SC^RC^RCC^SC^R$3/8O/7O/5CO/4O	1	1	12	7	5	0	0	0	0	0	1	0	6	0	0	1	O
*OC^SC^RC^SCCC^SCC/9C/8C$3/7=O/6=^ECCC$5/14C/5O/4C/4O	1	1	19	15	4	0	0	0	0	0	2	0	5,7	1	0	3	O
*OC^SC^RC^SC^RC^R$3/7N/6O/5O/4CO/4O	1	1	12	6	5	1	0	0	0	0	1	0	5	0	0	1	O
*OC^SO*/3(CCCCCC$6/9)Cl(/7)Cl/3C(NCNCC$15)	1	1	17	11	2	2	0	0	2	11	2	2	5,6	0	0	2	O
*OC^XCCC^XNCC/8=O/6CO$3	1	1	11	7	3	1	0	0	0	0	1	0	6	1	0	2	O
*OC^XCCl/4Cl/4Cl/3O	1	1	7	2	2	0	0	0	3	0	0	0	-	0	0	2	O
*OC^XCNC^SCNC^XCCCNC^SCO/15=O/14CCCCN/12=O/9CO/24=O/7=O/6C/4=O/3C	1	1	29	17	8	4	0	0	0	0	0	0	-	5	2	6	O
*OC^XC^XCC/5C/4CCC^XC$3/10C	1	1	11	10	1	0	0	0	0	0	1	0	6	0	0	3	O
*OC^XC^XNC(CCCCCC$7/9)NC=O(/8)O/6=O/4CO*/18=O/3C	1	1	20	12	6	2	0	0	0	6	1	1	6	3	1	4	O
*OC^XN*/3COCCOC	1	1	9	5	3	1	0	0	0	0	0	0	-	0	0	2	O
*OC^XO(CCCCCC$5/8)OC=^ZC(CCCCCC$14/15)OSO/21=O/21=O/13C($7/6)O/25=O/3C=O	1	1	28	17	10	0	1	0	0	12	3	2	6,6,6	2	0	2	O
*OC^XO*/3CI	1	1	5	2	2	0	0	0	1	0	0	0	-	0	0	2	O
*OPO*/3=O/3S	1	1	5	0	3	0	1	1	0	0	0	0	-	0	0	0	O
*OPO/3O	1	1	4	0	3	0	0	1	0	0	0	0	-	0	0	0	O
*OP^RO/3=O/3S	1	1	5	0	3	0	1	1	0	0	0	0	-	0	0	0	O
*OP^ROCC(CCCCCC$7)/3O/3=O	1	1	13	8	4	0	0	1	0	6	1	1	6	0	0	2	O
*OP^ROCCCC/3O/3=O	1	1	9	4	4	0	0	1	0	0	0	0	-	0	0	4	O
*OP^ROP^ROCCN/5O/5=O/3O/3=O	1	1	12	2	7	1	0	2	0	0	0	0	-	0	0	2	O
*OP^ROP^SOCC=^ZCCCC=^ZCCCC=^ZCCCC=CC/21C/17C/13C/9C/5O/5=O/3O/3=O	1	1	29	20	7	0	0	2	0	0	0	0	-	0	0	16	O
*OP^ROP^SOCCCC(NCCNC$11/15)N(/13)CNC=^ZN($12)/17=O/5O/5=O/3O/3=O	1	1	24	9	8	5	0	2	0	5	2	1	5,6	1	0	4	O
*OP^SO(CCCCCC$5)/3NC^SCOCC/15C/13=O/12C/3=O	1	1	19	12	5	1	0	1	0	6	1	1	6	1	1	3	O
*OP^SOCC/5C/3O/3=O	1	1	8	3	4	0	0	1	0	0	0	0	-	0	0	3	O
*OP^SOCCCC/3O/3=O	1	1	9	4	4	0	0	1	0	0	0	0	-	0	0	4	O
*OP^SOCCNC/7C/7C/3O/3=O	1	1	11	5	4	1	0	1	0	0	0	0	-	0	0	2	O
*OP^SOP=OC/5O/5O/3O/3=O	1	1	10	1	7	0	0	2	0	0	0	0	-	0	0	1	O
*OP^SOPO/5O/5=O/3O/3=O	1	1	9	0	7	0	0	2	0	0	0	0	-	0	0	0	O
*OP^SOP^ROCC=^ZCCCC=^ZCCCC=^ZCCCC=CC/21C/17C/13C/9C/5O/5=O/3O/3=O	1	1	29	20	7	0	0	2	0	0	0	0	-	0	0	16	O
*OP^XCCCCCCCCCCCCCCCC/3=O/3O	1	1	20	16	3	0	0	1	0	0	0	0	-	0	0	16	O
*OP^XCCC^SCCO/8=O/6N/5=O/3O/3=O	1	1	13	5	6	1	0	1	0	0	0	0	-	2	1	5	O
*OP^XCPO/5O/5=O/3O/3=O	1	1	9	1	6	0	0	2	0	0	0	0	-	0	0	1	O
*OP^XCP^XOPO/7O/7=O/5O/5=O/3O/3=O	1	1	13	1	9	0	0	3	0	0	0	0	-	0	0	1	O
*OP^XN(CCCCCC$5/6)CO/11=O/3O/3=O	1	1	14	7	5	1	0	1	0	6	1	1	6	1	1	1	O
*OP^XN/3O/3=O	1	1	5	0	3	1	0	1	0	0	0	0	-	0	0	0	O
*OP^XNCCCCC^SCO/10=O/9N/3O/3=O	1	1	14	6	5	2	0	1	0	0	0	0	-	1	1	6	O
*OP^XNCCCCC^SCOC/10=O/9NCC/15=O/3O/3=O	1	1	18	9	6	2	0	1	0	0	0	0	-	2	1	6	O
*OP^XNCCOCC$4/3NCCCCC^SCO/16=O/15NCC/20=O/3=O	1	1	22	12	6	3	0	1	0	0	1	0	6	2	1	6	O
*OP^XNCCOCC$4/3O/3=O	1	1	10	4	4	1	0	1	0	0	1	0	6	0	0	0	O
*OP^XNCC^SCCO/8=O/6N/5=O/3OCCCN/3=O	1	1	17	7	6	3	0	1	0	0	0	0	-	2	1	4	O
*OP^XNC^SC(CCCCCC$7)/5CO/13=O/3O/3=O	1	1	16	9	5	1	0	1	0	6	1	1	6	1	1	3	O
*OP^XO(CCCCCC$5/8)CC^SCO/13=O/12N/3O/3=O	1	1	17	9	6	1	0	1	0	6	1	1	6	1	1	3	O
*OP^XO(CCCCCCC$6/7NC$5/11)Cl(/10)Br/3O/3=O	1	1	16	8	4	1	0	1	2	9	2	2	5,6	0	0	0	O
*OP^XOC(CCCCCC$6/7)O/5=O/3O/3=O	1	1	14	7	6	0	0	1	0	6	1	1	6	1	1	1	O
*OP^XOC(CCCCCC$6/8)O(/7)O/5=O/3O/3=O	1	1	15	7	7	0	0	1	0	6	1	1	6	1	1	1	O
*OP^XOC(CCCCCC$6/9)C(/8)O(/7)N/5=O/3O/3=O	1	1	16	8	6	1	0	1	0	6	1	1	6	1	1	1	O
*OP^XOC(CCCCCC$6/9)O/5=O/3O/3=O	1	1	14	7	6	0	0	1	0	6	1	1	6	1	1	1	O
*OP^XOCC/3O/3=O	1	1	7	2	4	0	0	1	0	0	0	0	-	0	0	2	O
*OP^XOCC/5=O/3O/3=O	1	1	8	2	5	0	0	1	0	0	0	0	-	1	1	2	O
*OP^XOCCC/5=O/3O/3=O	1	1	9	3	5	0	0	1	0	0	0	0	-	1	1	3	O
*OP^XOCCCC/5=O/3O/3=O	1	1	10	4	5	0	0	1	0	0	0	0	-	1	1	4	O
*OP^XOCCCCCC/5=O/3O/3=O	1	1	12	6	5	0	0	1	0	0	0	0	-	1	1	6	O
*OP^XOCCCCCCCCCCCC/5=O/3=O/3O	1	1	18	12	5	0	0	1	0	0	0	0	-	1	1	12	O
*OP^XOCCCCCCCCCCCCCC/5=O/3=O/3O	1	1	20	14	5	0	0	1	0	0	0	0	-	1	1	14	O
*OP^XOCCCCCCCCCCCCCCCC/3=O/3O	1	1	21	16	4	0	0	1	0	0	0	0	-	0	0	16	O
*OP^XOCCCCCCCCCCCCCCCC/5=O/3=O/3O	1	1	22	16	5	0	0	1	0	0	0	0	-	1	1	16	O
*OP^XOCCCCCCCCCCCCCCCCC(CCCCCC$22/25)O/5=O/3=O/3O	1	1	30	23	6	0	0	1	0	6	1	1	6	1	1	17	O
*OP^XOCCCCCCCCCCCCCCCCCC/3=O/3O	1	1	23	18	4	0	0	1	0	0	0	0	-	0	0	18	O
*OP^XOCCCCCCCCCCCCCCCCCCC(CCCCCC$24/27)O/5=O/3=O/3O	1	1	32	25	6	0	0	1	0	6	1	1	6	1	1	19	O
*OP^XOCCCCCCN/3O/3=O	1	1	12	6	4	1	0	1	0	0	0	0	-	0	0	6	O
*OP^XOCCCCCC^RCCSS$10/5=O/3O/3=O	1	1	16	8	5	0	2	1	0	0	1	0	5	1	1	5	O
*OP^XOCCCCCC^SC^SC^RNCN$11/14=O/12CS$10/5=O/3O/3=O	1	1	20	10	6	2	1	1	0	0	2	0	5,5	2	1	5	O
*OP^XOCCCCCC^XCCSS$10/5=O/3O/3=O	1	1	16	8	5	0	2	1	0	0	1	0	5	1	1	5	O
*OP^XOCCCCC^SCO/10=O/9N/5=O/3O/3=O	1	1	15	6	7	1	0	1	0	0	0	0	-	2	2	6	O
*OP^XOCCCN/3O/3=O	1	1	9	3	4	1	0	1	0	0	0	0	-	0	0	3	O
*OP^XOCCN/5=O/3O/3=O	1	1	9	2	5	1	0	1	0	0	0	0	-	1	1	2	O
*OP^XOCCNC/7C/3O/3=O	1	1	10	4	4	1	0	1	0	0	0	0	-	0	0	2	O
*OP^XOCCNCCCC/8=O/3O/3=O	1	1	13	6	5	1	0	1	0	0	0	0	-	1	0	4	O
*OP^XOCCNCCCC=^ZCCC=^ZCCC=^ZCCC=^ZCCC=^ZCCC=^ZCCC/8=O/3=O/3O	1	1	31	24	5	1	0	1	0	0	0	0	-	1	0	22	O
*OP^XOCCNCCCCCC/8=O/3O/3=O	1	1	15	8	5	1	0	1	0	0	0	0	-	1	0	6	O
*OP^XOCCNCCCCCCCC/8=O/3O/3=O	1	1	17	10	5	1	0	1	0	0	0	0	-	1	0	8	O
*OP^XOCCNCCCCCCCCCC/8=O/3=O/3O	1	1	19	12	5	1	0	1	0	0	0	0	-	1	0	10	O
*OP^XOCCNCCCCCCCCCCCC/8=O/3=O/3O	1	1	21	14	5	1	0	1	0	0	0	0	-	1	0	12	O
*OP^XOCCNCCCCCCCCCCCCCC/8=O/3=O/3O	1	1	23	16	5	1	0	1	0	0	0	0	-	1	0	14	O
*OP^XOCCSC/7C/3O/3=O	1	1	10	4	4	0	1	1	0	0	0	0	-	0	0	2	O
*OP^XOCC^RCO/6N/5=O/3O/3=O	1	1	11	3	6	1	0	1	0	0	0	0	-	1	1	3	O
*OP^XOCC^SC(CCCCCC$8/11)O(/10)O/6N/5=O/3=O/3O	1	1	18	9	7	1	0	1	0	6	1	1	6	1	1	3	O
*OP^XOCC^SCO/6N/5=O/3O/3=O	1	1	11	3	6	1	0	1	0	0	0	0	-	1	1	3	O
*OP^XOCC^SC^RC/7O/6N/5=O/3O/3=O	1	1	12	4	6	1	0	1	0	0	0	0	-	1	1	4	O
*OP^XOCC^SC^SCC^SC^R$5/10O/9O/8O/7O/6O/3O/3=O	1	1	16	6	9	0	0	1	0	0	1	0	6	0	0	0	O
*OP^XOCN/5=O/3O/3=O	1	1	8	1	5	1	0	1	0	0	0	0	-	1	1	1	O
*OP^XOCNC^SCO/8=O/7C^RC/11O/5=O/3O/3=O	1	1	15	5	8	1	0	1	0	0	0	0	-	2	2	4	O
*OP^XOC^RC^SCO/7=O/6N/5C/3O/3=O	1	1	12	4	6	1	0	1	0	0	0	0	-	1	1	4	O
*OP^XOC^SCNC^SC=O/9O/8CCCO/14=O/6=O/5CCCO/20=O/3=O/3O	1	1	23	10	11	1	0	1	0	0	0	0	-	4	3	5	O
*OP^XOC^XCNC^SC=O/9O/8CCCO/14=O/6=O/5CCCO/20=O/3=O/3O	1	1	23	10	11	1	0	1	0	0	0	0	-	4	3	5	O
*OP^XOPO/5O/5=S/3O/3=O	1	1	9	0	6	0	1	2	0	0	0	0	-	0	0	0	O
*OP^XOP^XCCN/5O/5=O/3O/3=O	1	1	11	2	6	1	0	2	0	0	0	0	-	0	0	2	O
*OP^XOP^XCCNC/8C/8C/5O/5=O/3O/3=O	1	1	14	5	6	1	0	2	0	0	0	0	-	0	0	2	O
*OP^XOP^XCO/6=O/5O/5=O/3O/3=O	1	1	11	1	8	0	0	2	0	0	0	0	-	1	1	1	O
*OP^XOP^XCPO/7O/7=O/6Cl/6Cl/5O/5=O/3O/3=O	1	1	15	1	9	0	0	3	2	0	0	0	-	0	0	1	O
*OP^XOP^XNPO/7O/7=O/5O/5=O/3O/3=O	1	1	13	0	9	1	0	3	0	0	0	0	-	0	0	0	O
*OP^XOP^XOCC(CCNCS$9/12)CO/14=O(/10)C/5O/5=O/3O/3=O	1	1	20	7	9	1	1	2	0	5	1	1	5	1	1	2	O
*OP^XOP^XOCC/5O/5=O/3O/3=O	1	1	11	2	7	0	0	2	0	0	0	0	-	0	0	2	O
*OP^XOP^XOCCNC/5O/5=O/3O/3=O	1	1	13	3	7	1	0	2	0	0	0	0	-	0	0	2	O
*OP^XOP^XOCCNC/9C/5O/5=O/3O/3=O	1	1	14	4	7	1	0	2	0	0	0	0	-	0	0	2	O
*OP^XOP^XOCCNC/9C/9C/5O/5=O/3O/3=O	1	1	15	5	7	1	0	2	0	0	0	0	-	0	0	2	O
*OP^XOP^XOCC^SC^SCC^RC^S$7/12O/11O/10O/9O/8O/5=O/5O/3O/3=O	1	1	20	6	12	0	0	2	0	0	1	0	6	0	0	0	O
*OP^XOP^XOC^SCO/8=O/7C/5O/5=O/3O/3=O	1	1	14	3	9	0	0	2	0	0	0	0	-	1	1	3	O
*OP^XOP^XOC^SC^RC^SC^RCCO/11=^ZC$7/10O/9O/8O/5O/5=O/3O/3=O	1	1	20	7	11	0	0	2	0	0	1	0	6	0	0	1	O
*OP^XOP^XOPO/7O/7=S/5O/5=O/3O/3=O	1	1	13	0	9	0	1	3	0	0	0	0	-	0	0	0	O
*OP^XOP^XOP^XNCCCCCCCCN/7=O/7O/5=O/5O/3=O/3O	1	1	22	8	9	2	0	3	0	0	0	0	-	0	0	8	O
*OP^XOP^XOP^XOCC=C/7O/7=O/5O/5=O/3O/3=O	1	1	16	3	10	0	0	3	0	0	0	0	-	0	0	3	O
*OP^XOP^XOP^XOCC=CC/11C/7O/7=O/5O/5=O/3O/3=O	1	1	18	5	10	0	0	3	0	0	0	0	-	0	0	4	O
*OP^XOP^XOP^XOCC=^XCC/7O/7=O/5O/5=O/3O/3=O	1	1	17	4	10	0	0	3	0	0	0	0	-	0	0	4	O
*OP^XOP^XOP^XOCCCC/11=C/7O/7=O/5O/5=O/3O/3=O	1	1	18	5	10	0	0	3	0	0	0	0	-	0	0	4	O
*OP^XOP^XOP^XOPO/9O/9=O/7O/7=O/5O/5=O/3O/3=O	1	1	17	0	13	0	0	4	0	0	0	0	-	0	0	0	O
*OP^XOP^XOP^XOP^XOPO/11O/11=O/9=O/9O/7=O/7O/5=O/5O/3O/3=O	1	1	21	0	16	0	0	5	0	0	0	0	-	0	0	0	O
*OS(CCCCCC$4)/3=O/3=O	1	1	10	6	3	0	1	0	0	6	1	1	6	0	0	0	O
*OS(CCCCCC$4/7)Cl/3=O/3=O	1	1	11	6	3	0	1	0	1	6	1	1	6	0	0	0	O
*OS(CCCCCC$4/7)OC/3=O/3=O	1	1	12	7	4	0	1	0	0	6	1	1	6	0	0	1	O
*OSO/3=O	1	1	4	0	3	0	1	0	0	0	0	0	-	0	0	0	O
*OSO/3O/3=O	1	1	5	0	4	0	1	0	0	0	0	0	-	0	0	0	O
*OSOCCCl/3=O	1	1	7	2	3	0	1	0	1	0	0	0	-	0	0	2	O
*S(CCCCCC$3/6)I	1	1	8	6	0	0	1	0	1	6	1	1	6	0	0	0	S
*S(CNCCCCCC$5/6N$3)	1	1	10	7	0	2	1	0	0	9	2	2	5,6	0	0	0	S
*S*/2=O	1	1	2	0	1	0	1	0	0	0	0	0	-	0	0	0	S
*SC(CCCCCC$4/5)I	1	1	9	7	0	0	1	0	1	6	1	1	6	0	0	1	S
*SCC(CCCCCC$5)	1	1	9	8	0	0	1	0	0	6	1	1	6	0	0	2	S
*SCC/3C	1	1	4	3	0	0	1	0	0	0	0	0	-	0	0	3	S
*SCCC	1	1	4	3	0	0	1	0	0	0	0	0	-	0	0	3	S
*SCCCCCCCCCC	1	1	11	10	0	0	1	0	0	0	0	0	-	0	0	10	S
*SCCCCCCCCCCCCCCCC	1	1	17	16	0	0	1	0	0	0	0	0	-	0	0	16	S
*SCCCCO/6=O/5=O/2C	1	1	9	5	3	0	1	0	0	0	0	0	-	2	1	4	S
*SCCCN	1	1	5	3	0	1	1	0	0	0	0	0	-	0	0	3	S
*SCCCN/2C	1	1	6	4	0	1	1	0	0	0	0	0	-	0	0	3	S
*SCCCO/5=O	1	1	6	3	2	0	1	0	0	0	0	0	-	1	1	3	S
*SCCC^SCO/6=O/5N/2C	1	1	9	5	2	1	1	0	0	0	0	0	-	1	1	4	S
*SCCC^SCO/6=O/5N/2CCO/11=O	1	1	12	6	4	1	1	0	0	0	0	0	-	2	2	4	S
*SCCN/2=O/2=O	1	1	6	2	2	1	1	0	0	0	0	0	-	0	0	2	S
*SCCO/4=O	1	1	5	2	2	0	1	0	0	0	0	0	-	1	1	2	S
*SCC^RCC/5=O/4NCC	1	1	9	6	1	1	1	0	0	0	0	0	-	1	0	4	S
*SCC^RCNC^SCNC^SCO/11=O/10CO/8=O/7CO/5=O/4NCCCCCCCCCCCCCCCC/21=O	1	1	36	25	7	3	1	0	0	0	0	0	-	4	1	16	S
*SCC^RCO/5=O/4NCC/9=O	1	1	10	5	3	1	1	0	0	0	0	0	-	2	1	3	S
*SOPO/4O/4=O	1	1	6	0	4	0	1	1	0	0	0	0	-	0	0	0	S
*SS*/3=O	1	1	3	0	1	0	2	0	0	0	0	0	-	0	0	0	S
*SSC=^ECNC(CCNCNC$8/11)C(/9)N/6C=O/5C/4CCO	1	1	20	12	2	4	2	0	0	6	1	1	6	1	0	5	S
*SSC=^XCNC(CCNCNC$8/11)C(/9)N/6C=O/5C/4CCO	1	1	20	12	2	4	2	0	0	6	1	1	6	1	0	5	S
*Se	1	1	1	0	0	0	0	0	0	0	0	0	-	0	0	0	Se
*SeCCC^SCO/6=O/5N	1	1	8	4	2	1	0	0	0	0	0	0	-	1	1	4	Se
*SeCCC^SCO/6=O/5N/2C	1	1	9	5	2	1	0	0	0	0	0	0	-	1	1	4	Se
